"Sample","Layer (cm)","Mechanical Composition","FC (%)","Soil Density (g/cm³)","pH","Soil EC (mS/cm)","Nitrogen (mg/kg)","Phosphorus (mg/kg)","Potassium (mg/kg)","Humus (%)","Mg (mg/kg)","S (mg/kg)","Zn (mg/kg)","Mn (mg/kg)","B (mg/kg)","Fe (mg/kg)","Cu (mg/kg)","Microorganisms (CFU/g)","crop"
"NMNX-133","0-20 sm","Loy","22.546948443002","21.915338675851","6.3809119476802","0.47279302247724","32.21","15.550941707007","242.06240449994","1.73","368.65","64.22","2.13","7.4","2.98","91.32","0.42","307887329","Bug'doy"
"NTXM-142","","Loy","23.068894468124","24.65802571797","7.3974617603368","0.4437854077754","42.17","15.430214963223","208.3792679188","","","61.93","3.55","6.67","1.74","60.04","","659116321.75","Bug'doy"
"NMNT-135","0-20 sm","Gill","28.543982538392","18.119925437831","7.1794620903755","0.51096952989196","32.81","16.954524219544","283.12614292789","1.94","351.65","36.19","1.79","8.6","1.26","61.24","0.55","396226636.41","Bug'doy"
"NTXM-143","0-20 sm","Qum","28.895293928078","17.094671878664","6.9268693945384","0.49047270380082","46.08","17.037838671578","273.80652968891","2.34","392.68","43.05","2.35","8.17","2.41","19.54","1.06","650915213.95","Bug'doy"
"NMNX-135","0-20 sm","Gill","25.877822715215","28.122236409072","6.3948941532725","0.48508932117726","12.65","17.711320119589","254.57415421123","1.69","314.03","","1.24","6.43","1.19","25.84","0.34","830073484.84","Bug'doy"
"","20-40 sm","Loy","20.034775619415","19.81987901166","6.1739356498449","0.30697929856217","38.03","15.854030173129","155.15762154527","1.41","349.95","61.91","1.96","8.17","0.8","69.25","0.59","1822676191.29","Bug'doy"
"NMNX-14","0-20 sm","Qum","31.296355697277","23.514324562887","6.6380562807568","0.2940274255975","28","25.632629293259","234.84107954309","1.9","309.13","67.65","2.56","8.32","2.89","108.00","1.06","3057378892.09","Bug'doy"
"NTTM-106","20-40 sm","Gill","38.793199332361","24.814596567953","6.0413207128479","0.39621240885583","21.44","20.137998205411","254.47740206643","1.16","280.85","65.82","3.98","8","","97.00","0.98","411827518.99","Bug'doy"
"NMNX-15","0-20 sm","Gill","34.024550494461","26.905730521618","7.2398298798977","0.51267398028003","57.82","15.227164144779","174.24680379226","1.05","388.34","41.8","3.37","8.48","1.76","62.14","0.68","1063462517.17","Bug'doy"
"NMNX-136","0-20 sm","Gill","36.725798711572","15.271387571745","7.0132785611302","0.55348890789763","36.75","15.659381938021","299.80747388977","0.89","348.78","52.94","3.27","7.8","2.48","22.42","0.72","56333032.34","Bug'doy"
"NMNX-137","0-30","Gill","34.443313907809","23.782732633222","6.1298655598801","0.37612065778066","42.81","28.191012070974","223.44269390495","2.01","349.67","35.05","3.21","7.99","1.29","45.40","0.47","1462955360.08",""
"NTXM-146","0-20 sm","Loy","21.219275839587","26.396863512916","6.5496049496637","0.49874946450799","58.94","28.075879367774","172.00154640366","0.92","","55.48","3.6","7.58","2.18","87.45","0.68","1757643840.86","Bug'doy"
"NTTM-107","0-20 sm","Gill","26.576689674718","21.035941696216","7.2347890529253","0.48828800839139","38.82","22.305570901603","231.94702535336","2.02","382.76","469.31","2.1","7.86","","62.96","0.7","525777027.61","Bug'doy"
"NMNX-137","0-20 sm","Qum","33.683667549852","26.851505752623","6.1892459145923","0.36764575500696","72.8","15.739417287266","210.48416690904","1.49","406.23","448.35","1.5","9.75","1.87","19.76","0.74","1787403719.78",""
"","0-20 sm","Gill","36.997702136805","24.404966904497","6.856645416116","0.30074678523422","16.68","24.585258326354","269.50280793146","0.81","274.53","437.27","2.51","6.55","2.08","13.81","0.59","672566536.1","Bug'doy"
"","0-20 sm","Qum","39.831181323195","17.195926987601","6.966845360399","0.24514030704121","43.03","16.082431612948","156.94803889025","1.73","403.58","379.64","1.87","6.2","1.99","19.61","0.93","554719975.18","Bug'doy"
"NTXM-147","20-40 sm","Gill","29.687516211051","29.378604296141","6.2743013772958","0.34447844807806","32.92","25.036741266236","174.06469061342","0.82","327.9","444.03","1.29","9.95","1.47","12.29","0.83","2929507587.65","Bug'doy"
"NMNT-139","0-20 sm","Loy","23.635315492063","17.324260412042","6.241591829777","0.53807431012836","34.05","24.612487712041","203.27745594066","1.75","332.2","428.32","1.62","8.7","1.77","15.21","0.82","633195480.86","Bug'doy"
"NTTM-108","0-20 sm","Gill","36.973179434022","29.0761421924","7.2152865760399","0.37941541537913","33.95","29.910289409","272.36694285903","1.94","","392.51","1.31","7.3","2.62","25.05","0.51","978990984.32","Bug'doy"
"NMNT-140","20-40 sm","Qum","37.207201395783","26.615233128144","6.7665636204547","0.42709940788751","36.41","26.286533074777","153.66233510685","1.58","287.84","428.86","3.26","6.68","2.62","39.11","1.19","2467136767.13","Bug'doy"
"NMNX-139","0-20 sm","Qum","34.348803828705","28.308682892906","7.4191280668151","0.58853086047851","22.41","19.597540005231","206.3373653431","1.68","279.56","419.22","2.19","9.53","1.56","21.08","0.74","388569848.15","Paxta"
"NMNX-140","0-20 sm","Gill","27.679109368345","19.847967572206","6.1554561376148","0.43097347383385","48.79","29.576946799736","157.44246599959","1.45","385.04","401.55","1.65","8.15","2.53","23.21","0.7","133416010.31","Bug'doy"
"NTXM-149","20-40 sm","Qum","21.265709920604","15.020218639906","7.0372933689324","0.5468471782989","13.83","26.425475435264","270.38713909409","2.13","322.09","457.09","3.73","9.16","1.5","32.73","0.47","319259296.61","Bug'doy"
"NMNT-141","0-20 sm","Loy","29.76374954894","26.221931231065","6.2588694473589","0.29763814857722","60.59","27.238078557511","277.14490000548","2","404.43","418.15","0.83","8.17","2.41","18.93","0.89","1274647289.45",""
"NMNX-19","0-20 sm","Loy","27.654528909036","26.226959661204","7.3413024107112","0.41043866099594","24.14","19.800710598693","205.63264950682","1.57","297.47","398.38","1.83","7.71","1.52","49.18","0.64","666341544.79","Bug'doy"
"NMNX-140","0-30","Gill","35.882491077587","17.0233423131","6.4481250623072","0.44636011257665","18.25","29.432420191019","255.46440958618","1.79","308.81","477.77","1.59","8.69","0.94","39.74","0.89","222397367.38","Sabzi"
"NTXM-149","0-20 sm","Yengil qum","36.48878960974","26.092298660144","7.1727087699606","0.44695388441082","53.62","27.427224705756","295.38251056669","1.45","386.33","378.85","1.93","9.08","1.48","31.46","0.69","202516563.06","Bug'doy"
"TSPD-1998","0-30","Gill","30.44121878757","16.071652845689","6.5429531987712","0.59907482205862","13.71","24.904230006182","196.22044709215","0.59","281.52","423.44","2.71","8.14","1.44","71.33","0.33","2603703293.77","Makkajo'xori"
"Karta-109","0-20 sm","Loy","39.54187406003","20.725535827849","6.5771454255423","0.2986737019988","71.64","17.240304095856","181.10272717878","1.53","349.45","434.22","3.51","9.65","1.77","31.02","0.96","388569848.15","Sabzi"
"NTTM-111","0-20 sm","Yengil qum","34.667104871907","18.347713112749","6.6412660297458","0.46466136725942","16.38","28.219411015155","198.5956605548","1.94","302.02","406.81","3.82","","1.32","18.68","0.19","133074504.26","Bug'doy"
"NMNX-382","0-30","Gill","23.30287815119","26.403334119776","7.4281100092039","0.25720616912809","12.32","29.821893000801","204.73271755896","0.81","343.08","415.93","3.26","6.76","2.95","14.89","0.26","319259296.61","Makkajo'xori"
"NTXM-150","0-20 sm","Yengil qum","32.907640474368","16.654199500995","6.9020403861196","0.55894532430048","24.49","21.590480703554","186.6252926067","2.16","294.12","388.29","3.2","7.88","1.16","22.18","1.05","1274647289.45","Sabzi"
"TSPD-1999","0-20 sm","Yengil qum","33.178526892968","17.349087570051","6.1745609164817","0.25194648519103","30.17","25.604753046438","224.35963074458","0.56","347.6","361.92","3.91","5.93","2.26","79.10","0.72","211056557.87","Bug'doy"
"Karta-110","0-20 sm","Yengil qum","36.979080048878","24.787590727376","6.1500923303403","0.45594048302293","26.36","29.266227688383","269.17808626988","0.73","351.74","416.8","3.7","6.99","1.48","74.26","0.3","","Makkajo'xori"
"NTTM-112","0-20 sm","Loy","30.882547766492","17.395547466856","6.654485904406","0.42466653043711","48.67","24.723624341839","195.2482606669","1.4","372.22","410.2","3.39","6.14","1.03","14.53","0.9","673387269.53","Sabzi"
"NTXM-151","0-20 sm","Yengil qum","38.398251900371","16.250012195544","6.5460033156487","0.46219422417624","47.01","27.081266382116","294.89784571231","1.29","382.96","412.96","1.45","9.38","","10.96","0.3","2626785971.61","Bug'doy"
"TSPD-2000","20-40 sm","Loy","35.244695309724","21.811264766","6.1798960999822","0.53585703555841","60.28","19.324815129497","191.20713641516","1.84","399.38","450.71","2.37","6.39","1.88","13.52","1.02","1138722555.1","Makkajo'xori"
"NMNX-745","0-20 sm","Loy","32.302169259157","20.130672622716","6.8082599370983","0.46618130936965","42.33","28.349057337819","164.00291786335","1.02","314.89","396.86","2.87","9.64","1.62","19.01","0.15","2617802909.7","Sabzi"
"TSPD-2001","0-30","Gill","33.18030622283","17.965387076707","6.2765606004428","0.31845796549359","28","19.072228417157","175.56391108087","0.65","347.97","398.64","2.22","10.15","2.02","29.46","0.29","2098167562.79","Bug'doy"
"Karta-112","0-20 sm","Yengil qum","25.899252411225","25.618405339843","6.9765714615756","0.55067022468552","44.11","29.792249964955","232.59146296532","1.31","387.31","427.27","2.02","8.36","1.16","39.37","0.41","798899630.33","Makkajo'xori"
"NTTM-114","0-20 sm","Loy","36.380370448395","16.479680228505","7.4467856843507","0.24435965415978","15.5","26.964187376441","288.31735704251","1.22","347.51","451.42","2.55","9.03","1.12","13.25","0.42","1201899433.88","Sabzi"
"NMNX-987","0-30","Gill","25.837573039698","18.775485387078","6.5857205908821","0.29129414089756","58.34","18.87859923195","232.76684773068","0.49","369.11","361.35","0.92","8.86","1.43","20.77","0.52","2502090980.31","Bug'doy"
"NMNX-1108","0-20 sm","Yengil qum","29.949784623619","26.071816797098","6.9292420566423","0.59546626414318","33.12","19.18300084467","158.84318226898","0.9","335.61","406.52","1.21","8.72","1.55","33.05","","770617122.02","Makkajo'xori"
"TSPD-2002","0-20 sm","Loy","24.976824456795","21.186509778597","6.557766682946","0.56371337947375","18.31","27.444915119884","172.30519613325","","288.9","388.99","3.9","8.69","1.04","19.60","0.94","56620302.13","Sabzi"
"NTTM-115","0-20 sm","Yengil qum","35.985243138344","17.338082322843","7.1824321613678","0.26645260233297","40.09","28.396362258309","280.00494747873","1.2","367.49","409.43","3.72","7.73","2.21","14.12","1.05","1176455260.96","Bug'doy"
"NMNX-1229","0-30","Gill","28.439633121928","22.441567826645","6.9441147209371","0.37446354308711","52.4","16.026270806527","217.07267689827","1.98","362.51","427.92","1.82","9.1","1.4","23.59","0.7","675237654.85","Makkajo'xori"
"NMNX-134","0-20 sm","Yengil qum","36.785906711927","23.200535010586","6.5061765842404","0.41145738808552","66.41","23.940429223715","260.37895722703","1.37","360.99","412.32","0.58","10.25","0.6","13.02","0.83","2436579760.4","Sabzi"
"NMNX-135","20-40 sm","Gill","28.272071942811","25.296286382598","7.164439837302","0.2556788971971","24.39","16.996885661047","250.68247840782","1.72","301.02","422.32","0.93","7.74","1.83","21.96","0.91","985681995.09","Bug'doy"
"NTTM-105","0-20 sm","Loy","37.430246151207","26.468164031276","7.1588848473122","0.36843217178715","33.82","18.10037314808","173.53243792129","1.04","350.46","370.38","2.67","8.19","2.39","16.50","1.1","133074504.26","Makkajo'xori"
"NMNX-255","0-20 sm","Loy","25.696906035684","16.095695099042","6.3758895835291","0.27112018888353","20.18","28.58935241257","280.36607684924","1.13","326.57","387.42","3.81","8.28","0.83","26.61","0.36","133416010.31","Sabzi"
"","0-30","Gill","26.408376477226","17.191558973273","6.9620208200872","0.39688048016807","58.69","19.415190529022","256.63960235112","","399.88","361.46","0.63","6.97","1.38","133.08","0.91","1491513443.58","Bug'doy"
"NTTM-106","0-20 sm","Loy","23.60276492752","27.158300472456","6.0352080602418","0.57141244271567","43.75","29.047178965002","223.9121126073","1.81","310.68","411.36","","9.53","0.9","138.50","0.68","1467813343.66","Makkajo'xori"
"NTXM-145","0-20 sm","Yengil qum","34.429085181638","27.578393363348","6.6076381541136","0.48184277976253","50.46","21.511573648762","219.10048030792","1.03","331.57","420.94","0.56","8.49","","49.41","0.85","183286037.56","Sabzi"
"NMNX-137","0-20 sm","Yengil qum","25.761540483196","28.809690608226","6.3671838715327","0.33255569406673","31.66","17.335568574841","272.75436614275","2.27","333.62","416.28","2.44","9.5","2.41","51.77","0.37","361066200.2","Bug'doy"
"NTXM-146","0-20 sm","Yengil qum","23.032901028935","25.126773359556","6.2471103074276","0.40428459110008","35.34","25.233523800515","255.89717596998","1.03","353.21","384.63","3.42","5.99","1.32","13.08","0.64","","Makkajo'xori"
"NTTM-107","0-30","Gill","27.447566316027","29.37005878646","6.1930854364714","0.40241792220715","59.45","15.456032594323","242.77556225083","1.72","384.59","","1.7","9.09","1.55","9.53","0.22","1305972080.62","Sabzi"
"NMNX-257","0-20 sm","Yengil qum","22.474642214566","29.864470902466","6.3710703639802","0.45082578702457","31.45","28.397792888608","218.09077921166","1.92","362.04","467.07","2.03","9.04","1.78","11.85","0.78","57471080.85","Bug'doy"
"NMNX-378","20-40 sm","Gill","28.9260015239","23.002917385989","7.3625628027743","0.52440891036157","58.32","20.234568547372","169.45745441231","1.03","379.46","393.44","3.49","8.36","2.05","35.38","0.95","2178434542.63","Makkajo'xori"
"NTXM-146","0-30","Gill","34.467227892107","21.365890365914","6.0779293624467","0.21024966197378","31.44","28.174967633015","191.7782686815","0.77","379.29","359.57","2.01","8.41","1.33","18.80","0.53","614932682.22","Sabzi"
"NTXM-147","0-20 sm","Yengil qum","37.817613231333","26.407967868225","6.1166540037108","0.28108764567392","21.93","29.857903347441","254.62606056625","1.56","336.72","407.33","3.21","10.52","1.02","11.19","0.72","170852175.7","Bug'doy"
"NMNT-139","0-30","Gill","21.869516337377","20.324667929786","6.3208737248127","0.46698404367947","33.04","16.999889393413","226.60658780949","1.67","318.74","417.5","1.08","7.61","2.18","12.23","0.32","1164599020.73","Makkajo'xori"
"NTTM-108","0-20 sm","Loy","22.305135635166","22.597412674286","7.2188100077126","0.5752045179484","15.72","17.206893206801","248.74483070778","1.67","297.98","414.28","2.3","6.8","1","18.82","0.62","858003261.85","Sabzi"
"","0-20 sm","Yengil qum","38.711323990073","25.372141169982","7.4934353569148","0.29427407372688","18.64","24.803923213288","166.23952052376","0.34","321.6","389.51","1.38","","2.06","60.01","0.33","140277593.06","Bug'doy"
"NTXM-147","0-30","Gill","22.087525163815","23.26764381827","6.3983879419544","0.49319808232117","54.77","29.685701901079","251.46688489818","","409.47","376.04","2.8","","2.55","86.26","0.69","388569848.15","Makkajo'xori"
"NTXM-148","0-20 sm","Yengil qum","23.883974407251","20.265438302992","6.6281168544919","0.34380288157791","49.24","25.243273214608","265.46993003844","1.08","","444.06","2.13","5.71","1.38","74.56","0.72","133416010.31","Sabzi"
"NTTM-109","20-40 sm","Yengil qum","25.334119577685","25.335269345569","7.2641682122025","0.32668585373616","48.22","26.971014948671","244.61460109343","1.61","334.53","428.93","0.96","9.49","1.33","70.50","1.14","1274647289.45","Bug'doy"
"NMNX-259","0-20 sm","Yengil qum","23.39233498885","22.489854847972","7.1933892812687","0.48576125710404","60.17","29.724971861294","285.94389014647","0.72","347.16","431.07","2.36","7.3","2.56","95.77","1.16","327085523.89","Makkajo'xori"
"NMNX-380","0-20 sm","Loy","33.728708740822","27.2622317026","7.3662659585172","0.24046180232073","47.75","23.931292117995","209.51952859481","1.12","381.85","","2.53","10.71","1.35","32.67","0.58","1629931302.79","Sabzi"
"NTXM-148","0-20 sm","Yengil qum","33.31026238877","21.233903648628","6.6563330815984","0.25126196627696","59.87","19.483263230532","266.71483957577","0.41","402.58","447.8","1.49","","2.28","13.21","0.82","2466942986.55","Bug'doy"
"NMNX-140","0-20 sm","Yengil qum","28.030973399735","19.260266275833","6.145775910882","0.23274547351924","33.08","28.005484428547","203.32816016537","1.19","331.42","451.56","1.23","","1.79","11.67","0.36","381591586.19","Makkajo'xori"
"NTTM-110","20-40 sm","Loy","39.537955973641","15.626405255813","6.8780657984836","0.54269578683722","55.37","26.76981804321","231.17178591465","0.61","345.59","439.79","2.12","9.11","1.89","13.07","0.79","161378989.21","Sabzi"
"NMNX-260","0-30","Gill","36.023151299742","17.407175276089","7.0409371574217","0.25678347217712","36.97","16.844021086079","156.31117463617","0.79","367.04","468.64","0.5","9.89","1.02","11.57","0.7","2260473170.06","Bug'doy"
"NMNX-381","0-20 sm","Loy","34.544829622673","18.445861050739","6.1397621995946","0.21007222232812","42.25","29.092856804855","188.29801435945","0.79","330.74","419.83","2.48","9.4","3","15.00","0.6","","Makkajo'xori"
"NTXM-149","0-20 sm","Yengil qum","30.215354154149","22.284773476991","6.3660886875176","0.31772760567021","39.91","25.412626712073","263.51034655445","0.96","389.44","437.95","1.4","9.05","1.1","8.44","0.59","537717970.13","Sabzi"
"NMNX-141","0-20 sm","Loy","24.103382704473","25.032717612558","6.3289827420483","0.22387802014352","34","19.083987771458","248.69758862554","1.53","","421.83","0.77","6.58","2.03","16.96","","1907744144.52","Bug'doy"
"NTXM-150","0-30","Gill","23.548184122215","21.015231829612","6.0897346664139","0.2538424314386","28.76","19.798456639326","164.73025573894","1.92","339.45","421.76","2.55","5.77","0.89","13.05","0.97","","Bug'doy"
"NMNX-261","20-40 sm","Loy","31.079088482792","19.642006076118","7.1465018192365","0.54681587091676","30.35","21.727374687868","153.50136863421","","339.48","439.65","3.12","6.36","1.66","20.81","0.54","1894594696.75","Bug'doy"
"","0-30","Yengil qum","39.587099054745","27.934079338588","6.3088564084379","0.53873601654281","16.36","28.347056330788","208.55139533066","1.93","327.4","395.33","2.59","7.26","2.34","65.27","0.52","169139430.25","Bug'doy"
"NTXM-150","0-30","Yengil qum","34.593652706869","18.760270347171","6.8834338391112","0.44565735803273","30.25","15.245585298241","244.9252588051","1.54","330.3","418.76","3.56","8.78","2.53","17.64","0.86","391292889.81","Bug'doy"
"NTTM-112","0-30","Gill","38.56132807082","26.012587044975","7.0675755687417","0.33756864004829","29.66","29.477210084","225.12191083777","1.74","292.77","381.45","3.55","8.45","2.97","15.70","1.07","114350848.33","Bug'doy"
"NMNX-624","0-30","Yengil qum","28.43741093308","20.249730734772","7.468954965604","0.47525882478639","30.77","25.982993239652","238.68019772259","0.28","329.97","386.46","0.5","7.04","","14.85","0.44","419121576.93","Bug'doy"
"Karta-111","0-30","Gill","35.083508980248","24.009710372251","7.0604582508328","0.2721819656837","41.67","23.379549768015","263.58650821355","1.77","342.96","440.02","3.87","7.21","","42.88","0.89","465760993.93","Bug'doy"
"TSPD-2001","0-30","Gill","24.846674457927","18.688440624711","6.2323694066392","0.48306153293684","21.78","19.040715350113","267.08817768363","1.5","321.35","460.99","2.12","8.74","2.21","16.06","1","1443583293.86","Bug'doy"
"NTTM-114","0-30","Gill","27.027590048868","29.740064874153","6.6296158413182","0.46983034929512","24.18","27.749572395886","225.64510277811","1.75","325.95","402.64","2.91","9.74","2.5","20.75","0.79","1459701386.11","Bug'doy"
"NMNX-987","0-20 sm","Loy","26.071437537256","25.277037726981","7.3644510232956","0.20714863623099","49.33","20.569909969497","265.13586036283","1.74","347.07","380.23","1.05","11.02","1.78","13.16","0.68","253119681.28",""
"","0-30","Gill","21.535950581216","21.992990467503","6.2750747161148","0.56265330511309","20.5","21.457719199195","189.00453747244","1.88","298.17","432.35","3.7","8.82","1.92","13.40","0.56","1716825095.83","Bug'doy"
"TSPD-2002","0-30","Gill","22.983701152351","24.513721661868","6.3164195443621","0.49803977627835","59.69","24.247483984556","229.47569571054","0.77","","426.78","1.2","7.17","2.23","15.63","0.92","775034260.14","Bug'doy"
"NTTM-115","0-30","Gill","22.245402069092","19.66443400739","6.5820669850933","0.46928694012958","40.26","16.828096642376","251.0101113243","1.29","329.78","411.27","2.13","8.6","1.34","27.08","1.11","69320588.39","Bug'doy"
"NMNX-1229","0-30","Gill","28.532394899601","19.744632681508","6.5459748681059","0.43649675263711","55.7","26.899328343361","236.6791338755","1.15","376.96","461.86","2.21","7.45","1.9","33.34","0.84","1789134544.65","Bug'doy"
"TSPD-2003","0-20 sm","Loy","37.923016273823","27.975591326533","6.6758190956923","0.52167964675911","54.11","19.736280532205","187.49881966349","1.98","","420.38","2.6","8.82","2.02","21.31","0.74","2096758568.44","Bug'doy"
"","0-20 sm","Yengil qum","36.852571752215","24.949776919259","6.7168294134331","0.24662035739897","26.54","18.133493340287","295.98405102009","1.24","360.61","446.33","3.49","7.56","2.23","38.20","1.08","2506113870.94",""
"NTXM-144","0-20 sm","Loy","36.569746099858","20.84665132379","7.0821649224881","0.22105101439697","19.06","26.018022662306","279.57278207768","1.06","319.4","426.71","3.42","7.66","1.17","25.33","0.57","1655220343.28","Bug'doy"
"NMNX-136","0-20 sm","Loy","20.918623607129","16.337769617509","7.4812488750909","0.23712850267434","35.46","16.518957301284","292.478182082","1.11","366.76","420.54","2.41","8.48","1.66","11.52","1.12","536664547.79","Bug'doy"
"NTTM-106","0-20 sm","Yengil qum","20.49159664097","16.331129847953","7.1052109897388","0.55823577677997","41.82","28.855308287502","164.78054597553","1.68","346.81","","2.42","8.82","2.04","15.44","1.02","","Bug'doy"
"","0-20 sm","Yengil qum","23.982947775216","20.099575041757","6.6214034945552","0.23301096092129","27.72","29.047878597711","276.06448416516","1.79","389.38","398.85","3.11","7.24","2.26","15.03","0.92","267769462.79","Bug'doy"
"NMNX-618","0-20 sm","Yengil qum","26.946049549522","16.24144862168","7.0264091119619","0.40361980895517","34.02","28.020517528824","200.68909573199","0.55","341.62","423.41","2.04","9.4","","11.03","1.04","2417087893.82","Bug'doy"
"NTXM-146","0-20 sm","Loy","20.422312448762","18.045273564162","7.1884387351026","0.41760157690373","16.42","16.743254370345","295.80747504825","0.92","316.27","447.66","0.66","7.41","1.55","10.86","0.97","","Bug'doy"
"NMNT-138","0-20 sm","Yengil qum","33.166740182628","15.832912504507","6.9883858144038","0.57744707594934","23.25","16.244819658226","156.47891624792","1.1","289.55","445.83","1.21","8.52","1.8","19.64","0.87","","Bug'doy"
"NMNX-498","0-30","Gill","38.42570069583","18.535029575552","7.0234585713425","0.46646434818813","41.74","24.42212975697","235.75749498152","1.97","376","448.55","3.5","6.01","","10.32","0.94","574453380.89",""
"NMNX-619","0-30","Gill","28.046911574717","27.914675012112","6.2486217853774","0.20216162959028","61.97","25.241640115242","257.08069372782","2.41","379.27","406.66","2.18","5.5","2.42","22.18","0.77","97208008.16","Bug'doy"
"NMNT-139","0-20 sm","Loy","36.43484078488","25.853126352823","7.4446538704874","0.20375296215564","19.65","20.322855797905","284.14945928495","1.23","","400.53","1.86","7.52","1.94","98.06","0.99","982798103.73","Bug'doy"
"NMNX-620","0-30","Gill","37.931656303396","24.360019738613","6.7200699125546","0.23455070169515","15.39","16.312218780001","203.70508659633","0.9","","399.03","3.29","8.09","1.74","11.65","0.54","115627570.41","Bug'doy"
"NTXM-147","0-20 sm","Yengil qum","24.859582254891","21.4766116041","7.352378047945","0.25239496628126","36.78","28.497669497332","287.01821553512","1.32","356.66","379.99","1.89","8.53","1.46","29.01","0.98","1742108801.44","Bug'doy"
"NMNX-139","0-20 sm","Yengil qum","37.804418550332","18.201375079856","6.1178919911091","0.56512633142358","18.69","21.52033659044","249.15755763915","0.76","302.88","355.84","3.23","8.44","1.56","24.25","0.46","980710821.94","Bug'doy"
"NTXM-148","0-20 sm","Gill","23.863178378925","22.092060180288","6.8759495753358","0.43842932064813","54.14","22.242687134499","235.25863610326","","352.41","435.51","0.86","9.38","2.03","53.32","0.96","605148748.78","Bug'doy"
"NTXM-148","0-20 sm","Gill","38.631879701603","20.611166225043","6.0524305384642","0.55099279254122","15.84","16.773249730051","160.47157789366","1.52","312.03","466.89","1.52","10.18","","14.78","1.19","","Bug'doy"
"NMNX-140","0-20 sm","Gill","27.788668773264","28.641168256267","6.0560860357248","0.38353450630548","51.44","24.32446225834","275.61310712852","1.25","340.64","409.08","3.34","9.55","1.56","16.13","1.33","1281434988.25","Bug'doy"
"NMNT-141","0-20 sm","Gill","27.968465275225","18.893497553664","7.1231604437059","0.34723904792068","32.79","20.662983372516","260.01223156604","2.18","291.98","467.52","3.89","9.2","1.55","31.95","1.04","383609065.6","Bug'doy"
"NTTM-110","0-20 sm","Gill","24.609292499879","16.299473046407","7.3715520745276","0.36116430749252","42.8","28.047144799454","161.9345215373","0.65","339.55","432.04","1.37","6.3","","23.09","1.03","986269486.7","Bug'doy"
"NMNX-622","0-20 sm","Gill","31.970051009012","25.073544955081","6.3839819639698","0.25609463353445","33.19","29.676848417179","172.15586370035","0.6","328.8","380.33","0.5","7.74","2.32","7.29","1.14","961480780.39","Bug'doy"
"NTXM-149","0-20 sm","Gill","28.405713472692","26.591161818363","6.9520416414926","0.31642807321388","60.76","26.451718486846","183.0821320075","1.55","363.1","461.48","3.9","8.18","1.42","7.42","0.88","","Bug'doy"
"NTXM-150","0-20 sm","Gill","21.620174672828","15.229944950586","6.4790125305249","0.50342259827829","50.71","22.08184187132","166.41552664387","1.09","353.18","426.16","1.22","9.08","2.05","29.85","0.85","1885638135.12","Bug'doy"
"NMNT-142","0-20 sm","Gill","39.884305499329","20.5986230877","7.3595692928927","0.468664247476","16.7","15.254509310014","271.88279577671","1.9","277.4","397.4","0.56","6.59","1.17","24.00","1.11","","Bug'doy"
"NMNX-623","0-20 sm","Gill","22.460261745092","29.826572271886","6.7375029712916","0.22104761499391","21.14","17.58731858818","176.14140552006","0.28","339.74","442","3.76","5.75","1.86","21.73","0.71","1824154646.46",""
"NTXM-150","0-20 sm","Gill","21.698813270365","17.716252268496","6.9875686492334","0.36318920623052","16.29","18.547313882248","175.99722944038","2.15","323.58","388.16","1.67","","0.9","21.79","1.3","678256059.39","Bug'doy"
"NMNX-142","0-20 sm","Gill","30.11895792965","19.042458477155","6.2131997383712","0.3353987887144","50.59","15.260995132499","246.79599428775","1.68","369.48","426.98","1.88","7.58","1.9","18.17","0.63","155907355.47","Bug'doy"
"NTXM-151","0-20 sm","Gill","33.453050130243","26.352531306552","6.2732087323134","0.53916830973882","25.34","24.172624902481","199.43702771415","0.96","336.7","462.99","3.52","8.51","2.13","18.47","1.08","785803298.39","Bug'doy"
"NMNX-624","0-20 sm","Gill","20.840706595696","17.964103155193","6.3268827067901","0.5919851179219","18.49","22.115450681385","276.10176849954","1.03","321.87","460.72","3.6","7.03","2.67","32.17","1.24","","Bug'doy"
"NTTM-113","0-20 sm","Gill","28.296886513191","16.081267673581","6.1224460848767","0.43816132796992","63.41","26.739806506687","262.63480055843","1.23","429.91","406.01","1.33","9.41","2.07","26.51","0.77","502357439.73","Bug'doy"
"NMNX-745","0-20 sm","Gill","23.576335810377","24.342938117927","6.9026197148672","0.30970837570753","61.33","15.692348621879","157.04802581745","1.01","427.88","442.84","2.85","9.4","1.36","25.04","1.11","1756389589.99","Bug'doy"
"NMNX-866","0-20 sm","Gill","38.599866220294","29.229273207598","7.2525879554275","0.54938278661388","43.03","16.730004283755","290.62185988541","2.56","334.42","377.19","1.45","6.88","","13.84","0.9","193028797.22","Bug'doy"
"NTXM-152","0-20 sm","Gill","26.832874205762","21.254169193749","7.2628828352928","0.35401783477485","69.57","24.640517184576","212.60140438389","1.81","400.29","438.34","2.82","","1.84","43.94","0.87","2072508983.6","Bug'doy"
"TSPD-2001","0-20 sm","Gill","38.837828060571","15.929902071725","7.4747725467608","0.31826586029702","62.74","24.359602616948","282.38450221682","0.66","433.67","347.34","0.86","11.24","2.08","75.35","1.13","1136203723.67","Bug'doy"
"NTTM-114","0-20 sm","Gill","25.551104024943","18.501775633646","6.1795850476243","0.34804666669702","19.03","23.026323763002","216.76606557804","1.37","302.26","454.9","3.6","6.63","2.02","109.36","1.02","1094792461.81","Bug'doy"
"NMNX-1108","0-20 sm","Gill","27.798496844184","25.921547048093","6.8669292343925","0.21282450315616","22.07","23.386888642797","272.6927147204","1.48","308.84","","3.21","7.06","","97.02","0.58","258170422.98","Bug'doy"
"TSPD-2002","0-20 sm","Gill","28.654068905087","20.313227496744","6.7764996211927","0.46877118024491","30.96","22.49872328024","162.64976630602","1.97","309.61","499.38","0.83","6.64","","87.40","0.59","","Bug'doy"
"NTTM-115","0-20 sm","Gill","27.003988872925","19.276200046595","7.1318941032211","0.29915977837714","59.68","24.788432135582","264.18323853086","0.91","345.81","382.88","1.87","10.05","1.59","78.42","0.46","1369189809.13","Bug'doy"
"NTXM-154","0-20 sm","Gill","20.469066440157","20.482377456044","7.2858057302141","0.3293924775364","13.46","17.461523575505","244.77154768891","0.71","345.11","428.88","1.35","","2.15","98.45","1.22","210294384.49","Bug'doy"
"NMNX-1592","0-20 sm","Gill","21.161141891904","16.271004484651","7.1505335343324","0.49626214139186","35.87","17.94122891821","234.26882676053","1.27","340.77","31.3","1.67","8.72","1.9","37.51","0.63","702077568.14","Bug'doy"
"NMNX-1231","0-20 sm","Gill","29.092253956343","19.302146374567","6.1210655276955","0.47199612458977","39.86","15.616850286162","204.30342325216","1.92","363.45","38.63","2","5.92","2.79","37.08","0.73","465288143.18",""
"NMNX-136","0-20 sm","Gill","38.543473912472","25.349096093047","6.3925748522592","0.41480370333186","34.94","27.252778271911","294.24091247986","2.09","345.28","36.13","1.39","10.58","1.44","20.35","","190478366.8","Bug'doy"
"NMNX-137","0-20 sm","Gill","34.303436411639","26.352120393174","6.8120854646123","0.31403396828682","42.18","27.259560765516","182.93659619445","0.42","345.35","32.12","0.53","8.35","2.21","32.31","1.26","1659031842.25","Bug'doy"
"NTXM-146","0-20 sm","Gill","32.288008394579","24.734454172048","7.0798577672176","0.37431164899494","47.94","27.418916544721","201.80162529099","0.72","335.99","","2.48","8.28","","27.54","0.67","239599177.96","Bug'doy"
"NMNT-138","0-20 sm","Gill","39.104921277903","26.43910750406","6.0103891688353","0.45891027674584","26.23","26.549213737456","201.7304167197","","319.57","35.01","2.67","7.19","1.45","20.30","0.54","370199852.75","Bug'doy"
"NMNX-739","0-20 sm","Gill","22.058404761209","24.534605355761","6.8506898640642","0.20036488941826","18.88","19.003988044854","226.09557055983","0.82","282.16","39.91","0.85","","1.11","32.93","0.82","1557124995.8","Bug'doy"
"NTXM-146","0-20 sm","Gill","22.658517419836","16.505496107761","6.2909640102571","0.4263560327503","23.74","17.552020346826","273.15703573776","1.38","288.15","36.77","0.62","7.27","1.38","21.82","0.62","643183963.86","Bug'doy"
"NMNT-139","0-20 sm","Gill","30.093613057419","22.002002926625","7.1741675250437","0.433466174466","59.82","15.073652416473","189.57845797199","1.38","416.09","32.91","2.28","8.08","0.8","21.79","0.72","","Bug'doy"
"NTTM-108","0-20 sm","Gill","27.878979520233","26.983337441589","6.7084823644785","0.58292275811196","42.37","28.761639359955","212.62550105678","1.66","353.14","30.05","3.41","7.91","1.35","26.21","0.7","111941046.74","Bug'doy"
"NMNX-861","0-20 sm","Gill","31.5089559246","21.849019519166","7.0093326949693","0.33029241196192","38.94","18.448946421448","183.24103328934","1.89","312.17","39.48","1.19","7.88","2.5","59.31","1.09","76707220.88","Bug'doy"
"NTXM-147","0-20 sm","Gill","22.344407919003","26.106350261705","6.6818670483529","0.52364682146565","22.68","29.084456265963","239.09076063978","1.03","281.03","37.61","3.9","7.73","2.15","49.42","","478283511.63","Bug'doy"
"NMNX-139","0-20 sm","Gill","29.138483304687","25.970301076699","6.6451821205647","0.36775295051682","53.53","25.880953744848","203.65502396946","0.75","362.1","42.86","0.68","7.33","1.72","14.65","0.85","612975373.9","Bug'doy"
"NMNT-140","0-20 sm","Gill","27.567835391312","19.537758978589","7.3767822239382","0.26068146639402","54.74","15.648689449143","250.01845093235","0.63","364.85","33.9","2.77","7.22","1.89","28.09","1.02","","Bug'doy"
"NMNX-862","0-20 sm","Gill","30.467515392166","22.954611529889","6.0282364015959","0.5643618295078","24.46","29.735765476356","275.8681740254","1.22","320.19","43.05","2.45","8.26","2.5","40.18","1.04","",""
"NMNX-140","0-20 sm","Gill","27.258436382719","18.596745206323","6.6959580002929","0.40239715900582","27.43","29.369584189754","263.26463874446","1.25","331.56","","3.14","6.61","2.52","57.03","0.91","","Bug'doy"
"NTXM-149","0-20 sm","Gill","35.061844515219","21.74070981437","6.6108256897775","0.58797197144287","24.2","29.316765985484","157.76911337006","1.48","374.69","39.13","0.94","10.07","3.35","18.65","0.76","2794514490.96","Bug'doy"
"NTTM-110","0-20 sm","Gill","33.940345990043","20.779748834862","6.9347666143237","0.58651362986459","26.15","19.601754736753","280.30884789612","0.56","377.71","30.01","3.79","7.39","1.33","26.19","1.24","","Bug'doy"
"NTXM-149","0-20 sm","Gill","29.244895153704","22.068451077753","6.532252802494","0.34518418183344","43.16","18.879612601432","155.54770402375","3.24","","32.23","0.87","","","18.48","","718204758.83","Bug'doy"
"NMNX-141","0-20 sm","Gill","27.224420326462","27.112761717527","6.2523629721659","0.25468499329299","34.36","15.069531348578","153.69239127873","0.6","305.72","34.37","1.91","9.24","1.57","7.24","0.41","865736865.02","Bug'doy"
"NMNX-864","0-20 sm","Gill","31.769490858289","15.041382065897","6.7187873409508","0.53642843916056","38.01","26.917966745365","175.27558713139","0.66","324.8","34.15","2.56","8.67","1.43","13.96","0.99","2195407546.91","Bug'doy"
"NMNX-142","0-20 sm","Gill","35.443957441945","29.956762971891","6.8623211503073","0.40153448008657","27.5","17.610670341476","246.66429926574","1.01","360.15","38.62","0.77","10.67","2.11","15.86","1.03","662568820.18","Bug'doy"
"NTXM-151","0-20 sm","Gill","30.996713180716","15.569015595467","7.2538362393553","0.37060761535361","57.29","21.151579090814","281.15005737665","1.01","","35.8","1.01","","2.64","14.51","1.04","659208253.04",""
"NMNX-865","0-20 sm","Gill","37.208919595366","26.769296255554","6.4783445455637","0.48424895582935","19.34","17.970201115088","187.59752495431","0.85","296.21","38.26","3.51","7.84","2.89","11.32","0.83","231972208.63","Bug'doy"
"NTXM-152","0-20 sm","Gill","32.986306766233","29.347941898938","6.4083426143009","0.39173819624655","36.12","21.606676200156","220.3588532243","1.52","372.43","40.91","1.29","9.94","2.11","17.11","0.39","99958656.21","Bug'doy"
"NMNT-144","0-20 sm","Gill","26.69642885144","18.383953405651","6.3563225815651","0.27873388541199","19.85","28.10676332469","258.68081271304","0.73","274.08","33.97","3.47","","","13.70","0.21","483007088.65","Bug'doy"
"NMNX-866","0-20 sm","Gill","34.008887772327","29.456543600608","7.4302056045909","0.50660425875764","53.72","22.852114478739","286.16794672413","0.98","348.22","36.24","3.26","7.25","1.77","13.35","0.8","1059028191.21","Bug'doy"
"NTXM-152","0-20 sm","Gill","33.933634968124","27.092000702302","6.7734012835017","0.21956459480299","24.49","27.539876741486","222.26061467149","1.56","296.1","33.39","2.7","6.94","2.12","9.77","0.7","163876549.27","Bug'doy"
"NTTM-114","0-20 sm","Gill","35.978809722793","18.796319914768","6.2657755637836","0.34943598409613","25.04","20.235453162874","266.13861258691","1.65","270.3","","3.66","9.14","1.32","12.13","1.2","1837721124.66","Bug'doy"
"NMNX-987","0-20 sm","Gill","21.331011885896","21.485981917541","6.029162432394","0.41470803698507","58.29","22.362335302982","235.31585518827","1.25","357.49","","3.13","7.23","","9.88","0.59","1441666452.3","Bug'doy"
"NTXM-153","0-20 sm","Gill","20.705282272007","26.34998911769","7.3241841319379","0.54402369698928","13","26.132311060842","186.8167321056","1.99","295.13","","1.33","6.61","2.32","7.42","0.51","","Bug'doy"
"TSPD-2002","0-20 sm","Gill","37.805199575788","23.900108737873","7.3981378648343","0.22544243591844","50.76","19.238243458383","247.4032026391","1.04","335.28","","2.65","8.14","2.8","12.12","0.61","138317936.31",""
"Karta-113","0-20 sm","Gill","29.486554287012","24.939328953892","6.3758512939372","0.57320124008691","24.59","21.777165430337","270.39471691457","1.25","301.33","37.51","3.89","6.54","2.15","11.54","1.1","112978409.56","Bug'doy"
"NMNX-1229","0-20 sm","Gill","22.394223146671","27.341283142002","7.2648717496057","0.54184150032096","37.77","27.722467884955","220.78950394551","0.64","317.17","32.16","2.13","9.53","2.7","11.56","1.32","1056013257.59","Bug'doy"
"TSPD-2003","0-20 sm","Gill","24.647896582543","15.812057883418","6.9513167162709","0.36865202205341","50.28","28.693045721755","249.50459509944","1.45","333.76","35.41","0.83","","3.24","8.01","0.9","469308849.05","Bug'doy"
"Karta-114","0-20 sm","Gill","37.947335784387","18.275583096877","7.0411818556466","0.54729871485448","24.65","22.064529347015","274.95090630046","1.41","329.85","36.04","2.8","9.43","1.62","22.50","0.6","1830669841.11","Bug'doy"
"NTTM-116","0-20 sm","Gill","33.512015347987","26.570141492841","6.3198107262787","0.54218971752905","64.37","26.559781314919","227.60270384762","0.96","394.4","43.81","1.35","6.54","","13.92","1.07","","Bug'doy"
"NMNX-1592","0-20 sm","Gill","33.66864200455","17.561123439133","6.2395401667175","0.46564812013481","49.7","17.10235038273","160.14513783802","0.85","365.48","42.81","1.09","8.88","1.51","19.87","0.62","2480471560.51","Bug'doy"
"NTXM-155","0-20 sm","Gill","26.732765403352","16.95107489952","6.1814809397549","0.26478415800413","11.47","20.70301572326","205.24144671325","1.41","271.74","30.1","2.63","8.22","2.06","18.94","1.08","832621090.74","Bug'doy"
"TSPD-2004","0-20 sm","Gill","20.960889061178","22.713953044221","7.2547671178422","0.28586463056864","45.9","29.791234288644","209.2628533097","1.04","368.9","38.21","0.88","7.17","1.12","90.77","1.02","76059566.37","Bug'doy"
"","0-20 sm","Gill","32.781512805497","23.653283795471","7.2641618672229","0.47377891568426","26.13","19.013527487434","185.23450611143","2.26","","38.58","3.54","7.8","1.02","78.82","0.77","2843315109.83","Bug'doy"
"TSPD-2005","0-20 sm","Gill","39.74480765277","21.004791916758","6.4742491888881","0.37019527565454","33.29","28.531235000905","217.50118847153","0.61","332.12","34.73","3.93","8.76","3.03","106.18","0.97","1433826750.13","Bug'doy"
"","0-20 sm","Gill","32.923650163116","20.514349188183","6.9903332300425","0.23614089695951","33.49","16.912397423135","279.91323674641","1.08","296.75","41.98","1.39","7.43","2.37","65.70","0.33","56105242","Bug'doy"
"NTTM-118","0-20 sm","Gill","33.240950466756","22.045548076477","6.1183034079266","0.43646750755874","27.31","24.654604179004","178.87360883973","1.04","","31.7","1.81","8.12","1.37","50.05","0.48","1980879387.62","Bug'doy"
"NMNX-1232","0-20 sm","Gill","38.059100141441","18.607237801786","6.025629019725","0.34901446407189","26.06","18.386417824381","223.18413850749","2.12","311.86","38.33","1.49","","0.93","6.60","1.11","606826758.45","Bug'doy"
"NMNX-137","0-20 sm","Gill","21.885790162826","26.249844733278","6.3336847705398","0.36625918870772","19.03","23.746301610259","298.86470109532","0.81","294.48","32.69","3.43","7.18","1.45","52.90","1","1603611557.28","Bug'doy"
"NMNX-138","0-20 sm","Gill","23.734495907292","19.953381942747","7.1962604384546","0.45374730171687","35.61","20.687460127562","216.28902815925","1.07","356.68","39.37","1.86","7.18","2.24","25.94","0.96","538380680.14","Bug'doy"
"NMNT-139","0-20 sm","Gill","21.028275333535","17.53121422112","6.2666586247554","0.28736937999116","48.02","15.723032808333","290.04112616609","1.57","329.66","37.45","1.29","9.72","1.36","26.87","0.59","292974876.89","Bug'doy"
"","0-20 sm","Gill","30.134352073133","24.159560074373","6.8737223329813","0.285663606687","30.19","23.571964937867","250.88485150383","1.48","355.43","30.76","3.37","6.18","1.42","18.97","0.43","1581836184.25","Bug'doy"
"NMNX-981","0-20 sm","Gill","25.011098725079","20.628340747597","7.0957077291273","0.425017739468","20.61","19.771205392773","191.87442654018","2.24","277.54","38.48","2.11","9.26","1.65","24.50","0.53","","Bug'doy"
"NTXM-147","0-20 sm","Gill","33.222278468228","25.711725066508","7.3305739407276","0.36986701409466","51.04","21.163068240149","258.96682608498","0.84","369.91","31.96","1.32","8.27","1.72","33.61","1.15","2709028365.9","Bug'doy"
"NMNX-982","0-20 sm","Gill","36.927905138321","28.147934172825","7.0923738596992","0.33051686085499","59.5","29.901159917215","263.61677459362","0.89","424.04","41.25","2.65","8.2","1.74","38.61","1.17","475616543.84","Bug'doy"
"","0-20 sm","Gill","28.453022122927","28.818776449269","7.2490820048139","0.59708017468203","30.57","19.651290498185","234.33331266699","1.79","334.49","30.73","0.76","8.49","1.82","50.69","0.84","383231133.13","Bug'doy"
"NTXM-148","0-20 sm","Gill","21.27994950455","19.410472473107","7.0026040158076","0.50456382449118","41.08","27.119318655551","154.59423471163","1.31","285.9","38.92","1.04","7.86","1.78","47.41","0.79","749912197.82","Bug'doy"
"NMNX-140","0-20 sm","Gill","20.562513789008","27.278095892986","7.4076616077646","0.32290561938499","19.02","24.688832611416","224.08536705937","1.92","278.67","41.42","3.99","","2.32","54.96","1.1","","Bug'doy"
"NTXM-149","0-20 sm","Gill","33.010933087944","20.992363724196","6.4195842226771","0.24661307910371","12.28","16.232788378028","162.92438152572","","323.29","31.19","2.55","6","","44.47","1.22","295648291.42","Bug'doy"
"NTTM-110","0-20 sm","Gill","33.631461534212","18.477458017772","6.2850372275597","0.32867897648733","48.81","26.679437440333","257.32421988027","","377.98","32.06","2.58","9.79","1.48","33.20","0.81","389840294.93","Bug'doy"
"NTXM-149","0-20 sm","Gill","24.059254387672","16.437499663433","7.3330554268635","0.28187211547414","42.11","25.264301593565","259.31479573806","0.65","352.37","33.45","3.15","8.75","1.33","50.61","0.59","111918275.91","Bug'doy"
"NMNX-141","0-20 sm","Gill","29.997891419021","29.339764007434","7.255733955375","0.50382092511714","25.22","29.59262682221","264.73401463365","1.39","318.15","34.96","0.98","8.79","2.86","61.65","1.16","1750306368.88","Bug'doy"
"NMNT-142","0-20 sm","Gill","23.465517792304","25.097776936691","6.0912383490643","0.52841187761085","40.41","17.738564201773","207.24191175729","1.6","347.28","30.54","0.51","7.35","2.2","37.20","0.63","","Bug'doy"
"NMNX-984","0-20 sm","Gill","32.815289940455","22.134957945067","7.2757821959739","0.58861731532897","42.5","24.479729342873","231.74561999388","0.81","","36.73","3.93","6.98","2.99","33.73","0.82","","Bug'doy"
"NMNX-1105","0-20 sm","Gill","27.908557580571","21.53575810674","6.4691346088601","0.23629700438356","26.6","28.760625351832","257.6630815103","2.06","320.92","32.54","2.52","9.67","","26.06","0.59","123953348.28","Bug'doy"
"NTXM-150","0-20 sm","Gill","39.598538721706","29.437270007174","7.3980402452615","0.53211215108113","14.67","26.083860762668","193.03687719194","1.37","322.42","43.34","3.67","5.72","2.48","34.91","0.76","1955182350.53","Bug'doy"
"NTXM-151","0-20 sm","Gill","20.057477824674","18.465470118027","7.2429398172107","0.51294013566393","20.96","15.440529173735","242.56238640404","2.23","325.65","31.73","3.77","10.91","2.9","20.65","1.07","","Bug'doy"
"NMNT-143","0-20 sm","Gill","23.971951539271","21.69070013038","6.2251764291672","0.21891286321452","35.9","18.670140088046","185.4910004942","0.74","327.99","34.4","0.92","10.02","1.5","28.70","1.2","418132952.04","Bug'doy"
"NTTM-112","0-20 sm","Gill","37.041519733335","16.145729996095","6.7022226342794","0.29059515089142","12.49","22.117148824631","284.77182080046","1.85","287.9","38.29","1.58","6.18","2.91","25.84","0.6","2923685792",""
"NMNX-985","0-20 sm","Gill","20.202699886456","16.29570873928","6.9595216981135","0.36375642932394","53.36","18.123799731964","250.40408207509","2.04","345.05","34.83","3.91","7.08","0.93","25.09","1.05","1282655172.83","Bug'doy"
"NMNX-1106","0-20 sm","Gill","28.576776242743","15.45330172693","7.479142486153","0.3366277210597","22.71","29.810616069196","238.84828132995","2.05","314.86","35.29","2.25","","2.2","22.39","1.07","424485391.34","Bug'doy"
"NTXM-152","0-20 sm","Gill","22.076938061281","18.625308651725","7.4864304788499","0.33621964007324","42.84","15.456896064988","280.75819132484","1.44","362.94","35.04","1.32","6.63","1.72","25.17","1","","Bug'doy"
"","0-20 sm","Gill","29.140835427521","20.33370470626","6.9771135442295","0.57131836936863","26.76","21.751913803678","296.47137247559","","330.07","35.88","3.55","","2.37","25.76","1.34","721402129.9","Bug'doy"
"","0-20 sm","Gill","21.255556278461","23.45103379859","7.4017084276486","0.49218825723776","39.35","29.781507829053","271.23678109583","2.05","","31.2","1.96","10.23","1.2","37.36","0.84","2138243236.95","Bug'doy"
"NTXM-153","0-20 sm","Gill","39.257141699175","21.62813244002","6.1138480681333","0.54008675921253","19.63","18.014645504008","181.0799002504","1.41","318.83","43.26","0.52","6.33","2.31","63.39","0.67","69810882.21","Bug'doy"
"NMNT-145","0-20 sm","Gill","34.886613479885","16.698081227137","7.0496649886715","0.48233800561521","24.98","23.539544460327","281.89726020202","1.52","281.9","38.86","3.41","10.23","0.7","18.85","1.17","1854897370.85","Bug'doy"
"NMNX-1108","0-20 sm","Gill","26.633216609008","16.593120490159","6.455738298867","0.3302961295002","48.5","21.254227106194","179.33355509388","1.81","359.04","40.35","0.96","9.61","2.03","30.02","0.81","852036463.64",""
"NTTM-115","0-20 sm","Gill","39.395777191531","19.503328193471","6.0681463621638","0.4773392131091","53.12","15.177208338121","272.14076536419","2.02","372.45","37.4","1.35","7.88","2.84","17.10","0.87","","Bug'doy"
"TSPD-2003","0-20 sm","Gill","21.71268378606","24.105654755549","6.1152608367092","0.31249522018902","16.31","22.103806547686","223.12641454825","1.44","295.3","42.1","2.18","6.93","2.48","11.84","0.91","908318758.09","Bug'doy"
"","0-20 sm","Gill","21.923075731737","25.704480832962","6.7596678744875","0.33711686548438","55.46","16.531774293886","152.50009836197","","395.49","42.62","3.43","10","1.18","8.93","1.13","85479772.61","Bug'doy"
"TSPD-2004","0-20 sm","Gill","25.874678867486","20.253388825062","6.1315973106791","0.40235222148665","39.33","29.965240322611","254.45126172914","1.57","359.32","35.06","0.98","8.68","","8.92","0.97","1338731384.96","Bug'doy"
"Karta-115","0-20 sm","Gill","36.703672365341","24.317100997209","6.2959136753256","0.51700867831685","11.97","28.480565380247","275.84759757126","0.63","310.24","37.65","3.92","8.6","1.23","18.30","0.6","","Bug'doy"
"NMNX-1713","0-20 sm","Gill","35.118542978738","23.489328020731","6.1360085709761","0.47363249785895","16.46","27.801439135102","263.64987726785","1.78","269.56","42.74","1.44","8.73","1.94","12.35","1.12","537129676.96","Bug'doy"
"NTXM-156","0-20 sm","Gill","38.246799548725","17.283699339491","6.1229567875003","0.40865398722602","54.45","25.838189484301","227.16003138202","0.62","371.64","38.37","1.56","9.36","0.94","8.13","1.14","129214148.67","Bug'doy"
"NTTM-118","0-20 sm","Gill","33.249959344565","23.563330440233","6.2362568270219","0.5040192430267","45.63","27.239631531544","278.5204287194","2.41","341.69","30.51","2.38","9.51","2.4","9.67","","1437459127.68",""
"NMNX-1955","0-20 sm","Gill","34.024116417026","18.959767550868","6.616749876444","0.22010346685428","14.7","17.618240076949","295.98452441076","1.8","321.54","42.4","1.22","8.02","1.71","8.53","1.05","2632120346.97","Bug'doy"
"NTXM-157","0-20 sm","Gill","27.732220106391","18.67861571899","6.9837793307063","0.25250276476432","49.11","20.192245447537","269.85954739093","1.24","355.45","31.73","0.69","7.61","","9.24","1.18","232468917.15","Bug'doy"
"Karta-117","0-20 sm","Gill","35.103133124878","23.461768962274","6.2896459125016","0.54402496315767","42.26","17.932391115132","242.6727049481","1.6","402.58","32.78","0.78","8.51","2.18","18.91","1.13","364705660.03","Bug'doy"
"","0-20 sm","Gill","28.840892407254","28.474842749942","6.9815194860795","0.24294269319157","65.89","25.197815434229","250.46140005414","1.63","388.46","39.44","3.76","9.64","2.09","11.26","0.96","1724044077.81","Bug'doy"
"","0-20 sm","Gill","39.932659810247","18.529466219242","6.2879419100216","0.4366578673104","66.01","27.144725117496","193.94041520983","0.89","342.05","31.93","0.78","","1.24","9.57","0.96","456798612.15","Bug'doy"
"","0-20 sm","Gill","27.138820971176","27.982548606535","7.0918636144816","0.39999449374185","28.36","19.816968212832","232.64087214175","1.65","352.61","42.01","2.23","9.56","","14.75","0.33","2394218165.56","Bug'doy"
"NTXM-147","0-20 sm","Gill","36.602617729055","27.004620545331","6.1403652687637","0.22750570442894","31.28","24.115054551873","251.72421935257","1.86","338.95","31.27","3.26","8.49","1.39","15.96","0.71","159106216.6","Bug'doy"
"NTTM-109","0-20 sm","Gill","28.196446060497","21.248489353721","6.6533172488744","0.5391242374685","51.25","26.656425582473","223.46625907063","1.4","379.5","38.67","3.64","8.92","2.55","14.81","0.9","","Bug'doy"
"NMNX-1223","0-20 sm","Gill","28.47945350927","28.346144679971","6.2673329245702","0.44224435303886","51.3","23.356260900323","234.67812425523","1.29","360.34","37.31","2.72","8.49","2.88","13.32","1.01","424927653.76","Bug'doy"
"NMNX-1344","0-20 sm","Gill","27.309781945181","17.563769011133","6.661500915843","0.26519907077204","50.96","26.277470529785","235.22489372257","0.98","371.62","35.08","3.31","7.04","","13.86","0.99","1698185439.07","Bug'doy"
"NTXM-148","0-20 sm","Gill","24.246773025821","16.396713936657","7.3882161730181","0.33985895733291","30.28","27.191729780378","288.75302008143","2.03","310.15","33.07","3.16","9.9","","9.57","","","Bug'doy"
"NMNX-140","0-20 sm","Gill","35.11223343034","27.679415676026","7.3677601561217","0.4520912612313","53.15","24.331482006199","179.24184740639","1.21","349.94","45.18","1.12","8.11","1.73","14.46","","176646901.05","Bug'doy"
"NTTM-110","0-20 sm","Gill","25.768467225463","23.400910351731","7.3386146059839","0.33390466949127","22.67","19.346013882237","266.12306490668","2.31","306.79","31.13","1.2","6.61","","26.55","1.17","979521055.68","Bug'doy"
"NMNX-1224","0-20 sm","Gill","37.114880895835","20.935820127738","7.4210263109268","0.2765570324659","37.66","20.984437484173","287.96662842672","1.01","331.51","46.22","2.48","8.93","1.76","14.30","1.13","926216147.96","Bug'doy"
"NTXM-149","0-20 sm","Gill","36.297217323616","27.250010956297","7.0010165538607","0.26308784657023","28.79","16.204341361736","202.28593891584","0.76","363.76","40.5","3.42","7.54","1.48","9.14","0.83","","Bug'doy"
"","0-20 sm","Gill","36.928393970911","21.857452494469","6.1373482291857","0.34875499330292","21.55","21.676735432248","286.88577482062","1.91","320.09","30.21","","6.17","0.96","16.26","0.63","875899741.85","Bug'doy"
"NMNT-142","0-20 sm","Gill","22.334020808444","16.592760085784","6.2550368670899","0.27457354912753","24.29","28.552987072991","196.56705922754","0.91","","34.92","3.04","","2.19","11.42","0.98","778268209.54","Bug'doy"
"NTTM-111","0-20 sm","Gill","34.409733681016","27.194188672985","6.2111912248256","0.45878715361814","31.74","24.74928713847","241.20186785002","2.22","394.77","37.36","1.61","8.57","2.09","15.19","","139980616.35","Bug'doy"
"NMNX-1225","0-20 sm","Gill","38.704808809945","15.4094405467","6.8138959096441","0.58928535895468","47.66","19.795931856538","186.93101601535","1.11","386.4","35.14","3.14","9.06","2.41","11.32","0.9","2067013997.93","Bug'doy"
"NTXM-150","0-20 sm","Gill","20.053495383298","18.269670723731","7.3020022284647","0.32148964709341","63.01","26.977133112656","222.49746871587","","352.45","33.46","1.22","6.21","1.62","12.08","1.26","","Bug'doy"
"NMNX-142","0-20 sm","Gill","38.728392139853","17.718378091082","7.0735855671163","0.57943844885216","37.03","16.707019043698","253.00279904736","1.66","338.66","36.03","1.65","7.62","2.25","8.55","0.91","125533620.17","Bug'doy"
"NTXM-151","0-20 sm","Gill","20.444983285527","21.577490130557","6.8976781101262","0.28878592742826","30.49","29.76729362423","286.03660331244","2.29","330.94","36.08","2.69","8.09","1.74","11.89","1.27","105868443.08","Bug'doy"
"NMNT-143","0-20 sm","Gill","33.930249770312","20.68081608246","6.4691784070968","0.20989594398015","28.75","29.936549205943","298.58275754064","1.35","330.17","38.02","0.66","9.03","1.7","18.62","0.86","1622380067.63","Bug'doy"
"NTTM-112","0-20 sm","Gill","37.671522103864","29.912047391926","6.6448957267191","0.40648946593359","23.53","15.837413802372","297.79979176845","0.89","325.16","33.2","0.56","6.43","","13.37","0.6","2091497355.75","Bug'doy"
"NMNX-1226","0-20 sm","Gill","35.908479932739","27.629423708828","6.4323387696156","0.5831203384533","21.27","25.090122600527","277.22840086809","1.06","322.25","39.59","2.1","8.66","","11.82","1.05","454044557.91","Bug'doy"
"NMNX-1347","0-20 sm","Gill","37.032949243881","17.587933725838","6.805839411244","0.52583447126747","33.2","24.26881195909","255.30370603549","1.79","326.8","32.46","1.46","6.79","0.56","8.43","1.04","692979287.43","Bug'doy"
"NTXM-151","0-20 sm","Gill","26.272032274192","16.704540309649","6.3384630294592","0.55823152988481","29.68","28.592180030261","249.60194627641","2.03","293.01","30.13","1.92","10.43","1.5","12.70","0.88","","Bug'doy"
"NMNT-144","0-20 sm","Gill","30.567125229172","29.052682926342","6.6595723922541","0.49290527067067","11.8","21.76528054286","193.11216228794","","317.83","38.54","3.6","9.56","2.98","6.88","0.85","2239208228.41","Bug'doy"
"NTTM-113","0-20 sm","Gill","20.982509530359","28.401515176787","6.7120840043029","0.42435306484189","27.93","25.564425064136","287.00273742286","1.91","353.41","35.67","2.51","9.45","1.06","11.50","0.95","811524865.99","Bug'doy"
"NMNX-1227","0-20 sm","Gill","35.07246599406","27.600777808272","7.0122764317974","0.57506585243208","49.37","18.910323209995","261.69015730647","0.53","348.81","40.23","3.76","5.45","1.33","14.18","0.69","1485027176.73","Bug'doy"
"NMNX-1348","0-20 sm","Gill","25.85364822479","18.556449925793","6.8824644186645","0.59514309839873","48.65","23.046816214362","262.54084969791","2.05","339.37","36.21","0.72","7.07","2.49","24.22","0.61","1589934605.57","Bug'doy"
"NTXM-152","0-20 sm","Gill","36.422393461615","19.003712910893","7.1969300599383","0.53439484810354","36.31","22.195593355579","188.66991966283","1.14","365.37","39.35","3.93","7.64","1.47","48.19","0.88","617823725.71","Bug'doy"
"NMNT-145","0-20 sm","Gill","34.695628336964","29.332733347053","7.2220757426826","0.29166046458986","53.47","22.29747763359","296.48565051741","1","352.16","30.08","0.9","8.47","2.41","41.70","0.71","255416590.6","Bug'doy"
"NTXM-153","0-20 sm","Gill","28.608717433061","17.551225661558","6.4835128379876","0.25929733035513","35.83","29.849077540329","183.25750439599","0.97","361.05","44.17","1.3","7.42","2.61","14.37","0.57","1262828191.62","Bug'doy"
"NMNX-145","0-20 sm","Gill","24.907303491346","23.169970640799","6.3288202222267","0.51889790956108","41.04","26.491289612746","263.67772633099","2.04","348","35.94","2.73","8.02","1.76","7.99","0.45","1859886363.18","Bug'doy"
"NTTM-115","0-20 sm","Gill","36.7806068784","25.552446106602","6.2456139876357","0.379964574192","35.37","24.495957015068","188.34878553431","1.96","364.33","42.7","2.55","8.9","1.4","20.74","0.79","706010354.93","Bug'doy"
"NMNX-1229","0-20 sm","Gill","26.257686263144","16.766275258997","6.194570523351","0.45319216577752","15.91","18.606272291831","164.86718663901","0.72","327.97","30.02","1.05","8.1","2.32","17.07","0.71","294501470.73","Bug'doy"
"NMNX-1350","0-20 sm","Gill","25.214355028009","28.816083401952","6.0427580775119","0.56199540176018","46.91","16.512110630681","252.90705383734","","327.77","31.73","2.35","8.76","2.38","15.78","1.16","","Bug'doy"
"NTXM-154","0-20 sm","Gill","28.097813984515","26.015138141394","6.300231237051","0.48618319447726","40","28.699668174838","254.66782560442","1.87","365.71","41.64","0.67","8.6","2.37","12.60","1.04","356902803.01","Bug'doy"
"TSPD-2003","0-20 sm","Gill","24.454933147633","17.971166326581","6.8053050212692","0.28847702247149","29.26","18.666349416806","221.90244816034","1.2","309.87","42.99","1.6","7.01","2.66","14.35","0.64","2276698159.33","Bug'doy"
"Karta-114","0-20 sm","Gill","22.231381761005","18.084869030347","6.1681863152491","0.42590055925249","23.96","28.981550670109","166.09966868538","0.93","310.1","30.15","2.98","9.68","0.72","16.24","1.03","","Bug'doy"
"NMNX-1471","0-20 sm","Gill","23.022135910649","26.278772474405","6.5269431937565","0.47261316661378","39.56","15.272989847367","199.74133056635","1.39","341.78","39.4","2.89","9.62","1.66","7.52","0.99","94880780.68","Bug'doy"
"NMNX-1592","0-20 sm","Gill","20.935728191726","25.204638811403","6.4322962495434","0.48487287480259","32.09","29.078507081149","239.60231302965","1.96","336.72","37.32","3.5","9.87","1.4","14.91","1.05","369464311.12","Bug'doy"
"Karta-115","0-20 sm","Gill","28.556476716335","24.032047741957","6.1475569485922","0.22529470052079","18.88","16.964978841797","241.11884669928","0.81","305.26","37.38","0.95","7.16","0.94","16.69","","1225975293.27","Bug'doy"
"NMNX-1713","0-20 sm","Gill","29.850855477121","29.188704794238","7.0830991683226","0.45088868326589","47.82","17.503921786505","228.86377243935","2.33","377.04","33.4","2.84","8.07","2.79","19.12","0.79","224166334.43","Bug'doy"
"Karta-116","0-20 sm","Gill","36.25057284788","19.816320469763","6.6180483860114","0.31467558335321","41.77","26.684158149886","262.48329114544","1.23","355.2","34.96","2.15","7.07","1.55","13.74","0.86","","Bug'doy"
"NMNX-1955","0-20 sm","Gill","38.20437687462","16.236898294808","6.0496626072977","0.57909087662938","57.61","20.954437600915","222.53596223298","0.55","347.46","44.15","3.74","6.21","2.86","13.35","0.78","1987133057.26","Bug'doy"
"NTXM-157","0-20 sm","Gill","24.923706557122","22.880700971132","6.2151449846293","0.36176465178611","15.43","16.13715318235","261.97374530896","0.45","313.6","39.02","1.59","8.43","1.37","9.26","0.84","667203125.75","Bug'doy"
"NTTM-119","0-20 sm","Gill","20.903072402211","26.001227164018","7.196144992151","0.50965057855525","60.97","27.456365373722","189.44833396459","1.79","396.28","33.73","3.04","8.34","2.61","11.99","0.84","1626434719.53","Bug'doy"
"TSPD-2007","0-20 sm","Gill","25.474520908882","25.412624739828","7.2326330290498","0.56496514301756","52.36","24.900513536616","192.2181798772","2.21","380.08","33.76","0.79","8.1","1.74","18.85","0.73","235932108.6","Bug'doy"
"Karta-118","0-20 sm","Gill","28.747180067768","27.302618666737","6.5237369012938","0.54779355275708","27.86","15.732452789258","243.99787663463","1.96","350.97","30.25","1.97","7.08","2.25","11.51","0.53","","Bug'doy"
"NMNX-1234","0-20 sm","Gill","39.931958083797","15.764106280966","6.8580003847023","0.25086298770297","17.24","17.63966341153","243.6174872806","1.41","321.85","30.22","1.04","7.67","0.72","8.09","0.45","102676096.75","Bug'doy"
"NMNX-139","0-20 sm","Gill","24.808844116706","17.404429607193","7.299678086119","0.52587858679027","32.8","21.817938743749","221.24712350006","2.51","318.97","38.96","3.72","8.71","2.3","15.73","0.99","654232239.67","Bug'doy"
"NTXM-149","0-20 sm","Gill","26.940035309421","20.60641886801","6.8180857534875","0.35880374731212","31.47","22.383286371365","282.92668463358","0.78","318.86","41.69","3.24","","3.14","12.32","0.71","2131962651.22","Bug'doy"
"NMNX-1465","0-20 sm","Gill","23.492610852794","25.606247301674","6.4651892605899","0.208731941531","54.18","24.272722261353","264.56040038849","2.02","380.28","39.34","2.41","7.05","2.06","12.45","0.99","510541006.82","Bug'doy"
"NMNX-1586","0-20 sm","Gill","26.390249724114","21.02996504964","7.4875352048881","0.57454178234396","40.49","26.401128841339","260.6881062612","0.45","352.11","39.2","1.15","8.56","0.99","8.27","0.53","1249449828.58","Bug'doy"
"NTXM-149","0-20 sm","Gill","30.309866935487","25.436191408723","6.6946915226213","0.58991531574927","39.6","17.570492998816","293.31336235449","1.2","339.35","37.67","1.98","","","14.86","0.74","153291341","Bug'doy"
"NTXM-150","0-20 sm","Gill","36.00962390722","25.201314257154","7.2949745904148","0.58732202731876","32.27","17.458419450199","229.35814899861","1.5","346.88","34.48","1.4","6.41","1.39","11.08","0.41","957314083.28","Bug'doy"
"NTXM-151","0-20 sm","Gill","20.892475387148","20.135868707417","6.0845026715355","0.29059247720608","18.03","19.275434745583","200.61148851497","1.19","307.22","42.45","1.57","8.85","2.19","10.92","0.58","","Bug'doy"
"NTTM-112","0-20 sm","Gill","27.426967896208","20.518041700944","7.4480466281319","0.43591878365452","22.82","25.971397741397","297.03002536505","1.79","327.33","30.22","2.33","8.43","1.87","17.73","0.76","2048304458.93","Bug'doy"
"NMNX-1467","0-20 sm","Gill","29.623476184541","18.207288421558","6.0908176888964","0.59384805551625","43.58","17.025216955172","253.60792891969","","312.08","37.67","2.45","9.39","1.6","10.59","0.31","1915295214.59","Bug'doy"
"NTXM-151","0-20 sm","Gill","39.351797651282","27.723267801671","7.1758078100326","0.35877075152198","67.49","18.292423329179","265.14817857562","1.34","389.08","41.58","2.6","7.7","2.13","17.09","0.81","1502518071.96","Bug'doy"
"NMNX-143","0-20 sm","Gill","25.615743823353","18.37520610384","7.0200555010407","0.24243576728118","34.38","22.541172149309","174.89039207989","1.06","333.73","40.51","1.45","6.39","0.8","12.80","0.77","500783109.85","Bug'doy"
"NMNT-144","0-20 sm","Gill","38.072401600596","27.42290420304","7.0230973092669","0.50946051054686","57.8","24.134628524195","177.52011079293","1.23","346.61","33.48","0.74","6.69","","9.09","0.44","2017495449.84","Bug'doy"
"NTTM-113","0-20 sm","Gill","34.035243256762","28.409279889886","6.3938191241987","0.44989282624543","34.23","17.044413335479","197.71071726674","1.58","342.24","36.24","2.2","8.02","2.07","10.13","1.05","","Bug'doy"
"NTXM-151","0-20 sm","Gill","36.055963629954","23.978202928374","6.5101148166982","0.56438928209666","59.47","28.091267499894","217.78595200213","1.33","398.02","42.46","1.72","8.6","2.45","18.62","1.01","1569199971.42","Bug'doy"
"NTXM-152","0-20 sm","Gill","28.809868038903","18.953818316202","6.9786018215852","0.42211845813484","15.98","19.82241950147","279.657783541","1.6","333.22","35.88","2.07","7.79","1.02","25.11","0.98","","Bug'doy"
"NMNT-144","0-20 sm","Gill","22.981383079234","25.140705469251","6.4609783066733","0.30553692996933","52.38","17.600052904922","258.34324374624","0.76","364.39","35.51","2.09","7.61","","22.04","1.01","90699134.03","Bug'doy"
"NTTM-113","0-20 sm","Gill","32.990237455769","18.872985431918","6.8969103875571","0.42145147421446","37.85","25.7341292204","179.3032127386","1.89","334.3","36.99","3.71","9.8","1.74","18.42","0.64","2576069340.95","Bug'doy"
"NTXM-153","0-20 sm","Gill","25.246845304913","24.152911981967","6.588810230082","0.36245383048771","20.6","21.545451942117","255.83092035631","1.5","321.2","39.44","1.69","8.24","2.87","15.21","0.52","503573017.92","Bug'doy"
"NTTM-114","0-20 sm","Gill","37.04562037267","16.483963740397","6.5293370367793","0.59185040348022","52.26","25.558587786824","272.28808840815","1.38","359.22","41.65","0.52","6.2","","9.10","0.9","","Bug'doy"
"NMNX-1710","0-20 sm","Gill","35.372052070997","16.250079036012","6.9179906251174","0.40897746702864","32.29","28.544843770978","208.47397389346","0.73","337.34","37.24","3.11","8.33","2.34","41.21","0.92","","Bug'doy"
"NTXM-153","0-20 sm","Gill","21.269287855467","18.54348914166","6.2166728818544","0.55529000461721","39.34","26.785665306964","155.75757454723","1.24","336.18","40.88","3.31","7.46","3.33","90.79","0.85","2309411111.83","Bug'doy"
"NMNX-1589","0-20 sm","Gill","27.776423346444","21.232724644742","7.158236108823","0.21857655724546","20.98","17.48518286857","198.62697052197","0.8","347.7","38.38","3.19","7.98","2.2","76.43","0.52","2215030968.72","Bug'doy"
"NTXM-153","0-20 sm","Gill","31.076689784876","25.917255836769","6.4727787777942","0.54668773339189","33.21","16.683944379781","261.092427754","2.19","365.26","35.3","3.54","7.28","1.93","85.27","0.56","1552635254.21","Bug'doy"
"NMNT-145","0-20 sm","Gill","32.258125393609","27.912711890849","6.2581521282546","0.3673771291237","28.34","15.100870651305","209.097842697","1.55","325.34","35.84","3.64","6.07","2.09","67.31","0.53","609040871.06","Bug'doy"
"NTTM-114","0-20 sm","Gill","28.106361812558","15.579809264221","7.2423464924192","0.44584952540484","41.98","18.078257198018","292.00622987398","0.83","325.6","34.23","1.76","6.38","1.1","64.41","1.22","1824343094.32","Bug'doy"
"NMNX-2072","0-20 sm","Gill","31.808083106307","20.069111255247","6.1599671976984","0.44386303899562","47.95","16.102075198203","182.71427267471","1.69","294.66","37.38","0.65","7.36","1.74","75.03","0.82","1466128383.4","Bug'doy"
"NTXM-153","0-20 sm","Gill","26.652949416201","23.088221575537","7.3789560544223","0.24427703868893","58.54","20.00503753558","213.34729176165","1.62","353.15","41.78","3.09","7.85","2.64","27.57","1.09","533782950.23","Bug'doy"
"NMNX-145","0-20 sm","Gill","31.76928871696","16.888638360098","6.9133641509028","0.28698763929968","57.24","17.399035676187","297.60961460615","0.43","398.3","36.55","3.19","9.13","2.51","22.36","0.91","473264972.8","Bug'doy"
"NTTM-115","0-20 sm","Gill","27.227908112488","20.799308577529","7.031241315426","0.28228950405832","38.98","20.902273082384","218.90392804027","2.26","349.03","32.76","2.19","7.55","1.08","24.19","0.66","1076960474.4","Bug'doy"
"NTXM-154","0-20 sm","Gill","25.101938909024","25.574484608689","6.7224339574407","0.22947091528661","32.38","28.262689821659","241.55817686592","0.61","331.4","43.11","0.95","7.99","1.73","39.04","0.84","1137015035.54","Bug'doy"
"NMNX-146","0-20 sm","Gill","25.317621035478","27.580328059944","7.0961875769824","0.28149836306026","20.75","26.819798066935","244.07610926972","1.86","310.13","39.94","0.56","8.16","1.64","31.02","0.89","286576830.51","Bug'doy"
"NMNX-1590","0-20 sm","Gill","39.516042548368","19.285780411526","7.0008405212754","0.25681451881951","46.67","21.2299389227","163.02824556413","0.86","329.8","31.58","3.26","9.5","1.49","24.61","0.77","1357724321.75","Bug'doy"
"NTXM-153","0-20 sm","Gill","22.993799485301","19.695870486972","6.9820568727257","0.31126000344441","29.8","17.707701458518","186.91518761604","2.02","347.84","33.38","2.34","","1.58","14.66","1.1","1346984730.06","Bug'doy"
"NMNX-145","0-20 sm","Gill","22.440416965474","24.645040817828","6.2927403566669","0.59430553101331","33.19","15.201072758722","201.82575887319","1.87","303.1","31.34","3.58","6.72","2.49","14.89","0.47","2680858241.03","Bug'doy"
"NTXM-154","0-20 sm","Gill","24.474319298751","19.360394561365","6.7363777529153","0.34944174684653","39.17","15.965920205565","248.17327752625","0.76","316.98","30.44","2.21","5.85","1.2","32.18","1.02","301657521.56","Bug'doy"
"NTTM-115","0-20 sm","Gill","39.371579978831","24.121775575056","7.2490301312225","0.34669818287459","29.56","20.631743724713","186.4502782017","1.63","273.89","34.83","2.24","10.17","1.51","16.88","1.21","","Bug'doy"
"NMNX-2193","0-20 sm","Gill","39.780750451883","19.703518936004","6.8018005728052","0.43905117797048","30.95","19.105664523431","197.41396520061","1.01","364.39","31.08","2.94","6.88","2.41","26.98","1.06","1730698856.35","Bug'doy"
"NTXM-154","0-20 sm","Gill","27.880961415223","19.320418361018","6.3256189335214","0.48783075523254","24.95","16.293687072218","172.43181198644","1.45","341.26","42.7","3.86","5.14","","15.86","0.63","792543448.8","Bug'doy"
"NMNX-146","0-20 sm","Gill","31.239996738242","17.653164332378","6.9321464078464","0.31850600294283","58.19","20.06128026385","256.63255807437","1.33","368.32","36.74","3.31","9.77","1.25","11.53","1.06","1992790664.13","Bug'doy"
"NTXM-155","0-20 sm","Gill","34.144011144381","22.789283969366","6.6299261303992","0.52142788268432","26.59","25.214772720944","266.67049423234","1.02","338.57","37.56","","7.08","2.05","10.24","0.63","2443144975.9","Bug'doy"
"NMNT-147","0-20 sm","Gill","39.169649014187","17.23632122852","6.065480711984","0.43308236328033","44.83","24.096827461017","298.49072054227","0.71","372.55","33.34","1.77","9.57","1.39","11.38","0.53","998365828.7","Bug'doy"
"NTTM-116","0-20 sm","Gill","26.499366051375","18.177352139556","6.0996812333886","0.29519131584372","36.06","28.250926093305","265.66402146991","0.92","328.3","31.97","2.93","7.61","1.96","9.01","0.67","473625624.81","Bug'doy"
"NTXM-155","0-20 sm","Gill","37.8303451975","21.462199484252","7.2533507653064","0.2450984997803","18.85","22.080145747754","156.881271046","1.25","308.4","30.35","2.86","7.98","1.46","8.46","1.05","55134819.46","Bug'doy"
"NMNX-147","0-20 sm","Gill","39.639195708985","19.494735533986","7.2666018692051","0.50153452863943","25.59","22.490699448723","214.53388644128","0.88","312.8","37.63","2.66","7.27","2.88","5.80","0.95","2729104245.25","Bug'doy"
"NMNX-1591","0-20 sm","Gill","24.4240530014","25.921722093412","6.3175811532988","0.33871369933562","34.88","21.796705344311","219.5781773272","0.87","367.88","30.27","3.7","8.58","1.27","4.63","0.28","1254020661.48","Bug'doy"
"NTXM-154","0-20 sm","Gill","26.818781852419","24.186439230374","7.2844616185722","0.45101720896677","24.14","24.395235751146","228.22797302247","1.87","295.86","34.86","2.68","8.05","2.45","14.16","1.13","1642698690.63","Bug'doy"
"NMNX-146","0-20 sm","Gill","35.626065181595","15.128982827029","6.5698519116126","0.41110415365775","22.9","17.668562651427","292.64033008417","0.46","299.5","38.24","3.64","6.28","1.95","12.54","0.58","1829732196.51","Bug'doy"
"NMNT-147","0-20 sm","Gill","25.358533274278","15.287460620902","6.394244467888","0.34221521581184","61.61","29.048531306112","208.18542080577","1.56","385.62","35.98","1.27","8.02","2.57","11.83","0.75","","Bug'doy"
"NTTM-116","0-20 sm","Gill","31.109912531968","24.468240299812","6.6459617136562","0.43729843412357","24.3","21.652396593502","203.81822029311","1.25","266.67","38.21","3.49","6.38","2.11","21.14","0.71","584107702.9","Bug'doy"
"NMNX-2435","0-20 sm","Gill","28.630562094061","16.04932373859","6.3115618508951","0.38185189244724","39.94","17.344134766084","290.2750080968","1.09","368.37","35.29","2.32","8.86","1.52","16.20","0.93","","Bug'doy"
"NMNX-2556","0-20 sm","Gill","33.727681988107","15.270395304541","6.0962661882652","0.48823816982865","34.65","18.409781544886","163.10706027129","1.41","307.03","39.46","1.98","7.95","2.18","16.31","1.16","120964468","Bug'doy"
"NTXM-155","0-20 sm","Gill","29.342523833093","18.772032221664","6.1016674121206","0.24736272118272","40.63","24.845539762377","164.51306124649","","325.16","33.78","3.43","9.33","2.02","12.98","1.29","","Bug'doy"
"NMNX-147","0-20 sm","Gill","37.462515622881","24.819173430702","6.0658064422725","0.21237805551777","33.32","17.085234902175","182.97809741915","1.76","344.45","35.17","1.98","8.87","1.21","10.20","0.91","416799936.28","Bug'doy"
"NMNT-148","0-20 sm","Gill","28.095488437827","26.688052633679","7.3472940258087","0.25792459421857","46.39","25.745056386929","296.41981160975","1.5","355.43","34.98","0.99","8.35","1.17","10.04","1.03","","Bug'doy"
"NTTM-117","0-20 sm","Gill","33.867954486379","29.059625140967","7.0830928819245","0.37545498078203","30.31","24.971134238875","266.52445008706","1.23","339.94","31.64","0.78","7.7","2.69","13.83","1.01","108962148.43","Bug'doy"
"NMNX-2557","0-20 sm","Gill","22.890258998123","18.903824286191","6.0894645765373","0.48053197923842","25.22","16.22600252664","233.41846656676","1.03","340.24","33.03","1.72","7.45","2.62","8.60","1.05","1001531562.58","Bug'doy"
"NMNX-148","0-20 sm","Gill","36.92034053207","17.09018097008","7.2070147710849","0.43370673812282","22.51","28.609920152372","255.59904673084","1.4","327.58","36.13","3.9","6.81","","10.63","1.14","788287191.23","Bug'doy"
"NMNX-1592","0-20 sm","Gill","33.392421588956","18.029158136743","6.8337266349939","0.38097485814819","28.63","19.164709856997","202.45760002761","2.43","","33.15","1.22","7.53","2.85","8.79","0.93","556463785.63","Bug'doy"
"NMNX-147","0-20 sm","Gill","34.372138258851","24.865808106946","6.1702002353798","0.50910093256426","38.81","20.399538617918","221.06171557264","1.17","354.32","39.8","2.34","6.93","1.43","54.30","0.53","391873212.33","Bug'doy"
"NTXM-156","0-20 sm","Gill","36.736957072607","22.63343459858","7.0239760593516","0.50348926610523","33.18","27.418214296147","169.50065726578","1.14","328","33.43","3.91","7.9","2.53","9.86","1.05","200424398.55","Bug'doy"
"NMNT-148","0-20 sm","Gill","28.975852687902","25.764992038988","7.1595542121705","0.54451495165582","52.94","16.845103304658","215.42169931799","0.66","424.23","31.16","3.53","8.41","1.05","11.00","0.64","1177401475.53","Bug'doy"
"NTXM-156","0-20 sm","Gill","21.326441693211","25.591685897207","6.7333913502947","0.36609670025528","12.09","27.157708358289","272.84247739141","1.33","270.86","35.28","3.03","9.22","","12.33","0.82","317717867.49","Bug'doy"
"NMNX-148","0-20 sm","Gill","22.994819972558","16.895373430666","6.3135543692411","0.4270345536642","42.29","15.414344390525","277.24820422275","1.26","355.67","36.24","3.85","","1.73","14.55","0.95","2710142484.24","Bug'doy"
"NTXM-157","0-20 sm","Gill","22.835738473868","29.55029633302","6.9291270381773","0.45931069231381","40.3","29.921028302726","254.06151292808","1.33","352.81","42.2","3.39","9.19","1.93","8.65","0.88","1219237803.96","Bug'doy"
"NTTM-118","0-20 sm","Gill","36.175226527443","21.509414276735","6.9137578136409","0.42355091022086","45.61","26.454318953171","261.85103521314","1.52","344.58","32.31","2.92","8.1","2.07","10.94","0.95","1452656639.85","Bug'doy"
"NMNX-2799","0-20 sm","Gill","33.159012143069","28.54410224059","7.3500952534146","0.22830397996093","54.19","27.086718909981","219.13124037435","1.38","361.54","38.22","1.3","7.54","1.68","16.07","0.38","1430150544.94","Bug'doy"
"NTXM-157","0-20 sm","Gill","34.452801962718","28.451319818062","6.747984626557","0.57300141348325","26.77","17.639213300688","177.28799525912","0.6","314.29","40.11","2.51","7.46","0.81","62.66","1.07","264633159.56","Bug'doy"
"NTXM-156","0-20 sm","Gill","28.040325797166","18.549547337567","7.0552924267889","0.35457658097945","21.17","23.781539984668","215.43367949761","0.52","287.84","31.98","","8.66","1.84","77.02","0.94","42291488.07","Bug'doy"
"NMNT-149","0-20 sm","Gill","22.845018376803","29.124427049175","6.2244288215568","0.5070862159084","55.07","23.115565143599","157.29585545912","0.5","399.47","35.13","3.26","6.63","0.91","71.96","1.23","","Bug'doy"
"NTTM-118","0-20 sm","Gill","31.13780002978","19.896002441361","7.4544230179938","0.24963075695308","13.26","25.646862505333","179.54528854889","2.09","295.78","35.7","2.2","9.84","2.54","22.75","0.53","110566579.2","Bug'doy"
"NMNX-2919","0-20 sm","Gill","31.377634227742","19.130972741856","6.1525621649027","0.51138024618969","14.38","20.744579651165","279.9299990268","0.53","327.38","36.7","3.53","7.02","1.13","18.25","0.3","1226429950.09","Bug'doy"
"NTXM-158","0-20 sm","Gill","31.72641518759","18.649791859651","6.5263388005115","0.56995954445387","38.58","26.653900277167","150.96575280677","1.53","352.65","35.55","1.35","8.85","2.05","11.48","0.6","1120097966.57","Bug'doy"
"NMNT-150","0-20 sm","Gill","20.367100056246","25.605552534111","6.7088053268524","0.34809405060218","31.7","25.480179305404","251.48966669796","1.47","336.77","42.07","3.22","8.02","1.21","8.86","0.69","","Bug'doy"
"NMNX-2920","0-20 sm","Gill","20.59295112339","29.710285367027","7.1787501203346","0.23905696278069","29.95","16.483177709621","165.62933956249","1.32","293.84","33.86","2.83","8.17","1.2","11.10","0.74","286107268.99","Bug'doy"
"NMNX-3041","0-20 sm","Gill","38.575045917291","23.013983333177","6.1714963166338","0.34428722634856","65.22","26.729008421976","168.59915807871","2.14","405.84","31.87","3.33","9.17","1.43","5.89","0.65","1654745108.11","Bug'doy"
"NMNX-150","0-20 sm","Gill","39.652102959559","20.899332010165","6.4053482005439","0.26086324266142","29.3","22.557517971356","153.45316433982","0.78","351.65","37.06","1.49","8.75","1.35","77.23","1.03","2617484286.99","Bug'doy"
"NTXM-158","0-20 sm","Gill","36.668023904147","28.74072143186","6.5094437660735","0.22042776015647","53.59","18.225766139338","286.76352080292","0.94","387.9","40.23","3.44","7.04","2.68","38.98","0.69","","Bug'doy"
"NMNT-150","0-20 sm","Gill","37.869501750337","21.16782672861","6.4887487311914","0.55098850128118","19.61","20.387364108644","207.2047976752","1.61","337.43","36.3","2.98","7.11","2.78","64.21","0.23","2245704347.81","Bug'doy"
"NTTM-119","0-20 sm","Gill","31.863752371177","16.575920422874","7.3062086299893","0.34860259180277","38.38","19.819792208201","201.58799781464","1.2","376.24","34.75","2.07","8.73","2.4","21.57","0.38","","Bug'doy"
"NMNX-3282","0-20 sm","Gill","36.79918617644","26.563518536738","7.3763530622828","0.45910743110319","55.93","20.851133138292","209.51497708962","0.78","377.86","31.93","0.56","8.81","0.77","85.19","0.97","411129876.71","Bug'doy"
"NMNX-150","0-20 sm","Gill","24.304969661084","21.496331406056","6.7689192987687","0.32055133557753","63.94","24.869572615273","286.09343035719","1.44","399.58","35.86","3.61","8.91","1.35","17.53","1.16","873787280.55","Bug'doy"
"NMNX-3283","0-20 sm","Gill","24.676474710822","27.250117194653","6.7260485467907","0.53356191743552","12.77","17.852502747022","259.00233042065","1.77","326.85","35.46","2.51","9.23","2.54","172.84","1.16","209951651.15","Bug'doy"
"NMNX-150","0-20 sm","Gill","29.129028294643","24.84315311683","6.408316340655","0.3833690312633","47.33","18.194267655451","234.77419544065","","378.06","41.24","2.86","6.32","","10.85","1.3","2212188598.78","Bug'doy"
"NMNT-151","0-20 sm","Gill","28.133444352853","20.788559244476","6.0549614635023","0.46697489682155","37.51","22.689632066888","209.77149743514","1.69","333.99","41.76","2.9","","2.35","7.84","1.23","352491493.14",""
"NMNX-3403","0-20 sm","Gill","27.291468771513","26.63799113393","6.7741122365868","0.42225053524434","29.44","21.433679086861","250.388561579","2.09","318.74","34.98","2.32","8.27","2.16","5.44","0.98","718071336.25","Bug'doy"
"NMNX-151","0-20 sm","Gill","23.495916925461","27.945996510462","6.5300771706046","0.21881801032443","18.18","17.586870616878","202.16749886748","1.56","305.19","33.68","3.96","9.83","3.17","24.93","0.72","691540199.23","Bug'doy"
"NMNT-152","0-20 sm","Gill","27.210501857044","23.993003991424","6.5508465999717","0.57361765196799","21.02","15.426868452341","239.47950591508","1.53","297.45","44.41","0.55","8","1.58","9.59","0.47","149092034.65","Bug'doy"
"NMNX-3404","0-20 sm","Gill","20.454739504034","21.519087537522","6.4232606507134","0.24493953053253","24.3","27.65283900048","271.51000872391","1.49","328.69","35.44","0.5","7.38","2.41","19.60","0.59","","Bug'doy"
"NMNX-3525","0-20 sm","Gill","39.119318151145","25.871301288027","6.1597383410767","0.40668012315111","26.73","16.138278297362","161.79029130403","2.23","313.04","34.67","2.14","8.62","1.12","21.26","0.87","2150353075.1","Bug'doy"
"NTXM-160","0-20 sm","Gill","35.490849904983","15.456631111888","6.7902679144122","0.34486104007476","27.52","17.111728662417","288.00362604163","0.94","307.41","34.51","1.39","8.22","0.96","11.33","0.76","1172289548","Bug'doy"
"NMNX-152","0-20 sm","Gill","31.475196245328","17.449477098787","6.2078521540538","0.54828730526844","41.79","26.906599423729","228.01907909461","0.91","356.52","40.6","0.9","","2.57","14.39","1.13","1160750985.77","Bug'doy"
"NMNT-152","0-20 sm","Gill","24.560150939945","18.699561441229","6.2836410378376","0.33041354611834","65.41","26.679495602422","277.92412971227","0.3","407.06","32.43","2.21","","2.54","17.42","0.59","2239689265.62","Bug'doy"
"NMNX-3645","0-20 sm","Gill","35.56953541157","19.066881827087","6.8378510270136","0.24225867085897","32.29","16.948983637552","230.23913380073","0.92","320.8","33.26","3.22","8.27","2.15","14.39","1.05","2218069876.02","Bug'doy"
"NMNX-3766","0-20 sm","Gill","39.129276993253","28.337025710726","7.1872621897462","0.35593017498369","38.69","15.583021986325","240.15318084322","1.71","","41.93","1.81","8.44","","11.58","1.31","141031507.25","Bug'doy"
"NTXM-160","0-20 sm","Gill","36.739020508433","16.195341623467","7.0624758007865","0.48190497729069","27.04","23.058680650535","164.81822085674","0.84","367.66","42.85","2.96","","2.72","46.96","1.13","1133234440.15","Bug'doy"
"NMNX-152","0-20 sm","Gill","21.325469259943","19.557761799786","6.4970006443994","0.5730615444036","18.74","21.638185293116","263.89012947436","0.86","349.17","41.65","1.32","9.07","2.06","29.83","1.13","566572429.09",""
"NMNX-3646","0-20 sm","Gill","25.787652907362","27.581089728675","7.2987952866953","0.41913046929714","40.02","21.372699115444","274.64273174862","0.82","369.66","40.57","3.14","8.62","2.62","98.77","1.07","1118463117.24","Bug'doy"
"NMNX-3767","0-20 sm","Gill","37.404265439124","16.471512262751","6.5397599242131","0.22830841492094","26.14","28.658975025548","155.4900332416","1.05","301.14","40.99","1.68","6.87","1.57","105.88","1.17","1330535388.67","Bug'doy"
"NMNX-153","0-20 sm","Gill","25.6407656058","17.824602775084","6.0705537299447","0.52240305749906","28.52","26.773947390057","251.48628868323","1.33","283.72","42.61","2.27","7.41","2.43","15.90","0.76","1844520900.34","Bug'doy"
"NMNX-1597","0-20 sm","Gill","22.437160692244","15.436892486466","7.169331688743","0.55842085307098","34.59","20.597851825214","159.74600645253","0","355.59","37.22","3.33","8.98","1.99","17.83","1.08","790535802.18","Bug'doy"
"NMNX-152","0-20 sm","Gill","36.894032364919","28.036806435662","7.1519658000314","0.52359448575723","31.64","25.272748156564","228.25743199213","0.55","353.63","30.36","1.97","9.16","2.37","16.67","0.97","1093335169.41","Bug'doy"
"NTXM-161","0-20 sm","Gill","27.561438108174","28.029177726302","7.0227056196837","0.58096430456119","48.97","29.533844127373","187.90774886654","2.04","372.88","32.67","3.2","7.17","2.53","41.73","0.51","485330687.15","Bug'doy"
"NMNX-3887","0-20 sm","Gill","30.417999626964","21.385195326083","6.2799654906901","0.57135468619385","62.77","25.349622877835","155.76321760969","1.14","418.17","32.47","2.49","10.46","2.61","90.80","0.89","721286528.92","Bug'doy"
"NMNX-4008","0-20 sm","Gill","20.550688173148","25.288803448773","6.5433828651613","0.55546123031774","37.12","16.934572982434","171.59841599441","2.52","318.81","32.07","0.5","","1.16","47.95","1.11","1773229937.71","Bug'doy"
"NMNX-153","0-20 sm","Gill","24.435129429901","24.294856740125","6.8966985493155","0.36951581903016","39.55","28.834236359637","291.02476494817","0.58","335.36","41.02","3.35","9.7","","59.13","1.11","1452996276.92","Bug'doy"
"NMNT-154","0-20 sm","Gill","32.448757294628","21.446748280368","7.3670142699835","0.31392006600918","20.49","26.24653760351","270.69968569749","1.56","344.78","33.24","2.21","6.12","1.68","78.77","1.03","380157354.34","Bug'doy"
"NMNX-3888","0-20 sm","Gill","33.814879678526","25.983699154149","7.0179851039519","0.2916606862817","33.33","21.009358059196","194.68026539846","0.52","260.94","41.06","1.97","7.37","1.34","36.83","0.96","283593058.27","Bug'doy"
"NMNX-4009","0-20 sm","Gill","23.48756882064","22.418844415442","7.2738506170652","0.28752508940252","62.99","20.361220299534","210.3922768534","0.63","372.77","38.76","1.49","10.12","1.41","64.25","0.66","1552847688.06","Bug'doy"
"NMNX-154","0-20 sm","Gill","24.642547853266","29.057570422303","6.43518871543","0.25612566085263","33.57","23.887600167699","183.05009428527","2.04","326.79","39.65","2.1","8.06","2.48","68.48","0.69","893713320.72","Bug'doy"
"NMNX-1598","0-20 sm","Gill","38.527483062213","18.128324946413","6.7362118270556","0.36286675125187","49.66","29.414807039021","255.7292804449","1.65","418.7","32.58","0.94","8.38","","46.25","","","Bug'doy"
"NTXM-161","0-20 sm","Gill","20.495496317097","22.477759026932","6.6630627437521","0.49481102889641","54.1","18.620791302375","224.16508647371","0.48","346.98","37.76","1.47","7.03","2.2","13.51","0.93","1431228582.14","Bug'doy"
"NMNX-153","0-20 sm","Gill","22.765313614373","16.432509567851","6.9095035092003","0.20483464185646","18.95","28.991045423389","204.29051176537","1.59","311.42","31.6","1.19","7.29","2.55","11.28","0.92","789823435.16","Bug'doy"
"NMNT-154","0-20 sm","Gill","22.638055257652","26.892028882227","6.8256269641902","0.58933587992034","18.65","15.847757576284","189.52122096728","1.02","289.85","38.5","0.79","8.19","1.41","16.90","0.57","1054533943.45","Bug'doy"
"NTXM-162","0-20 sm","Gill","29.31694467444","22.492485067071","6.2805709631365","0.26243653980258","26.18","16.768424279895","160.28746261621","2.01","","31.05","3.9","7.3","1.43","44.75","0.76","1340368571.25","Bug'doy"
"NMNX-154","0-20 sm","Gill","31.602994512922","23.168004749574","7.3383294758358","0.31100251549044","21.96","20.81814881787","245.99053011918","1.11","346.56","30.74","3.08","6.38","2.34","12.21","0.8","614802323.49","Bug'doy"
"NTXM-163","0-20 sm","Gill","29.410754883822","19.02333861026","6.019558075946","0.49758457676493","41.86","20.853877473953","278.74302122842","2.19","325.72","37.33","1.45","7.89","","22.80","0.64","","Bug'doy"
"NMNT-155","0-20 sm","Gill","38.206694522301","15.470289496656","7.4870562898955","0.25434354784929","26.42","18.967995873668","157.68702658218","1.32","322.84","31.82","3.17","7.07","2.39","18.93","0.99","437370438.71","Bug'doy"
"NTTM-124","0-20 sm","Gill","32.701497918956","15.713215362835","7.0228637983257","0.22700009250402","39.78","19.442250005605","202.8854472016","0.89","346.23","32.51","1.03","9.28","1.93","24.88","0.68","2285086418.73","Bug'doy"
"NMNX-4251","0-20 sm","Gill","32.320198407709","21.911007031196","6.3914595787369","0.3421718842303","25.44","18.149333358363","150.71415244372","2.18","","37.2","2.52","7.08","2.55","17.85","0.83","264274943.25","Bug'doy"
"NTXM-163","0-20 sm","Gill","24.882418110284","19.45798785346","6.31564565152","0.3263044582992","37.21","27.292674098796","193.95884043217","0.97","344.76","37.1","3.9","7.17","2.74","13.92","0.98","2247087091.7","Bug'doy"
"NMNX-155","0-20 sm","Gill","27.16696308396","28.004913837527","6.8197358221972","0.50506823829188","39.15","26.149098501197","216.21059011156","1.82","344.3","31.38","3.01","6.23","2.76","15.84","1.26","1366866946.99","Bug'doy"
"NMNX-1599","0-20 sm","Gill","25.964028524989","16.495956967057","6.5070353904425","0.57612010739385","63.62","22.369226369551","164.45673484069","1.28","394.26","38.11","1.23","7.72","1.34","22.69","0.39","293460338.16","Bug'doy"
"NTXM-162","0-20 sm","Gill","29.340563804067","15.772748508839","6.9868078305489","0.42754512723575","51.69","22.857018937858","280.6347440924","1.48","358.95","35.75","1.39","8.37","2.81","19.54","0.58","","Bug'doy"
"NMNX-154","0-20 sm","Gill","25.521768579287","27.624218861953","6.8268423496187","0.46107775439459","32.53","15.448879118359","276.3822681753","1.58","369.03","34.82","1.98","8.75","2.35","15.11","0.92","114511701.01","Bug'doy"
"NMNT-155","0-20 sm","Gill","31.257481102111","20.973972982959","6.4896504369009","0.41133780536754","46.45","17.178839849264","250.4318258267","1.71","360.92","43.7","0.97","7.09","1.5","14.94","0.63","1367471164.33","Bug'doy"
"NMNX-4371","0-20 sm","Gill","28.338844577876","29.083683131329","7.1638176822038","0.55162867762552","59.18","17.179296931262","250.59855809297","1","408.66","45.76","","8.61","1.16","16.28","0.95","737352513.69","Bug'doy"
"NTXM-164","0-20 sm","Gill","38.50579975134","27.032539430285","7.374464162657","0.46305898591007","29.04","17.139393708466","251.19772809525","1.03","345.11","33.28","","8.21","2.05","17.74","1.12","73465422.22","Bug'doy"
"NMNT-156","0-20 sm","Gill","35.8791048985","23.097273570926","7.1902540783837","0.392789379269","22.13","25.082933896916","260.61365454819","0.77","329.7","36.27","","6.7","2.59","10.57","1.03","1222371942","Bug'doy"
"NTTM-125","0-20 sm","Gill","23.330615551542","29.169857595394","7.2828215998809","0.24754567820275","25.83","16.658218878239","186.56145922662","1.52","345.1","31.31","1.48","7.52","1.66","9.23","1.09","174520662.16","Bug'doy"
"NMNX-4493","0-20 sm","Gill","37.014094763863","25.323510412652","6.7894868044031","0.44040844742655","53.61","15.621253838914","204.37844885761","","344.26","34.53","0.55","6.47","1.28","11.87","1.2","2533587066.16","Bug'doy"
"NMNX-156","0-20 sm","Gill","25.995225257419","16.725689860758","7.121261571334","0.27964705031525","30.95","15.723892201958","155.89678410399","1.17","323.44","37.86","1.23","","2.74","36.22","","","Bug'doy"
"NTXM-163","0-20 sm","Gill","28.421563240416","18.314757919531","7.028804382354","0.55344569149159","22.29","29.337141275755","185.45679132738","1.41","337.34","30.59","2.83","8.45","2.75","43.62","0.85","2120031860.96","Bug'doy"
"NMNX-155","0-20 sm","Gill","25.178419080432","22.682592935387","6.3902756714174","0.3733161228146","56.8","26.796465443014","201.60714579666","1.22","344.22","30.07","1.28","6.96","2.2","13.36","0.65","","Bug'doy"
"NMNT-156","0-20 sm","Gill","26.508300291697","19.031864420208","6.2884899157453","0.2239574903209","30.79","25.0921354856","200.01312209604","1.4","336.13","41.81","2.32","6.86","","43.92","0.91","1163656758.38","Bug'doy"
"NTTM-125","0-20 sm","Gill","22.751572067728","21.754403740796","7.1455821061444","0.30848349282051","27.72","29.765847949308","170.16245497828","1.79","346.6","39.44","3.3","6.4","2.85","47.13","0.67","1306450920.35","Bug'doy"
"NTXM-164","0-20 sm","Gill","24.305028225418","28.211117298228","7.1376545914555","0.39354255882921","26.68","16.919605324113","216.7216033665","0.57","325.05","36.32","3.4","7.75","","14.11","1.02","2101699901.78","Bug'doy"
"NMNX-156","0-20 sm","Gill","39.821898408112","18.365133936546","6.9685536135743","0.50611892233431","53.03","26.141576655371","169.04207642305","1.74","337.41","30.08","3.92","5.7","2.38","49.75","0.94","1832455622.11","Bug'doy"
"NTXM-165","0-20 sm","Gill","28.61714266271","15.174417472803","6.0579981690397","0.36178788039184","11.2","22.944425316696","191.02168960577","1.35","","40.57","0.83","8.06","","10.04","0.87","","Bug'doy"
"NTTM-126","0-20 sm","Gill","20.061569914095","23.326765523188","6.0073306697063","0.29922780309639","42.26","22.106125734332","290.94223762847","1.81","366.13","33.09","1.93","8.29","2.09","34.77","0.61","905034678.6","Bug'doy"
"NMNX-4614","0-20 sm","Gill","37.868192671556","16.9676786092","6.6801164065907","0.50947624068321","29.17","23.318325455019","156.36074033417","","371.53","38.57","2.52","9.54","2.21","27.41","0.4","185148229.46","Bug'doy"
"NMNX-4735","0-20 sm","Gill","39.839918436095","23.93020728642","6.951556183799","0.20723803989594","22.81","16.16188795132","264.2409241575","1.11","349.4","35.62","2.68","9.63","1.45","13.08","0.86","372348717.57","Bug'doy"
"NTXM-165","0-20 sm","Gill","22.93044606853","21.107299700813","6.3509301830351","0.36426111494815","63.53","20.507674461127","217.4801256347","0.64","397.02","37.59","3.69","9.15","2.41","11.11","0.88","109706697.92","Bug'doy"
"NTXM-165","0-20 sm","Gill","29.545763540242","18.565272004626","6.7132115401558","0.32480682536902","35.52","21.303478733274","174.81117584449","0.98","353.54","34.84","1.95","9.27","","16.19","1.04","","Bug'doy"
"NMNX-4976","0-20 sm","Gill","29.826903473093","27.893750216041","7.2270473248736","0.35574300535961","18.61","24.314874778801","175.46195390859","2.06","355.84","40.02","0.89","7.39","1.32","11.96","0.7","389901491.61","Bug'doy"
"NMNX-157","0-20 sm","Gill","38.347589144242","23.669238392094","6.6580665680776","0.41757804513176","20.28","16.212475137967","286.53012244298","0.8","299.81","35.89","1.79","8.97","2.59","16.30","1.01","802349353.69","Bug'doy"
"NMNT-158","0-20 sm","Gill","33.189583749407","26.972422879849","6.5995641506437","0.4833362886854","23.48","21.655640585534","165.30914566049","2.42","346.89","39.95","1.31","7.49","1.75","17.59","0.74","2726043907.68","Bug'doy"
"NMNX-158","0-20 sm","Gill","37.776475752858","15.357477919845","6.6662618316285","0.33307868549103","50.11","21.18580659651","152.93587291747","2.27","366.33","30.15","1.92","7.75","","10.69","1.13","687089891.44","Bug'doy"
"NMNX-157","0-20 sm","Gill","37.319995383312","28.475749535253","7.250269876423","0.33760197249517","26.67","24.813797223805","274.90636240753","0.52","331.84","42.9","","7.1","1.3","15.21","0.85","","Bug'doy"
"NTXM-166","0-20 sm","Gill","31.44568005571","27.417073620357","6.5961661280205","0.20742604935828","19.18","22.542448419238","256.52932942377","1.37","366","40.09","","7.83","1.07","12.42","0.63","605346339.01","Bug'doy"
"NTTM-127","0-20 sm","Gill","20.859960944772","29.900418902097","6.1564967664123","0.41398597438955","48.22","27.466135386833","202.38284865444","0.94","330.21","36.81","3.93","7.16","2.83","9.46","0.92","1419670490.16","Bug'doy"
"NMNX-5218","0-20 sm","Gill","26.735230297278","16.867529324236","6.4678548497251","0.3357618143413","39.24","15.663154631796","293.99859387417","0.23","357.09","32.34","3.94","8.11","2.07","42.05","0.85","368886377.68","Bug'doy"
"NTXM-166","0-20 sm","Gill","33.918361712398","16.620329910333","6.3844842954689","0.26569622098821","30.15","17.4062251815","248.11637499112","0.92","351.88","33.98","3.92","6.99","","43.55","0.95","97648064.41","Bug'doy"
"NMNX-158","0-20 sm","Gill","31.722729381104","20.97840048641","7.4873716320534","0.57281849879149","30.26","17.738390232345","270.53245700836","1.69","297.54","33.58","3.94","8.24","3.18","18.67","0.52","339947426.84","Bug'doy"
"NTXM-167","0-20 sm","Gill","27.722507962051","17.945818862311","6.1935084051547","0.24127748053666","53.05","24.550558407311","214.87627070046","2.74","361.26","37.18","4","7.47","2.5","12.55","1.16","693334504.2","Bug'doy"
"NMNT-159","0-20 sm","Gill","37.079133625052","19.556602656678","6.4642628475765","0.43787634943308","42.11","17.536162553828","186.90525904277","1.92","351.53","38.69","3.97","6.65","1.55","12.06","0.93","1517044831.61","Bug'doy"
"NMNX-5098","0-20 sm","Gill","27.16882057123","29.333442699721","6.5994195296418","0.3738924635974","56.09","26.068905518315","208.80625171458","1.49","368.19","37.04","3.98","8.01","2.06","16.70","0.84","813494098.03","Bug'doy"
"NMNX-5219","0-20 sm","Gill","34.446179551916","15.321535833328","6.4617706446106","0.39970994065342","21.63","24.916751898252","279.31647581108","1.32","330.49","38.27","3.94","10.04","2.98","15.96","1.06","","Bug'doy"
"NMNX-159","0-20 sm","Gill","23.080909424015","28.241360239082","6.8697652044637","0.46229001160069","20.78","29.055172315047","225.7725626633","0.65","359.44","33.8","3.95","6.61","1.81","28.79","0.9","51976190.62","Bug'doy"
"NMNX-1603","0-20 sm","Gill","38.827611468148","22.750276119343","7.300970592652","0.53315313847975","43.5","29.877852313939","279.95944569233","1.58","327.51","40.99","3.92","10.34","3.27","49.36","0.84","77992891.53","Bug'doy"
"NTXM-166","0-20 sm","Gill","27.833573389965","18.86269761113","6.9862255741352","0.33817357317603","49.21","27.417772384514","223.58904486435","2.31","","30.55","3.94","8.95","2.62","16.62","0.63","996045852.5","Bug'doy"
"NMNX-158","0-20 sm","Gill","24.34742784584","17.438505913718","6.1933936815283","0.40217502871863","19.77","22.66403143474","243.33569029156","2.12","290.89","38.17","3.95","9.73","1.83","11.96","0.55","1157739995.6","Bug'doy"
"NTXM-167","0-20 sm","Gill","33.831455581031","26.581530409406","6.9739863009689","0.52555519732072","66.9","17.679859852017","186.19592364319","1.98","347.55","34.57","3.97","10.12","1.47","15.81","0.7","1351300121.84","Bug'doy"
"NTTM-128","0-20 sm","Gill","22.417847413584","23.784396807744","7.3864268135933","0.25575070620484","24.82","22.762567505342","188.6104842544","1.89","317.37","26.87","3.93","7.77","2.19","11.96","1","91179135.4","Bug'doy"
"NTXM-168","0-20 sm","Gill","31.410594008124","16.523142624488","6.7377751742541","0.57041003605679","49.99","15.313069710139","230.60821113366","0.73","366.48","29.15","3.97","10.12","0.9","10.21","0.63","","Bug'doy"
"NMNT-160","0-20 sm","Gill","21.935116765058","16.896094357783","6.5732376713723","0.51755162235995","49.63","21.391908669036","167.90203935684","0.55","367.89","25.78","3.98","6.41","2.11","9.01","","257258835.48","Bug'doy"
"NMNX-5461","0-20 sm","Gill","20.824499948206","25.010071349715","6.6093356883151","0.35565489356515","35.54","27.771459435563","277.12745789921","1.62","350.2","22.71","3.99","6.32","1.31","30.74","0.84","530729340.06","Bug'doy"
"NTXM-167","0-20 sm","Gill","22.716384387669","22.086659387346","7.3906134396691","0.49936664136509","31.7","25.149409311485","212.05074839056","2.12","373.44","27.56","3.93","7.22","","11.52","1.16","388401737.24","Bug'doy"
"NMNX-159","0-20 sm","Gill","38.737292945859","18.675220394656","6.4094166518756","0.5464420612399","21.25","20.206348327157","171.58881048348","1.08","313.4","27.59","3.94","","2.65","9.84","1.16","219775903.51","Bug'doy"
"NMNT-160","0-20 sm","Gill","38.770559628006","20.825405124456","6.7473425091234","0.35758740760546","22.06","18.545410053679","267.31768240127","0.66","296.25","25.31","3.96","7.75","2.1","16.29","0.75","1616217484.98","Bug'doy"
"NMNX-5581","0-20 sm","Gill","33.14937326473","29.749258251351","6.8909578710817","0.27047817690208","48.58","23.075041682944","294.25777761179","1.83","413.78","28.94","3.92","7.41","2.38","17.08","0.87","1365330325.83","Bug'doy"
"NTXM-168","0-20 sm","Gill","22.766061872933","26.593744748288","6.7011590547204","0.2891091720277","56.6","22.146303307038","261.00884029042","0.65","385.1","23.48","3.95","9.32","1.6","59.30","1.06","1092202567.54","Bug'doy"
"NMNT-161","0-20 sm","Gill","38.971398609039","19.110703474505","6.8035810858037","0.39592168857121","37.35","28.500977566661","280.65821349911","1.01","326.88","26.65","3.94","9.93","2.62","19.34","","1823101116.29","Bug'doy"
"NTTM-130","0-20 sm","Gill","29.553539126334","15.491235959315","6.2899309722986","0.40118249053083","35.08","25.13422076031","226.57175380613","0.68","355.68","19.42","3.97","7.84","1.96","17.19","0.85","1074795157.96","Bug'doy"
"NMNX-5582","0-20 sm","Gill","39.85649029035","28.481913951182","7.4813288363797","0.55980240329287","20.71","18.007105693794","174.46006957939","1.41","335.93","29.4","3.99","8.25","2.15","24.00","0.68","202084205.62","Bug'doy"
"NMNX-161","0-20 sm","Gill","37.852692954588","18.781771483966","7.358964936839","0.23439249230096","44.42","23.194635356826","165.36503390016","","308.78","23.95","4","9.41","1.6","10.99","0.73","276781541.15","Bug'doy"
"NMNX-160","0-20 sm","Gill","35.128156543874","23.789145951381","6.1334219723794","0.53700003735942","53.6","29.889920724663","151.00946900417","2.1","365.84","29.07","3.98","9.36","2.15","13.67","1.1","2002863562.48","Bug'doy"
"NTXM-169","0-20 sm","Gill","38.059007857834","25.983150206669","6.8281819687094","0.29667254304545","45.72","25.168988958083","272.58511418397","1.39","337.95","27.53","3.93","9.73","2.65","21.53","0.65","1464574482.21","Bug'doy"
"NMNT-161","0-20 sm","Gill","33.819139054583","26.549068987423","6.4865554536954","0.51765503206616","39","22.173385294648","184.46526523542","1.08","364.21","27.99","3.98","8.88","1.93","11.64","0.83","390427946.66","Bug'doy"
"NMNX-5944","0-20 sm","Gill","27.691627438833","23.407234567209","6.2387682327705","0.40050037371419","47.82","20.293529977025","252.17223712492","0.47","346.89","29.1","3.98","7.77","1.88","29.61","0.67","2345229965.67","Bug'doy"
"NTTM-131","0-20 sm","Gill","27.321632216867","23.894988836442","6.7583898164329","0.4247193392787","44.91","19.462545529094","206.56817179511","2.13","375.2","25.2","3.92","8.95","2.24","13.66","1.12","1031881049.76","Bug'doy"
"NMNX-5824","0-20 sm","Gill","29.753843429776","21.41491499824","6.1907604527602","0.21773979771525","42.32","21.175805672771","296.87383875723","0.84","306.28","29.07","3.94","","1.51","11.34","0.88","512800260.09","Bug'doy"
"NTXM-170","0-20 sm","Gill","38.282946060622","21.838245268538","6.8806003332712","0.51319817554542","38.5","20.836126170081","208.86269203232","1.18","362.36","29","3.96","7.3","2.76","13.70","0.84","2086588757.54","Bug'doy"
"NTXM-169","0-20 sm","Gill","22.110320574116","21.506048479804","6.0686741059254","0.49118296917201","55.5","20.439020720482","286.44017236849","0.76","381.82","22.5","3.98","7.54","","20.47","1.17","460417504.81","Bug'doy"
"NTXM-170","0-20 sm","Gill","33.692688527368","18.281009212595","6.0580778654686","0.378478593712","59.8","29.433298706018","243.82132861367","1.53","346.17","22.26","3.99","9.73","1.15","15.71","0.96","918096464.72","Bug'doy"
"NTTM-131","0-20 sm","Gill","39.303623407638","23.373340842583","6.6009012427842","0.27255694865354","14.84","25.214103235725","195.0656927859","0.39","297.24","27.88","3.95","8.85","2.43","97.75","","268660247.6","Bug'doy"
"NMNX-6186","0-20 sm","Gill","24.972881708291","23.27213698729","7.265096527603","0.55721191171158","30.7","15.218419737188","277.52316125015","0.97","342.54","23.09","3.98","9.24","1.74","51.22","1.1","295890809.78","Bug'doy"
"NMNX-162","0-20 sm","Gill","37.590865482611","27.519971755416","6.616121435156","0.28614749390419","22.51","25.32385158314","176.5672418867","2.29","326.49","19.62","3.97","","1.45","4.87","0.93","1230737207.79","Bug'doy"
"NTXM-171","0-20 sm","Gill","32.112144176357","19.181029230965","7.1322455588314","0.54664085661804","52.55","28.346194221807","206.15347916929","2.47","382.31","27.97","3.93","6.35","2.58","31.11","0.94","1354460056.4","Bug'doy"
"NMNT-163","0-20 sm","Gill","32.046221193829","27.869290332421","6.5987891270208","0.5155438316104","23.43","23.931375350967","188.13986322744","1.47","317.35","22.91","3.95","9.63","1.57","14.87","1.09","","Bug'doy"
"NTTM-132","0-20 sm","Gill","24.369860967143","22.478291686099","7.3105826979191","0.42296892941739","43.87","25.793781880511","205.38279069556","1.78","394.37","22.32","3.96","10.17","0.85","19.04","","76962702.08","Bug'doy"
"NMNX-163","0-20 sm","Gill","27.041810639781","21.074284667681","7.1588960826084","0.5998382356893","32.97","22.499691959825","161.14886216256","1.47","341.37","25.39","3.95","7.61","2.83","13.65","0.84","506758900.81","Bug'doy"
"NMNX-1607","0-20 sm","Gill","37.232138490905","16.835220799384","7.2447585733349","0.31294303563679","30.99","29.172434308853","183.78257354557","0.34","382.32","22.29","3.98","7.93","","15.83","0.86","876803564.19","Bug'doy"
"NTXM-170","0-20 sm","Gill","38.191486885167","22.974169564292","6.8015632175224","0.33152107688148","45.63","17.908943065701","174.88044113849","1.28","378.4","25.68","3.92","9.51","1.96","31.77","1.04","129214643.76","Bug'doy"
"NTXM-171","0-20 sm","Gill","21.907041811152","20.971956322996","7.3359777978682","0.58208379429189","42.48","26.702617480902","226.344222465","0.79","324.51","28.15","3.96","","1.8","19.95","0.79","2465244754.2","Bug'doy"
"NTTM-132","0-20 sm","Gill","29.396025418929","25.835939258002","7.4031341012001","0.49773152485387","38.1","19.474408149345","159.29185049301","0.32","379.96","20.63","3.97","9.8","1.91","20.85","0.8","2677827973.1","Bug'doy"
"NMNX-163","0-20 sm","Gill","29.77488854575","26.527688712716","7.1232759286868","0.51792494734591","64","20.944248988565","276.3055304004","","377.16","26.55","3.95","9.6","2.21","20.52","0.52","277503830.76","Bug'doy"
"NMNX-6429","0-20 sm","Gill","21.488800537018","29.504249300563","6.4679833687913","0.30488370707826","36.28","25.052307391133","206.95098947466","1.4","354.34","22.44","3.95","10.19","2.03","20.45","0.82","100125138.83","Bug'doy"
"NTXM-172","0-20 sm","Gill","27.933917815749","27.945987200794","6.0041377460389","0.38837565988683","24.98","26.325766171854","229.54269891301","1.95","263.17","27.14","3.96","7.61","1.75","15.49","1.01","1098766826.82","Bug'doy"
"NMNX-1608","0-20 sm","Gill","22.184210897793","29.342332166498","7.2371363853553","0.51050953751397","19.54","26.47641177031","239.21444912522","2.64","320.38","28.13","3.96","5.92","1.45","15.15","0.38","1150832408.56","Bug'doy"
"NTXM-171","0-20 sm","Gill","38.156197914663","16.11969926708","6.4088319842945","0.31212199968191","58.67","19.200052204995","275.76558438946","0.83","369.3","25.35","3.98","8.81","2.18","14.93","0.56","2590884854.76","Bug'doy"
"NTXM-172","0-20 sm","Gill","39.368101333784","28.956699462319","6.5216325912474","0.53962966340887","38.17","21.929974751929","294.10271456867","1.1","322.48","25.36","3.99","6.75","2.17","22.55","1.05","1029295398.85","Bug'doy"
"NMNX-6670","0-20 sm","Gill","31.880930395574","16.383439413685","6.3793936763611","0.54298203184643","56.83","25.40063726242","243.07556432111","1.24","355.57","28.37","3.92","6.66","2.4","48.97","0.92","","Bug'doy"
"NTXM-172","0-20 sm","Gill","33.67894198981","18.194359096223","7.1294561775961","0.53434647829694","56.81","22.019320907591","287.48377323101","1.84","393.69","29.13","3.93","7.16","","15.72","1.17","911916957.37","Bug'doy"
"NTXM-173","0-20 sm","Gill","35.319666031494","21.497252007347","6.1971381035387","0.35557896152884","54.16","19.338649717299","161.0278295453","1.05","362.04","27.32","3.95","8.17","2.89","16.52","1.04","151706303.13","Bug'doy"
"NMNT-165","0-20 sm","Gill","39.03386672223","24.571188968085","6.9068508213551","0.42474642625278","20.6","29.685880233228","226.426725151","1.67","335.62","28.18","4","8.5","2.39","16.53","1.24","1990789157.77","Bug'doy"
"NTTM-134","0-20 sm","Gill","39.645503991401","29.575302444117","6.8704833181973","0.39470093667678","26.82","26.958170879834","177.76422145024","1.8","322.42","23.17","3.92","","2.94","17.90","","850830056.4","Bug'doy"
"NMNX-6671","0-20 sm","Gill","37.999490976754","15.936021694299","6.7215605995227","0.33658591202505","42.78","28.837136872417","223.7695668759","1.76","354.04","26.5","3.95","9.15","1","13.82","0.5","1980102042.65","Bug'doy"
"NTXM-173","0-20 sm","Gill","37.628860594042","21.209702464947","6.3862785141783","0.2517702392191","28.11","15.906231676465","219.82996563648","0.84","317.37","28.06","3.94","10.15","0.99","22.39","1.07","937382601.33","Bug'doy"
"NMNT-165","0-20 sm","Gill","20.54180162577","18.079663251456","7.2081160645193","0.50288901404581","17.24","16.28446701489","256.39798561659","1.31","326.07","","3.97","6.08","","17.39","0.97","79192570.59","Bug'doy"
"NMNX-6791","0-20 sm","Gill","26.144110742854","24.121054221822","7.3090262323961","0.39607200223337","53.9","21.088928611453","246.74909380224","1.76","367.43","22.46","3.96","6.86","2.53","45.37","1.23","1857398932.37","Bug'doy"
"NTXM-173","0-20 sm","Gill","20.908931805535","25.183009495886","6.7689980466576","0.50337451509916","53.62","23.214433908527","294.02752250234","1.64","392.38","19.03","3.96","8.03","0.94","25.01","0.92","464994463.33","Bug'doy"
"NMNX-165","0-20 sm","Gill","36.752285149195","21.703739909638","6.9787153707447","0.4748119963414","19.83","16.915490499822","193.21181849456","0.35","329.28","28.74","3.96","8.11","1.76","15.67","0.91","879994026.69","Bug'doy"
"NMNT-166","0-20 sm","Gill","26.947374717924","20.257231566657","6.7852993335239","0.41747721049658","59.79","26.471802279416","280.64922156412","1.86","357.7","26.82","3.93","7.5","","52.17","1.11","1681854080.87","Bug'doy"
"NMNX-6792","0-20 sm","Gill","39.932675790673","29.115927483313","6.5499074483575","0.51868471944868","47.94","20.07469634175","270.79553621781","1.29","370.03","29.41","3.96","","1.8","58.38","","2066346164.78","Bug'doy"
"NMNX-166","0-20 sm","Gill","20.856928827931","18.973158333852","6.9153945250549","0.48650143969424","29.84","21.332849727783","173.96003735423","1.51","325.87","29.55","3.99","9.47","","53.91","1.12","104353475.56","Bug'doy"
"NMNX-1610","0-20 sm","Gill","31.554981174993","16.623000080321","6.9091570470503","0.23294509351906","40.73","19.908176169313","268.14486252232","2.25","338.1","24.84","3.97","8.81","2.87","65.63","0.98","","Bug'doy"
"NMNT-166","0-20 sm","Gill","30.65196277393","29.783845585553","6.7384215670544","0.5571260057341","20.82","27.73173701034","201.23666025267","1.76","291.98","29.86","3.96","7.66","1.56","13.34","1.17","1627952005.23","Bug'doy"
"NTTM-135","0-20 sm","Gill","28.476832072625","20.732756926765","7.0720379101126","0.29967821449461","39.7","22.454994376333","291.32039250701","1.81","345.87","28.56","3.95","8.18","1.77","7.61","0.48","","Bug'doy"
"NMNX-7033","0-20 sm","Gill","23.392552718928","19.09389239203","6.088386705271","0.34774808572545","41.54","17.049868055047","254.42426469452","1.07","354.72","27.44","3.94","10.34","1.71","25.73","0.88","2353551282.29","Bug'doy"
"NMNX-7154","0-20 sm","Gill","38.582470772099","15.8721523114","6.8790453954649","0.23637288576856","24.09","17.894105376098","266.93999592518","2.11","340.06","27.04","3.97","7.65","1.64","19.15","0.95","97511729.43","Bug'doy"
"NMNX-166","0-20 sm","Gill","25.790213674571","18.367071199164","6.074517481021","0.29445494768631","36.93","17.381195942342","285.55261898369","1.29","307.5","29.78","3.97","5.71","1.76","24.94","0.69","427762334.24","Bug'doy"
"NTXM-175","0-20 sm","Gill","30.959667439707","24.132770339081","6.2593774878231","0.40938649686214","51.78","21.1224146408","163.23528740072","2.17","365.79","24.39","3.95","6.43","0.82","23.31","0.69","1814142999.04","Bug'doy"
"NTTM-136","0-20 sm","Gill","28.227268298484","27.786200559389","6.0724237046503","0.56828357861871","22.87","17.568576291727","268.38086283843","1.34","277.49","21.97","3.97","8.11","2.21","25.68","0.37","1912462605.59","Bug'doy"
"NMNX-7034","0-20 sm","Gill","33.310016231451","26.343660247774","7.2329271638185","0.4793436238737","51.29","23.416163714713","205.2191593305","1.79","389.35","29.88","3.92","7.04","2.43","14.94","1.29","705640878.53","Bug'doy"
"NMNX-7155","0-20 sm","Gill","24.975137312454","21.537325966946","6.9837464031069","0.43154646584088","27.57","26.605178855625","177.2732766978","1.76","350.72","20.74","3.96","8.39","2.31","18.56","0.85","186470354.14","Bug'doy"
"NTXM-175","0-20 sm","Gill","24.055130888249","29.334136197674","6.1591470479085","0.56743820954635","60.77","15.674679025909","285.93261662434","1.23","396.07","26.4","3.96","6.35","2.67","22.39","1.04","821238911.83","Bug'doy"
"NMNX-167","0-20 sm","Gill","22.031785979727","22.477335980388","6.5550351399959","0.48315901664004","12.58","27.740473529899","211.756865657","1.11","345.76","25.31","3.95","9.82","2.88","24.41","0.95","348343870.44","Bug'doy"
"NTXM-174","0-20 sm","Gill","30.950940394931","21.168946976877","7.4114961055585","0.40863096891446","41.37","21.071505003522","171.53823410292","1.13","344.94","29.58","3.94","","","17.55","0.48","896526479.23","Bug'doy"
"NTXM-175","0-20 sm","Gill","34.768481793649","21.705763029665","6.375472167819","0.27561837030546","61.98","19.531979886875","265.91099500078","0.71","385.93","27.75","3.92","9.26","","23.42","1.09","80528423.03","Bug'doy"
"NMNT-167","0-20 sm","Gill","27.498046902081","22.967244849411","7.0335961561694","0.57976654411407","21.43","15.787390635806","281.30191095007","2.27","376.85","27.47","3.96","7.92","1.28","25.19","1.18","","Bug'doy"
"NMNX-7275","0-20 sm","Gill","36.544398868752","23.602254062602","6.3208825834521","0.26714608105623","44.5","27.177317286187","244.47552872568","1.1","390.15","29.58","3.96","7.34","1.36","70.37","0.82","227175663.04","Bug'doy"
"NMNX-7396","0-20 sm","Gill","38.053243773934","18.261855466734","6.3429238504515","0.2728857105293","23.59","24.836510669867","168.51220502366","1.3","263.54","25.84","3.99","9.04","2.23","33.76","1.01","","Bug'doy"
"NMNX-167","0-20 sm","Gill","34.432861025796","18.107891294287","7.0322622263177","0.28982010407929","50.06","25.606801928651","205.54903633079","1.23","383.77","27.1","3.93","","1.28","20.26","1.29","179736422.06","Bug'doy"
"NTXM-176","0-20 sm","Gill","27.845246676072","23.172139666798","7.3879023551609","0.43600813652703","52.71","19.62961503196","262.79935890824","1.9","350.94","23","3.96","9.48","0.86","23.34","0.85","146176386.87","Bug'doy"
"NMNT-168","0-20 sm","Gill","22.949494973583","16.304696996072","7.3740028935141","0.44905753541493","33.01","15.56050081657","292.3642747424","2.22","346.69","26.26","3.95","6.22","0.88","30.65","0.93","1051906517.78","Bug'doy"
"NTTM-137","0-20 sm","Gill","20.853139176273","24.563469709018","7.3817041853438","0.25344192211754","13","20.210175353193","242.96387749242","1.77","299.66","27.25","3.95","7.2","2.36","22.10","0.97","87781876.42","Bug'doy"
"NMNX-7276","0-20 sm","Gill","29.608683490847","17.920839164998","7.2600574388965","0.2002035513251","40.55","27.248021755861","257.43574333475","0.45","359.92","27.28","3.98","9.51","1.45","21.86","1.14","","Bug'doy"
"NMNX-1612","0-20 sm","Gill","33.212500694093","19.951626695889","6.6095724361047","0.37670612928343","53.94","22.556650502016","202.57452392949","0.88","403.41","27.36","4","7.09","","25.48","1.17","","Bug'doy"
"NTXM-175","0-20 sm","Gill","24.564866032023","29.407350289035","6.6695203452079","0.3092480704434","44.18","20.40331700777","249.9270496818","","319.27","26.84","4","","1.48","101.38","","1270668479.34","Bug'doy"
"NMNX-167","0-20 sm","Gill","22.429264218361","20.401530281778","7.445861623095","0.39066445816658","14.01","22.677950015878","297.64812234876","2","302.66","24.81","3.95","8.89","2.28","20.46","0.86","406617372.14","Bug'doy"
"NMNT-168","0-20 sm","Gill","28.676742256136","27.136685976994","7.2495881188771","0.26841529364437","25.03","24.516895453924","239.91561235909","1.43","318.96","24.81","3.95","10.21","1.52","42.30","1.16","2030878996.89","Bug'doy"
"NTTM-137","0-20 sm","Gill","31.292070718377","26.578242450055","6.5379108409748","0.36339558156966","40.44","28.330650847397","222.76221673829","1.46","336.18","24.45","4","9.72","2.75","19.57","0.4","318926438.59","Bug'doy"
"NTXM-176","0-20 sm","Gill","25.739685409735","19.85394619833","6.0801528783414","0.26654560122966","53.55","25.35471083705","296.4637502087","2.48","359.95","29.14","3.99","7.59","","32.28","1.26","801602732.79","Bug'doy"
"NMNX-168","0-20 sm","Gill","22.952733643829","26.403136784939","6.7068347453021","0.41287161896237","27.72","25.404827330136","170.18242774096","","301.34","25.75","3.96","6.24","1.62","12.02","0.67","1760053256.44","Bug'doy"
"NMNX-7639","0-20 sm","Gill","36.40592820314","16.57861484445","6.6385401054235","0.4447110987145","29.28","19.131480300304","278.38728208991","1.79","333.96","24.7","3.99","","1.41","19.42","0.7","404245266.02","Bug'doy"
"NTXM-177","0-20 sm","Gill","24.022267618804","15.978546105494","6.9363597617011","0.39254202639041","52.95","29.058952859285","290.90263800991","0.47","314.82","28.24","3.98","7.9","1.12","15.04","1","619463933.19","Bug'doy"
"NMNX-169","0-20 sm","Gill","30.00945786005","19.939981618539","6.4860730838226","0.55870890810795","28.54","28.742672777824","292.60839182944","1.69","361.71","23.75","3.98","8.03","0.8","10.90","0.73","1781632355.05","Bug'doy"
"NTXM-176","0-20 sm","Gill","22.190554869152","17.845418704153","7.392146425585","0.48279498702852","39.99","27.621757400869","179.59054784306","0.79","324.61","25.88","3.98","9.6","1.95","62.56","0.84","638579943.12","Bug'doy"
"NMNT-169","0-20 sm","Gill","25.884470725668","16.585665306659","7.0800466355061","0.21473759739293","34.97","20.373422822703","240.20552027839","2.38","327.8","25.33","3.99","8.32","2.72","57.41","1.26","411900025.86","Bug'doy"
"NTTM-138","0-20 sm","Gill","39.012600033353","25.180782793523","6.6116633185671","0.58130022075473","26.52","28.067501819845","286.84444112025","2.04","326.74","21.45","3.96","6.22","1.84","44.66","0.94","2080274414.58","Bug'doy"
"NMNX-7759","0-20 sm","Gill","21.770908376266","19.857593313654","7.4533256631811","0.52123482605398","51.14","23.276241505413","204.12106622734","1.77","341.94","24.62","3.94","","1.71","61.95","1.2","2135938280.64","Bug'doy"
"NMNX-7880","0-20 sm","Gill","30.525390541621","28.855919590648","7.2726567633187","0.36734568132712","55.13","27.920112164091","224.1157046545","1.23","385.88","28.39","3.97","8.74","","72.68","0.8","766462869.97","Bug'doy"
"NMNX-169","0-20 sm","Gill","23.314841707914","27.183266498685","6.6949136096068","0.49305672844587","21.1","22.631317094686","218.91208742585","2.03","331.17","26.9","3.95","7.27","1.63","80.09","0.92","370926851.75","Bug'doy"
"NTXM-178","0-20 sm","Gill","30.25184689441","16.642342427829","6.6502479839745","0.39221463711704","47.64","20.508746039781","182.23549694871","1.15","357.24","21.94","3.96","8.51","2.32","73.59","0.59","","Bug'doy"
"NMNT-170","0-20 sm","Gill","26.922825445768","28.331258120212","6.2007418517582","0.59157045907863","16.9","25.042264518582","269.24771463159","2.22","307.29","27.13","3.99","6.05","2.7","13.83","","330686951.49","Bug'doy"
"NTTM-139","0-20 sm","Gill","35.56073726024","16.14926214408","6.9878829349498","0.26994956263873","42.8","15.0468121843","266.91897147325","1.21","325.76","23.05","3.99","7.43","","14.89","0.61","2939754258.06","Bug'doy"
"NMNX-7881","0-20 sm","Gill","32.964829679337","17.457183923461","6.1998056448531","0.2913262841889","41.74","29.557487050573","287.74136838835","1.1","314.89","29.92","3.98","","2.64","13.26","1.13","2216465541.13","Bug'doy"
"NMNX-169","0-20 sm","Gill","27.423921868512","26.227871979222","6.8686324019699","0.28019689370719","22.6","15.607805490498","298.16364805934","1.2","366.82","21.82","3.99","6.35","2.73","10.43","0.81","1314857165.5","Bug'doy"
"NTXM-178","0-20 sm","Gill","37.082099690754","18.728506093152","6.8554709265758","0.21836952408035","57.71","25.060208503125","229.37514913714","0.14","371.97","28.66","4","6.23","","5.19","1.27","218451516.01","Bug'doy"
"NMNX-8001","0-20 sm","Gill","22.873389744893","17.061655298217","6.2775474359264","0.41063248160679","34.37","27.469403107159","269.92685807159","1.2","329.24","29.13","3.96","9.98","1.7","26.87","0.8","48229765.02","Bug'doy"
"NTXM-178","0-20 sm","Gill","25.236569014964","28.897668697348","6.4001925181903","0.54130914932615","23.84","28.226995378887","175.7143637967","0.64","281.39","23.54","3.95","7.93","1","35.32","","43139814.63","Bug'doy"
"NTXM-179","0-20 sm","Gill","22.801668294475","20.308290357144","7.4414393755524","0.23178367479273","26.31","16.289179857456","236.42978566793","0.65","320.82","22.98","3.93","6.1","2.35","17.17","0.9","90952864.05","Bug'doy"
"NTTM-140","0-20 sm","Gill","26.296629044931","18.27640998165","6.1687551704975","0.26763984080195","53.09","24.376585276681","187.12152710791","0.84","334.14","25.07","3.92","6.43","2.65","20.33","","1950835419.05","Bug'doy"
"NMNX-8123","0-20 sm","Gill","30.268431319857","17.185913379623","7.0604898287676","0.23451109758352","35.38","25.390705033376","262.0631335488","0.91","347.13","29.19","3.92","","1.18","15.92","0.99","247256285.44","Bug'doy"
"NTXM-179","0-20 sm","Gill","34.425736217076","22.966664033359","7.4776638847941","0.35159286330306","29.51","29.06721622751","170.68404677189","1.3","314.79","27.49","4","10.28","","41.66","1.13","","Bug'doy"
"NMNX-171","0-20 sm","Gill","38.964562769441","22.809922634746","6.3689443575182","0.45317449077812","27.16","29.845465748126","251.82951164433","0.73","349.01","26.49","3.95","8.01","1.11","84.20","0.51","2456743186.51","Bug'doy"
"NMNX-1615","0-20 sm","Gill","33.882598108008","22.842899559316","6.2088835429279","0.37515860201629","39.97","27.756726984144","252.94650443171","0.86","366.03","22.93","3.99","8.16","0.96","19.17","0.82","265797874.66","Bug'doy"
"NTXM-178","0-20 sm","Gill","23.110699419657","28.426821651707","6.2398230353719","0.31458723417113","16.16","26.498869226416","177.54242428007","1.1","275.63","25.34","3.92","6.78","2.43","60.84","1.04","197508378.26","Bug'doy"
"NMNX-170","0-20 sm","Gill","29.974966133615","28.063042083113","6.3137104775951","0.4786642131956","22.4","18.137240859428","220.81366038002","0.72","306.49","25.04","3.96","8.76","2.11","89.60","0.9","2474047865.71","Bug'doy"
"NTXM-179","0-20 sm","Gill","28.540697705659","22.235703157582","6.4347626509199","0.44568166796831","50.85","27.90734413712","265.18658524252","1.9","336.4","26.85","3.95","8.6","1.29","43.44","0.96","928575249.73","Bug'doy"
"NMNT-171","0-20 sm","Gill","20.256441418504","26.096106066791","7.0076626699441","0.51260404336953","43.92","15.138439833722","154.87913920862","0.58","391.25","27.44","3.98","9.1","1.88","65.28","","79219148.92","Bug'doy"
"NTTM-140","0-20 sm","Gill","25.094613606978","15.568132711054","6.8521314040301","0.32791240356532","18.73","19.745612623984","230.92243240116","2","293.66","22.8","3.96","","2.92","48.47","1.2","1397847322.97","Bug'doy"
"NMNX-171","0-20 sm","Gill","30.026586776611","27.613876381407","7.1975000363627","0.37680954024718","46.15","22.911741267041","276.61473377967","1.44","357.4","21.4","3.93","9.97","1.57","20.26","1.22","159552516.44","Bug'doy"
"NTXM-180","0-20 sm","Gill","37.867201346245","22.129188229086","6.7864327806009","0.53500693483046","32.67","29.933591062537","291.51864956707","1.01","308.56","19.84","4","8.79","1.65","87.12","0.56","475349092.55","Bug'doy"
"NMNT-172","0-20 sm","Gill","31.228288675576","16.783072640283","7.1730581195154","0.30620916945303","31.57","26.701310615619","275.44224483626","2.01","353.49","15.42","3.97","","","22.54","0.86","140459134.7","Bug'doy"
"NTXM-180","0-20 sm","Gill","30.993598651955","16.740207010538","6.5466500001788","0.36294970424949","22.44","29.818699752327","158.58692195192","1.37","331.08","28.55","3.98","8.19","2.4","22.65","1.14","2744533758.04","Bug'doy"
"NTXM-179","0-20 sm","Gill","37.425467433079","28.263419483668","6.9673644120428","0.55035253127997","27.03","18.696935211342","267.86492784321","1.14","293.38","27.86","3.98","9.93","0.9","25.04","0.51","2439094278.19","Bug'doy"
"NMNT-172","0-20 sm","Gill","31.08774901459","27.569665985439","7.1519935106458","0.41185414710798","25.94","23.919485173054","264.2706639288","1.71","285.67","29.81","3.92","9.06","2.51","15.59","0.86","587781921.1","Bug'doy"
"NMNX-8485","0-20 sm","Gill","22.041170255381","24.357503208081","6.6073039998287","0.58618204328763","29.87","16.590761772831","271.79916269467","1.62","317.22","27.62","3.97","8.18","1.69","11.96","","1110600082.48","Bug'doy"
"NMNX-8606","0-20 sm","Gill","27.433957667609","25.723047544279","7.0955741866016","0.4466076896322","47.14","19.518158218708","206.93633220713","1.53","417.45","29.76","3.95","","1.15","15.82","0.86","","Bug'doy"
"NTXM-180","0-20 sm","Gill","24.738027080159","16.159279402069","6.9925885371581","0.46324183422786","38.97","21.805214814428","183.06768180595","1.45","357.78","27.68","3.98","6.86","1.75","63.54","1.09","1642408057.19","Bug'doy"
"NMNX-8486","0-20 sm","Gill","32.309091299638","25.791384522699","7.2253333654588","0.44450872028951","16.25","21.139895597575","237.96260541189","1.05","342.16","20.02","3.98","7.41","2.42","76.08","0.89","647461492.32","Bug'doy"
"NMNX-8607","0-20 sm","Gill","23.281043956094","26.420578424134","6.1994701842009","0.30742441143286","53.91","22.772831422864","209.80776758908","1.99","338.32","26.9","3.94","6.74","0.6","15.36","","61754658.86","Bug'doy"
"NTXM-180","0-20 sm","Gill","30.650043807584","17.567058730492","6.516653814997","0.46786250045871","14.94","23.29226074853","285.35579779403","1.52","268.23","23.53","3.99","","2.08","11.12","0.77","","Bug'doy"
"NTXM-181","0-20 sm","Gill","31.070747605025","26.085867181037","6.3769703754319","0.31144995834617","60.86","27.749265078374","214.28691501118","1.68","368.82","26.6","3.99","6.31","0.93","14.94","0.74","316293040.2","Bug'doy"
"NTTM-142","0-20 sm","Gill","25.441935562774","29.929551278273","7.1230328953085","0.41577459414055","59.98","21.548823166783","241.07048532227","0.81","398.18","23.56","3.95","7.16","1.57","10.64","1.33","1311559770.35","Bug'doy"
"NMNX-8848","0-20 sm","Gill","33.960942006748","19.505007557937","6.208130309903","0.36456971847123","31.83","21.963718584392","274.04677202047","0.73","336.13","21.89","3.95","7.18","1.42","10.17","1.06","449640312.01","Bug'doy"
"NTXM-181","0-20 sm","Gill","31.591195399082","26.874657796688","6.6706577661293","0.24687419946295","52.15","25.753641773204","161.30185361277","1.23","337.74","28.48","3.99","10.08","1.49","11.27","0.51","581217158.6","Bug'doy"
"NMNX-173","0-20 sm","Gill","28.337442915118","21.801783766626","6.6822939878035","0.21101401181883","56.21","25.501182807169","154.44489350672","1.71","343.12","24.5","3.93","8.08","2.52","11.23","1.31","440719644.19","Bug'doy"
"NTTM-143","0-20 sm","Gill","24.596171803282","28.688170871864","7.1381080935872","0.48584654992066","31.33","18.667138179865","255.25797781788","1.72","337.91","29.46","4","7.32","2.27","11.48","0.64","189885797.26","Bug'doy"
"NMNX-8728","0-20 sm","Gill","34.184201976115","18.529303310169","6.380455664958","0.57790964461802","32.41","17.630278639326","154.1392555274","2.17","340.95","26.45","3.98","8.03","2.38","10.72","0.78","815693870.75","Bug'doy"
"NMNX-174","0-20 sm","Gill","36.117904182053","23.134233697941","6.719103553686","0.55096062966948","15.69","18.720364510446","203.29293536891","1.26","294.9","24.05","3.94","8.87","3.11","10.56","1.16","2354317369.25","Bug'doy"
"NTXM-181","0-20 sm","Gill","28.296544425594","26.558841208495","7.3425819141803","0.29350023070593","14.01","27.803086350397","234.75956592921","0.7","290.08","27.65","3.97","6.35","1.33","8.42","1.06","1274298161.19","Bug'doy"
"NMNX-173","0-20 sm","Gill","35.972862688912","18.483400196282","7.3635293522656","0.52579992151355","22.68","15.77599960412","174.19254204589","1.88","304.96","19.45","3.93","6.51","2","11.44","0.95","422047153.25","Bug'doy"
"NTTM-143","0-20 sm","Gill","28.009336864231","24.161721846861","7.3147288574123","0.32076963674031","32.03","19.810008260742","253.60003613834","1.25","334.35","26.07","3.95","8.69","2.15","9.39","0.81","1794372260.08","Bug'doy"
"NMNX-9090","0-20 sm","Gill","37.179305070521","19.149896613948","7.1867750998499","0.23552787556133","30.07","24.371718686504","252.79592140785","1.22","","25.31","3.99","7.66","1.51","11.27","0.69","2424663604.01","Bug'doy"
"NTXM-183","0-20 sm","Gill","23.538154463897","19.520940534831","6.8084142263583","0.25469176071674","34.7","17.364430165603","267.19611251445","1.68","385.07","21.12","3.99","8.66","1.62","12.10","1.01","","Bug'doy"
"NMNT-175","0-20 sm","Gill","32.287351042486","29.040004035897","6.7959599208739","0.50373854891181","48.23","28.277528074831","187.0752876573","1.65","340.76","27.95","3.98","6.42","1.2","11.85","0.89","1219236121.87","Bug'doy"
"NTTM-144","0-20 sm","Gill","36.450492730425","27.166601863387","6.0090346884698","0.21167833784091","43.41","15.849908283313","266.60463310801","1.24","371.18","28.78","3.92","7.78","2.53","12.43","0.32","683393868.6","Bug'doy"
"NMNX-8970","0-20 sm","Gill","39.790931788463","28.678867572661","6.0391458455151","0.56705681753198","42.66","26.197138991478","237.48945873421","2.26","347.43","24.73","3.93","7.88","","14.79","0.61","283308071.93","Bug'doy"
"NTXM-182","0-20 sm","Gill","36.033330114694","29.200833710521","6.2319301925691","0.4278155118063","23.18","20.224329270166","228.46167639792","1.4","299.78","25.67","3.93","8.5","1.41","13.47","0.63","2111166631.72","Bug'doy"
"NMNX-174","0-20 sm","Gill","25.546575558205","22.701872143582","7.4934254942937","0.46058766330364","38.89","28.351403842936","242.29579085071","1.32","328.12","21.07","3.98","","2.55","12.22","1.1","618711022.88","Bug'doy"
"NTXM-183","0-20 sm","Gill","28.699211381801","25.954040622227","7.3973542184292","0.41970499885701","39.21","22.325159023723","151.38055082706","0.9","374.39","21.14","3.97","","2.43","11.24","1.25","504411405.53","Bug'doy"
"NMNT-175","0-20 sm","Gill","21.167924873267","16.882379276997","6.7105346409135","0.52302835183198","54.69","25.528730788007","259.59560701807","0.71","388.63","25.55","3.97","8.31","","26.48","1.13","649466849.28","Bug'doy"
"NMNX-9332","0-20 sm","Gill","33.337056998265","26.77514087485","6.492099417725","0.50663339737138","24.05","28.045458566737","186.13834410247","0.67","296.8","20.15","3.95","7.37","1.73","72.15","1.03","661280662.54","Bug'doy"
"NTXM-184","0-20 sm","Gill","39.326483995348","25.779893909078","7.3704427806478","0.52568107864926","21.23","17.789415413749","171.42175211631","1.61","313.12","25.14","3.99","7.98","1.45","61.42","1.01","149189350.02","Bug'doy"
"NMNX-9212","0-20 sm","Gill","38.984542850602","20.610692792022","7.1738876639896","0.27837738989738","21.78","18.236131828065","165.64740271394","1.93","308.38","25.44","3.93","9.09","0.96","10.52","0.98","1917734702.87","Bug'doy"
"NMNX-9333","0-20 sm","Gill","31.44120149089","21.59165924363","6.3322183835457","0.52667310754086","57.97","21.000578753648","217.06871664022","2.53","378.93","27.82","3.98","8.8","1.08","9.15","1.18","2222666470.11","Bug'doy"
"NTXM-184","0-20 sm","Gill","32.458712423979","15.872792564038","6.717285088073","0.57729839858153","32.28","20.21993523276","288.92615855557","1.58","341.1","21.11","3.99","7.75","2.41","10.77","0.81","747423379.48","Bug'doy"
"NMNX-176","0-20 sm","Gill","22.338735334778","16.687032668697","7.0796397676369","0.38567068256003","38.66","24.012186055332","155.3966128889","0.68","325.48","27.45","3.97","8.21","0.83","10.64","1.1","292005900.47","Bug'doy"
"NMNX-1620","0-20 sm","Gill","37.67038302433","28.96749441963","7.371418195982","0.59272285817091","59.73","16.145057081501","231.89785083899","1.14","409.02","28.91","3.95","7.09","","9.69","0.92","780007448.07","Bug'doy"
"NTXM-183","0-20 sm","Gill","30.068316062518","15.377531186785","7.2746774326099","0.38707634593535","61.9","15.998496999893","221.96803289863","1.27","403.45","24.76","3.92","9.33","2.55","21.69","0.82","502656290.97","Bug'doy"
"NMNX-9453","0-20 sm","Gill","21.192641976422","24.957930016397","6.0182994254385","0.34798938906782","54.88","16.219528485999","233.48926626985","2.03","376.46","26.79","3.93","","2.13","13.02","0.87","206825468.79","Bug'doy"
"NMNX-9574","0-20 sm","Gill","28.080145625796","20.835430603531","6.5770000770049","0.52163407924059","23.31","25.075738673421","175.05533215129","1.04","276.35","25.29","3.99","8.09","2.4","10.16","0.28","1163330834.64","Bug'doy"
"NTXM-184","0-20 sm","Gill","37.032127842856","16.467203079712","7.1673743415153","0.2692844919854","29.08","29.506147258547","179.05182703456","0.86","344.5","25.16","3.94","6.93","2.8","9.72","1.13","2060092830.08","Bug'doy"
"NMNX-176","0-20 sm","Gill","30.108029981006","15.865332585446","7.3147523047712","0.45856917044325","16.58","19.778799097465","178.04222499251","1.42","309.97","27.45","3.92","7.89","2.04","65.43","1.1","88485696.43","Bug'doy"
"NTXM-185","0-20 sm","Gill","28.109129913202","23.818403991721","7.0874339619225","0.48497050077493","32.45","18.552828971824","261.06195929803","1","314.58","26.47","3.94","8.58","0.93","45.00","0.45","1980268254.41","Bug'doy"
"NMNT-177","0-20 sm","Gill","30.323337337361","29.160255699079","6.8975406884168","0.56506585822491","29.37","24.558775624843","231.34673129724","1.33","360.42","28.17","4","8.75","1.82","17.13","0.63","180463785.84","Bug'doy"
"NTTM-146","0-20 sm","Gill","30.811534604545","28.074886073913","6.4409135544408","0.23189421408669","42.02","21.197434843204","272.10291493403","1.72","348.61","24.54","3.97","8.24","2.81","9.96","1.04","1087044058.56","Bug'doy"
"NTXM-185","0-20 sm","Loy","27.064344899637","23.172565200188","6.6579631350918","0.23123037414268","36.82","16.96706472526","200.83239869898","0.67","314.89","27.22","3.94","7.04","1.54","10.46","0.76","135262411.49","Bug'doy"
"NMNX-177","0-20 sm","Loy","31.689443870496","28.975267720936","7.2349433033771","0.56147324166404","48.51","16.402216117158","169.50706904642","2.63","395.16","27.91","3.95","10.95","2.08","11.24","0.84","2628233141.45","Bug'doy"
"NTXM-184","0-20 sm","Yengil qum","32.234093905226","27.067968443933","6.424923409006","0.30721324698345","10.99","20.69738530406","238.48098378572","0.74","307.09","27.69","3.92","8.69","1.62","10.97","0.9","1032470594.73","Bug'doy"
"NMNX-176","0-20 sm","Yengil qum","31.677930751473","22.928570901673","6.4772288652952","0.22610582505373","53.36","17.671786727742","204.17745205547","1.44","410.97","28.6","3.94","8.2","","7.32","0.58","1550136998.56","Bug'doy"
"NTXM-185","0-30","Gill","28.85365463206","25.858197906368","6.1232266146271","0.55660689846917","28.41","16.991279251353","171.4528888414","1.42","332.88","19.14","3.95","7.04","1.81","12.75","0.38","570287122.32","Bug'doy"
"NMNX-9816","0-30","Gill","28.963510270588","15.144260543024","6.9521041093791","0.40357551905232","49.37","22.595350624663","184.64718963623","1.83","361.76","25.18","4","7.26","1.36","15.45","0.97","437044825.18","Bug'doy"
"NTXM-185","0-30","Gill","20.885782503816","17.843139530387","7.3868744961026","0.39899967572398","26.82","24.835934071727","259.34167322162","1.15","355.35","23.72","3.96","6.69","2.77","49.35","0.89","492639985.64","Bug'doy"
"NMNX-177","0-20 sm","Yengil qum","22.912600465304","17.811799906088","6.7267638519601","0.3891681666021","10.48","17.126849779067","279.04847331035","1.32","314.09","25.56","3.98","8.59","0.59","8.90","0.74","94675517.33","Bug'doy"
"NMNX-9696","0-20 sm","Yengil qum","21.741383098074","15.67843467187","6.0970677910419","0.27634521052049","21.24","18.571714387843","281.07331108744","0.65","315.74","27.21","3.96","7.8","1.33","43.94","1.1","","Bug'doy"
"NMNX-9817","0-20 sm","Gill","29.438059820527","23.751089342821","6.2750235254241","0.34593726133167","32.41","15.447586696061","184.87016193581","1.61","331.44","28.69","3.95","6.28","2.58","61.46","0.99","123360218.32","Bug'doy"
"NTXM-186","0-20 sm","Gill","32.735855781638","18.124264641146","6.0330677000484","0.3733979004072","51.67","22.463288953035","223.03269224005","0.59","364.32","26.91","3.93","8.77","1.45","41.14","0.75","1736183137.04","Bug'doy"
"NMNX-178","0-20 sm","Gill","22.469121718166","29.371564278209","6.8092680108314","0.50558058241305","30.63","17.297424846542","190.52715451626","1.43","304.63","27.91","3.99","8.76","1.74","74.33","","1607655407.98","Bug'doy"
"NMNX-1622","0-20 sm","Gill","37.98233596647","29.828771171752","6.3563141233565","0.53469973449108","30.17","15.137081449202","299.20427495034","1.04","348.88","28.54","3.93","8.94","1.37","69.38","1.04","","Bug'doy"
"NMNX-177","0-20 sm","Gill","32.453163000101","23.576710516391","7.43283797242","0.30552551153214","28.68","25.959406631096","258.19452337092","1.5","307.9","26.14","3.93","7.59","2.73","43.15","0.5","2411678028.53","Bug'doy"
"NTXM-186","0-20 sm","Gill","25.949581252403","19.165659640559","6.0550062720164","0.4806380746487","34.4","18.989732062516","153.24930683208","0.9","305.77","22.25","3.92","7.67","1.84","29.53","","1736038512.69","Bug'doy"
"NTTM-147","0-20 sm","Gill","31.346757763206","15.302103844437","7.4301084551675","0.2049454751258","24.3","15.322850457452","183.22436546106","2.04","264.97","25.53","3.94","7.54","2.25","53.17","1.19","597584890.65","Bug'doy"
"NMNX-10058","0-20 sm","Gill","24.508348866588","16.679703109465","7.2496975065667","0.39739333943311","69.23","18.351626110909","191.04963562182","0.56","345.62","27.46","3.96","9.38","1.72","12.92","0.24","457862824.09","Bug'doy"
"NTXM-187","0-20 sm","Gill","39.343742090136","23.76713631791","7.2541605124373","0.4146717418698","29.74","20.636282795318","226.61475921155","1.07","335.02","25.94","3.95","6.88","1.38","15.56","0.45","1251637423.12","Bug'doy"
"NMNT-179","0-20 sm","Gill","28.05653692001","23.443595591557","6.4930001354549","0.28334175668244","28.17","17.714571583751","242.51222104416","0.35","297.16","23.19","3.92","9.4","1.85","23.62","1.11","","Bug'doy"
"NMNX-10059","0-20 sm","Gill","27.216631037009","24.797348503935","6.0123553420153","0.32546415604318","41.79","20.682517451245","275.37115190406","1.68","369.8","26.75","3.97","7.89","","32.17","0.74","1414657173.34","Bug'doy"
"NMNX-179","0-20 sm","Gill","32.626718151997","22.852970959269","6.7547552084381","0.23909275507227","20.18","27.219623885977","163.73272575922","1.17","261.98","27.42","3.94","7.84","1.37","26.87","1.14","611844482.95","Bug'doy"
"NTXM-186","0-20 sm","Gill","36.055797294139","19.998710163273","6.401115958434","0.43571222155644","47.63","17.114704620569","155.01352198718","1.57","358.78","27.57","4","9.03","2.15","103.43","1.2","2757755925.78","Bug'doy"
"NMNX-178","0-20 sm","Gill","24.608166678505","22.298886856457","6.4455736399834","0.59512233651378","26","28.573080847015","266.23415917423","1.51","357.95","26.22","3.93","9.84","2.98","10.45","0.9","2193698627.29","Bug'doy"
"NTXM-187","0-20 sm","Gill","21.91974011755","18.004286356727","7.0390103698582","0.32341443304126","33.51","27.157623715372","204.78636709625","2.58","269.82","20.6","3.97","9.1","2.28","21.69","0.55","2152102692.08","Bug'doy"
"NMNX-10300","0-20 sm","Gill","33.289681904651","21.460379235406","6.3974877620064","0.49725716179967","40.35","26.599353164156","170.58031767373","0.71","351.08","23.36","3.94","9.57","","76.64","1.18","","Bug'doy"
"NTXM-187","0-20 sm","Gill","27.53156499895","23.577872351607","6.1891537541497","0.46914742689171","34.16","23.583653737668","266.10105695066","2.78","328.13","23.02","3.99","","2.87","12.47","1.01","795391464.08","Bug'doy"
"NMNX-179","0-20 sm","Gill","26.711101452908","18.547315824591","6.895297362405","0.54390822894787","16.91","15.160681143572","177.73720710269","2.42","347.95","23.27","3.98","8.29","2.24","79.05","0.91","2402896343.58","Bug'doy"
"NMNX-10301","0-20 sm","Gill","24.019272539294","23.61426942656","7.0106306409553","0.50479781631965","13.38","28.82398830226","215.67915940904","1.8","318.56","29.27","3.92","6.84","2.11","78.56","1.19","315350340.26","Bug'doy"
"NTXM-188","0-20 sm","Gill","33.284544814921","22.933832504984","6.3373748941063","0.56062008360974","29.54","19.465086798189","241.8367955575","1.82","340.27","25.85","3.94","","2.22","14.47","0.92","96270585.68","Bug'doy"
"NMNX-179","0-20 sm","Gill","36.660480755679","16.175316320517","6.2386987906952","0.45483732355467","36.91","21.306090057265","223.65803067355","","332.06","27.59","3.97","9.28","1.64","87.99","1.06","317816524.88","Bug'doy"
"NMNT-180","0-20 sm","Gill","37.691338206344","20.719588923871","7.0389020401089","0.50690289340585","30.56","24.540029638454","226.62171574086","1.8","362.4","29.75","3.99","8.95","2.7","104.36","0.7","55611710.75","Bug'doy"
"NTTM-149","0-20 sm","Gill","20.176036395872","19.941867867749","6.5794951677861","0.37820889136542","48.68","22.296725505021","237.675481696","","364.79","26.74","3.99","8.08","1.74","72.12","1.13","","Bug'doy"
"NMNX-10421","0-20 sm","Gill","22.303447272579","29.009441264398","7.3077827363863","0.43871447180529","28.39","16.426243695824","222.10612958135","0.92","310.95","28.59","3.97","6.57","3.03","18.22","1.11","606618635.44","Bug'doy"
"NMNX-10542","0-20 sm","Gill","35.438624091878","20.339661961556","6.2732718154627","0.42620726257137","25.68","16.340147815642","174.11423726255","1.67","296.17","29.72","3.95","7.06","1.12","44.65","1.18","1023423751.7","Bug'doy"
"NTXM-188","0-20 sm","Gill","35.546323379956","18.210494117928","6.3103229176203","0.42818594444326","30.62","18.035502457597","260.23181570012","0.13","371.7","20.75","3.94","7.27","1.15","73.03","0.99","1410996736.05","Bug'doy"
"NMNT-181","0-20 sm","Gill","38.217518625771","20.484885016942","6.0292895693303","0.3564850869158","43.64","17.430753206648","267.17905827612","1.16","343.75","28.15","3.97","9.12","0.72","44.12","0.99","2286011722.54","Bug'doy"
"NTTM-150","0-20 sm","Gill","33.88237194316","26.750337601562","6.9881770283402","0.276497875652","42.98","28.718165750894","194.74686127808","1.16","332.68","27.62","3.93","7.5","1.22","36.46","0.86","965526368.69","Bug'doy"
"NMNX-10422","0-20 sm","Gill","24.491750965749","26.370928740843","6.2581881340427","0.35701066669661","17.41","26.924973229536","278.92754314133","","","29.89","3.95","8.1","2.13","17.17","1.18","1230123914.25","Bug'doy"
"NTXM-189","0-20 sm","Gill","22.963586679349","18.869676710654","7.3510117660062","0.46574454483014","17.87","23.394710555816","155.95016720519","2.33","376.63","28.46","3.97","7.34","","14.28","0.68","2357782628.88","Bug'doy"
"NMNX-181","0-20 sm","Gill","29.398817873113","16.102541855668","6.6753098070301","0.33011871889864","31.85","25.072915368655","282.79487302695","0.15","267.2","25.12","3.92","7.21","2.51","52.28","0.74","1481677330.36","Bug'doy"
"NMNX-10663","0-20 sm","Gill","35.112517073502","19.557136261424","6.3973344021274","0.2453434929821","20.96","20.218997819052","242.00538411001","0.3","318.33","25.83","3.93","8.99","1.75","30.81","0.88","1820114354.13","Bug'doy"
"NMNX-10784","0-20 sm","Gill","28.099716386847","29.483714542741","6.4398549761805","0.56413229389912","49.34","21.091974068847","257.51867924498","1.14","373.47","19.23","3.97","10.26","2.18","47.82","0.98","51946105.12","Bug'doy"
"NMNX-181","0-20 sm","Gill","34.281840475905","22.255562811384","7.2526343017812","0.22438422335554","40.47","28.917904392204","291.75838307308","0.89","376.6","26.75","3.98","8.94","0.98","78.01","0.86","534921664.72","Bug'doy"
"NMNX-10785","0-20 sm","Gill","36.815529556028","16.387056205323","6.9052674831784","0.57537916336448","26.24","17.553965114396","286.05239406632","0.49","337.73","22.03","3.95","9.42","1.94","101.38","0.74","2661378353.9","Bug'doy"
"NMNX-182","0-20 sm","Gill","25.832450891878","26.345990468242","6.5826376288111","0.50993293068769","23.51","26.929100669037","295.72154266083","1.04","345.51","27.28","3.97","","2.31","77.55","1.04","","Bug'doy"
"NMNX-1626","0-20 sm","Gill","31.979046377131","16.257317419412","6.5226545654038","0.49361329566211","12.88","16.584977250917","271.61480653803","2.07","319.46","28.22","3.96","7.69","2.62","12.94","0.72","1491882374.5","Bug'doy"
"NTXM-189","0-20 sm","Gill","27.179538532819","23.70198110783","6.9323773121871","0.54476610233331","25.95","26.241178126297","260.20402525288","0.71","286.12","23.19","3.98","6.76","1.43","70.81","0.43","834054416.87","Bug'doy"
"NTXM-190","0-20 sm","Gill","21.404328271745","23.64309360608","6.1418458106453","0.5855673117607","43.44","15.414729988058","290.17781890797","0.96","355.9","29.95","3.99","8.36","1.45","60.47","1","1018166568.03","Bug'doy"
"NMNT-182","0-20 sm","Gill","32.922514275307","22.417026369921","6.2597246856359","0.57509290901649","57.18","15.430987542476","232.6936655789","1.17","402.2","28.15","3.94","8.62","2.27","75.77","0.4","793749194.98","Bug'doy"
"NTTM-151","","","21.503678702286","29.177821279154","7.2613655985947","0.4389652477173","28.56","18.578080712592","280.3120402889","1.32","322.12","21.18","4","9.16","","62.55","1.12","353519959.05","Bug'doy"
"NMNX-10905","","","29.885278053269","16.373939688314","6.8897582515236","0.31058067260606","27.53","18.343593310748","280.65512087109","2.03","335.75","17.96","3.98","8.05","2.88","27.89","1.12","2628652800.34","Bug'doy"
"NMNX-11026","","","25.952957510388","21.478134852919","6.0317964795717","0.37530274278574","28.27","24.596523218021","212.22074772409","0.37","316.61","27.9","3.92","7.04","2.25","19.92","1.09","1683876347.39","Bug'doy"
"NMNX-182","","","27.789184483584","19.681704320225","6.9318493638591","0.41064467808072","53.93","27.374604496902","280.48061371096","0.73","381.91","29","3.97","7.3","","37.63","1.06","1107303820.62","Bug'doy"
"NTTM-152","","","20.224204027307","29.486521594455","6.0958271793733","0.34735216590132","41.25","26.852372355824","185.5735979287","0.98","340.31","27.56","3.92","","","65.02","1.13","2271445012.12","Bug'doy"
"NMNX-11027","0-20 sm","Gill","29.167991102473","21.069785695583","6.5887099920799","0.53204821219036","57.19","29.08902688252","232.00600978017","","418.71","29.12","3.95","6.11","1.31","62.70","0.99","1159354578.43","Bug'doy"
"NTXM-191","0-20 sm","Gill","28.801436982261","27.630521131854","6.7881896358424","0.49278873865396","42.08","17.876053097412","206.92947327762","","379.06","22.41","3.94","7.86","","45.05","0.8","105829830.47","Bug'doy"
"NMNX-183","0-20 sm","Gill","26.778007363376","19.609930827653","6.2413088678481","0.50477323658549","34.87","18.120399371585","251.218225426","0.46","333.3","25.8","3.96","7.34","1.71","35.73","1.23","2963600366.51","Bug'doy"
"NTXM-191","0-20 sm","Gill","30.818446158264","18.418647051761","7.4116564241413","0.52101934915429","34.44","25.614457922051","206.87275169508","0.82","337.67","27.74","3.96","","","50.36","1.09","1236972004.91","Bug'doy"
"NMNX-11147","0-20 sm","Gill","35.974057715736","15.013675863931","6.0391273046561","0.29185085432908","61.44","27.416743917108","154.34373206606","1.21","377.12","26.09","3.96","8.2","1.77","80.96","0.56","2009766166.3","Bug'doy"
"NMNX-11268","0-20 sm","Gill","38.955346265112","28.032308440006","6.0651002240049","0.32933020577861","56.28","17.600542067262","194.92322491781","1.12","364.35","24.47","3.92","9.39","1.25","23.36","1.24","215471357.11","Bug'doy"
"NMNX-183","0-20 sm","Gill","29.176837145801","26.445954044186","6.6080723975855","0.42590622514534","30.03","18.296820449871","196.38741960714","2.03","355.53","23.65","3.96","8.14","2.65","19.21","1.21","814675856.36","Bug'doy"
"NTXM-192","0-20 sm","Gill","34.556655997038","26.676645591995","6.3680987442831","0.33397410582304","55.67","29.939087999513","265.27382362085","0.5","410.81","26.3","3.99","6.33","1.33","98.47","0.79","","Bug'doy"
"NMNT-184","0-20 sm","Gill","20.342179242857","19.921247665745","6.8655301049197","0.5893794390966","56.58","20.551520742539","198.64453268942","1.94","377.23","28.38","3.93","8.45","1.1","20.50","0.88","76016688.75","Bug'doy"
"NTTM-153","0-20 sm","Gill","22.096166968884","26.341663468623","6.1409502621977","0.37696830753896","19.79","29.148916022666","202.87427764102","1.5","271.18","21.1","3.92","9.03","2","54.17","1.01","661095205.63","Bug'doy"
"NMNX-11148","0-20 sm","Gill","26.365287724587","23.297195170031","6.1977366572953","0.45700711709499","21.27","21.412606525487","227.05392842039","1.54","288.49","24.56","3.96","6.51","1.98","40.26","0.94","903743828.91","Bug'doy"
"NTXM-192","0-20 sm","Gill","27.79725741314","29.829866696921","7.321603670887","0.20687209863925","50.49","20.872145659499","198.90299915579","2.07","338.13","29.21","3.93","7.47","2.28","58.18","0.96","1856865276.62","Bug'doy"
"NMNX-184","0-20 sm","Gill","38.244263122994","19.85338267709","7.2475831551973","0.27544955099523","30.95","18.38732478186","260.21594199686","0.93","303.95","28.4","3.99","7.28","","16.04","0.97","1515254027.98","Bug'doy"
"NTXM-191","0-20 sm","Gill","25.825578954461","25.871904370701","7.4679814731068","0.46954057475546","29.27","18.538884484453","279.53665837333","1.09","326.83","23.78","4","8.65","2.15","12.10","0.33","2130942795.41","Bug'doy"
"NMNX-183","0-20 sm","Gill","25.285608812044","21.714072479525","7.3520159503841","0.28290344669714","33.61","24.935628328097","182.24769778846","1.13","339.56","20.18","3.92","5.85","2.71","22.70","0.49","1556944729.05","Bug'doy"
"NMNT-184","0-20 sm","Gill","25.748948585178","15.070076923046","6.537647321441","0.28065407761549","44.72","25.9171138511","299.38892352278","1.35","336.39","27.97","3.96","7.1","1.68","101.20","1.01","","Bug'doy"
"NTTM-153","0-20 sm","Gill","33.571248948393","15.478105863855","6.7789886677101","0.45161079058489","47.64","23.423254528313","150.13505052967","2.26","363.92","27.74","3.95","8.19","1.7","101.89","0.73","103692719.34","Bug'doy"
"NTXM-192","0-20 sm","Gill","22.969192787574","28.290966424796","6.5644433419784","0.40896444354425","29.96","15.346681454597","209.69556530698","0.98","302.96","27.21","3.97","7.01","1.54","23.58","1.3","91177505.55","Bug'doy"
"NTXM-193","0-20 sm","Gill","20.034276323789","23.467833012398","6.8344857742827","0.35401296136206","35.57","23.600346177547","185.69307631692","0.09","343.34","23.77","3.92","5.94","2.11","70.82","0.99","1565052541.18","Bug'doy"
"NTTM-154","0-20 sm","Gill","22.664668932311","15.583349699662","6.8969882289398","0.3617085913328","29.35","16.324173944221","183.77420776555","1.22","305.53","22.24","3.92","9.36","2.02","53.42","","99507413.48","Bug'doy"
"NMNX-11511","0-20 sm","Gill","39.012871729729","22.834330332411","7.3873750393679","0.57381166030211","29.36","25.536343262449","214.61722567662","1.14","330.01","24.47","3.96","","2.47","74.05","1.13","65395113.07","Bug'doy"
"NMNX-185","0-20 sm","Gill","22.509785247877","21.781305344937","6.8722417765841","0.46116922668668","21.2","29.564396565978","152.23445256631","2.36","312.48","29.13","3.93","7.72","2.44","86.54","1.07","843019048.71","Bug'doy"
"NMNX-1629","0-20 sm","Gill","35.251478976286","23.592375140376","7.0167672635739","0.38643453743129","34.31","27.218899412997","184.06184713778","1.44","347.35","25.34","3.94","6.37","1.97","18.46","","999085138.79","Bug'doy"
"NMNX-184","0-20 sm","Gill","31.800296002877","21.108970223465","7.4193160892217","0.41884530911748","62.82","16.542542183023","192.52440733871","0.83","415.67","28.41","3.92","8.25","1.41","101.03","","2164961228.87","Bug'doy"
"NMNX-185","0-20 sm","Gill","26.561784737705","28.987524679074","7.484808546419","0.29948472719566","42.42","24.273852053415","286.22601373017","1.16","348.68","24.96","3.96","","0.73","90.87","0.79","754304386.06","Bug'doy"
"NTXM-194","0-20 sm","Gill","26.671024759996","24.980241664215","7.1248696221345","0.43346890615689","42.33","25.1003570988","258.72947644358","1.79","327.26","26.12","3.95","","0.84","22.79","0.58","2060557430.98","Bug'doy"
"NMNT-186","0-20 sm","Gill","20.074628637549","19.467620200203","7.350881558896","0.34015420911667","43.39","19.211867880927","288.67566021002","0.96","351.84","24.33","3.95","7.64","1.66","34.87","0.74","","Bug'doy"
"NMNX-11632","0-20 sm","Gill","39.618721344602","28.534557641612","7.11893103286","0.29134450959718","21.37","19.705819986826","212.89173048609","","362.4","27.44","3.92","9.66","3.3","69.52","1.35","1693729010.35","Bug'doy"
"NMNX-11753","0-20 sm","Gill","35.148211729932","20.710933553278","6.6127113772766","0.38401645491779","38.27","29.799004467106","287.92746774439","0.89","323.06","23.43","3.97","8.95","0.58","72.68","0.53","2169188600.05","Bug'doy"
"NTXM-194","0-20 sm","Gill","23.906747848127","21.01557758206","7.1572603918923","0.39423257771819","48.65","27.874638694086","179.7411204435","1.53","393.78","25.01","3.92","8.53","0.65","71.85","1.02","1358945601.04","Bug'doy"
"NMNX-186","0-20 sm","Gill","35.463007382256","23.50392279495","7.1284471885917","0.46283941286913","42.61","26.163414391387","153.42418989588","1.01","369.38","27.89","4","8.45","1.32","9.01","1.03","","Bug'doy"
"NMNX-1630","0-20 sm","Gill","21.449138631151","16.174238653231","6.124925403446","0.39878320988368","46.31","17.895211832901","239.53173373113","1.59","363.64","28.55","4","7.58","3.87","16.07","1.01","1750537651.01","Bug'doy"
"NMNX-185","0-20 sm","Gill","30.132004694791","17.203196824093","7.3070765470276","0.29070682270982","27.13","17.057310565821","171.95321981066","0.45","283.14","26.92","3.92","","1.97","62.95","","1032377834.39","Bug'doy"
"NMNX-11873","0-20 sm","Gill","36.176878950206","15.281510937145","7.0189347137088","0.24934192825838","17.2","16.961318986537","232.12215624287","0.9","324.75","28.33","3.97","","2.36","47.20","0.63","350411839.58","Bug'doy"
"NMNX-11994","0-20 sm","Gill","36.063186003315","23.153420266275","6.2928492817811","0.54360220843123","56.83","22.749691006992","281.47692179647","1.98","372.9","28.7","3.99","10.25","2.77","59.41","1.21","780062836.85","Bug'doy"
"NMNT-187","0-20 sm","Gill","28.233373029659","15.537960061913","6.809628743458","0.20003914264441","55.57","25.569727753352","176.27832692765","1.34","353.45","23.54","3.99","9.84","3.53","46.91","0.76","1218103044.83","Bug'doy"
"NTTM-156","0-20 sm","Gill","37.530343331699","27.399415235843","6.1807364904332","0.40464410327148","40.57","28.662569446364","255.45161040831","0.44","407.41","23.45","3.98","8.98","1.46","34.38","0.72","","Bug'doy"
"NMNX-11874","0-20 sm","Gill","21.480444879937","29.230965301862","7.2010886401608","0.4023129905317","58.99","22.874926737977","186.3659586926","1.03","371.16","24.05","3.99","9.99","1.51","38.89","0.71","975596261.97","Bug'doy"
"NMNX-11995","0-20 sm","Gill","32.931942484174","22.420850860071","7.2284525418359","0.56851786591955","13.31","18.062298635511","160.62913774254","1.76","311.22","27.81","3.98","7.49","2.56","78.16","0.75","2384613114.72","Bug'doy"
"NMNX-187","0-20 sm","Gill","24.215742361761","16.690433028406","7.4064980761038","0.59537985053499","33.9","16.525623140714","187.61693290142","0.97","368.19","28.78","3.96","7.43","0.92","89.11","0.9","63844228.49","Bug'doy"
"NMNX-186","0-20 sm","Gill","36.560891101702","20.195478542545","7.2942805528365","0.30329398048639","52.29","22.817080735964","293.31022657935","1.13","357.69","27.58","3.92","6.78","0.6","56.76","0.62","2009565681.02","Bug'doy"
"NTXM-195","0-20 sm","Gill","31.286625057159","26.129149210286","6.0104931993497","0.40914578990184","53.57","20.489439415023","233.89182816983","1.53","354.91","28.21","3.99","9.38","2.07","75.55","0.49","291173335.51","Bug'doy"
"NMNT-187","0-20 sm","Gill","26.91423377104","24.675727874374","7.1103319139425","0.49540612111815","36.11","18.02906566582","229.19273136584","1.85","367.04","26.33","3.96","","0.86","42.88","0.51","368549611.84","Bug'doy"
"NMNX-12115","0-20 sm","Gill","21.311949018781","15.871779596541","7.2392086888916","0.48649352965221","67.19","15.343792260693","198.00846952386","1.8","408.55","26.66","3.97","8.99","4.17","50.18","1.1","2929613928.67","Bug'doy"
"NMNX-12236","0-20 sm","Gill","26.243463416793","20.627610820261","7.1791163267901","0.51103757590483","13.1","29.921260195595","293.13238016078","","277.45","20.43","3.92","9.7","4.99","187.94","1.3","2561976322.36","Bug'doy"
"NMNT-188","0-20 sm","Gill","38.381692400175","19.403400129733","7.1559312427545","0.20825107661737","13","27.144499871907","208.85867080515","2.88","285.57","27.12","3.99","8.17","0.59","77.60","1.22","1944418852.23","Bug'doy"
"NTTM-157","0-20 sm","Gill","33.618582093027","20.802853138898","6.7695096460069","0.44325909826088","34.82","21.158423086705","294.45712851137","2.57","268.83","27.42","3.93","8.31","3.61","36.83","0.7","","Bug'doy"
"NMNX-12237","0-20 sm","Gill","31.229264278338","24.013896269666","6.72726386551","0.50043909823358","36.21","29.664337958408","241.33763814968","0.17","326.7","27.36","3.93","7.17","1.75","31.28","1.14","664905887.27","Bug'doy"
"NTXM-196","0-20 sm","Gill","23.9852266251","22.017426300391","7.1002077227395","0.20126691828971","25.42","15.951224876757","263.9841361436","1.13","311.78","29.34","3.97","9.58","2.68","111.13","0.52","1177981096.12","Bug'doy"
"NTXM-196","0-20 sm","Gill","30.487277536404","20.486448376164","6.3701400675316","0.31524769535971","16.62","22.411512502178","231.71567076036","0.85","288.51","27.36","3.98","7.96","3.83","78.72","0.37","1541635986.95","Bug'doy"
"NTXM-197","0-20 sm","Gill","30.970443110842","18.446690837887","7.3549281953564","0.23669988285276","38.98","22.378840506117","203.18955354504","1.87","329.34","28.2","3.92","10.44","2.27","51.41","0.89","541280878.62","Bug'doy"
"NMNX-1588","0-20 sm","Gill","29.645699118999","20.019893020876","7.1643349028021","0.41035867490886","33.69","18.203797376134","219.21783709738","1.06","326.01","24.28","3.99","9.06","2.66","20.05","1.24","66399620","Bug'doy"
"NTXM-152","0-20 sm","Gill","37.408617268682","27.900715310838","7.481576962686","0.46957878334389","37.66","26.592754713377","203.00666813562","2.3","326.31","22.31","3.95","9.19","1.79","12.96","0.86","101296875.05","Bug'doy"
"NTTM-113","0-20 sm","Gill","36.345242276847","25.523551557036","6.4775917771559","0.22144768509236","28.8","28.356522916059","229.47516126878","1.12","320.47","18.4","3.92","7.1","4.87","75.61","1.25","","Bug'doy"
"NMNX-1709","0-20 sm","Gill","38.814754617872","15.559581257626","7.0678542097683","0.33720955788235","14.11","18.528454946334","198.625212473","0.67","313.34","29.43","3.95","9.96","4.32","52.05","0.95","","Bug'doy"
"NTXM-153","0-20 sm","Gill","27.193131812731","23.95273280872","6.2379780043794","0.39756758766573","41.91","29.002593479588","235.35365597571","0.69","327.72","26.31","3.99","","3.86","33.22","1.03","2026047753.62","Bug'doy"
"NMNX-1710","0-20 sm","Gill","39.71088640846","28.241886122028","6.374497379666","0.59932036511083","47.44","25.919031578693","178.13830979796","","363.2","26.39","4","9.74","4.34","24.96","0.88","884049422.58","Bug'doy"
"NTXM-153","0-20 sm","Gill","21.674165776052","21.146093641012","6.5275496556867","0.25776543676485","47.28","22.663994699964","279.34534977533","2.31","345.84","27.3","4","10.64","1.96","28.13","0.53","","Bug'doy"
"NMNX-3032","0-20 sm","Gill","22.483102579037","15.036416805405","6.1004085575905","0.26261117201617","62.68","20.87890523928","278.87822479956","1.41","367.91","27.68","3.95","9.92","4.16","73.02","0.33","2255062132.01","Bug'doy"
"NMNX-4476","0-20 sm","Gill","28.42504649353","21.661612183768","7.0599229680121","0.46718417913331","22.3","27.766304262999","179.52143671624","1.82","306.12","22.35","3.95","9.16","4.12","48.58","1.02","2116540756.01","Bug'doy"
"NTXM-152","0-20 sm","Gill","20.390684726838","23.169962625017","6.6842596011798","0.48565064362318","38.75","22.31026039388","294.45175381831","1.78","349.14","23.69","3.98","","3.62","43.57","0.91","66971150.08","Bug'doy"
"NMNX-144","0-20 sm","Gill","32.10735749275","18.944077588446","6.1258775305927","0.20725578473173","15.14","17.884468236885","215.48301818867","1.54","282.69","28.42","3.99","8.95","1.2","65.12","0.77","409916728.36","Bug'doy"
"NMNT-145","0-20 sm","Gill","32.420582369548","16.630044397377","6.943903392658","0.40318977080058","36.47","25.275554628131","155.44692155635","0.91","285.1","29.77","3.98","10.69","4.25","62.92","0.83","170668641.5","Bug'doy"
"NTTM-114","0-20 sm","Gill","36.367776661292","28.539915370696","6.7464838346771","0.49146432877546","18.48","21.93238516159","298.86141654634","1.5","275.42","28.38","3.93","8.89","2.46","39.52","1.33","2334110483.5","Bug'doy"
"NMNX-1951","0-20 sm","Gill","35.176184049881","28.280917719563","6.6899220306519","0.57285524618298","46.98","25.419171137792","185.65688444538","1.11","374.1","23.33","4","10.05","3.92","54.14","","352887932.34","Bug'doy"
"NTXM-153","0-20 sm","Gill","37.623504512314","20.107387730471","6.9059136155211","0.38761304332058","22.03","27.078853152258","253.23507283244","1.07","347.09","24.83","3.97","9.48","0.81","87.40","0.83","1968338477.91","Bug'doy"
"NMNX-145","0-20 sm","Gill","27.826642661905","21.62911935293","6.9167697439674","0.41305143549492","53.4","17.943934452934","202.14594900368","2.13","335.97","29.1","3.95","9.07","0.6","17.97","0.83","","Bug'doy"
"NMNX-1952","0-20 sm","Gill","31.808903423273","29.055757429027","6.1106508924166","0.57745508148017","27.99","22.320275663274","263.97906651152","1.7","317.89","27.18","3.94","6.19","1.16","25.15","0.83","2209984172.17","Bug'doy"
"NTXM-154","0-20 sm","Gill","37.896148808298","16.026221052606","6.0607042869183","0.44575293614508","32.58","17.315589853713","249.64229967897","0.93","328.88","26.5","3.98","8.99","4.87","9.73","","627986790.23","Bug'doy"
"NMNX-4477","0-20 sm","Gill","39.444780884544","26.032629986391","6.5156755109447","0.57674073513058","68.32","18.486609631298","213.13432247674","1.45","412.3","26.44","3.99","","2.48","7.72","1","118706699.5","Bug'doy"
"NTXM-153","0-20 sm","Gill","23.670192882434","24.89186041339","6.179623874285","0.5309746629758","25.87","25.069115392634","267.46536045043","1.17","334.36","29.26","3.96","7.26","3.47","11.54","1.03","1327331777.08","Bug'doy"
"NMNX-145","0-20 sm","Gill","36.346464831778","26.56531086454","6.4152160093637","0.50467112699378","56.54","19.983474830261","263.87694131421","1.39","368.76","27.2","3.98","6.11","0.89","6.25","0.92","1921379892.63","Bug'doy"
"NTXM-154","0-20 sm","Gill","25.766297357738","29.749372180154","6.8580931738631","0.23991859923384","44.91","17.487700134857","169.11801855686","0.89","348.04","14.87","3.99","8.44","3.45","15.26","0.74","1602693989.13","Bug'doy"
"NMNT-146","0-20 sm","Gill","26.217462412837","29.807732404734","6.4329582966807","0.48996692272698","54.36","16.540604903916","295.91867219293","0.74","329.17","27.11","3.95","7.35","1.28","13.21","1.17","2126915182.01","Bug'doy"
"NMNX-146","0-20 sm","Gill","30.31992572362","20.63488379456","6.1139163286302","0.22588158341871","46.61","19.892182675059","294.4217566795","0.89","374.25","27.96","3.95","8.29","4.24","15.13","0.69","78293062.19","Bug'doy"
"NMNT-147","0-20 sm","Gill","33.924697293464","23.869831488828","7.4735781537239","0.22705314339627","41.03","29.159165597791","227.40041702842","2.01","340.91","28.9","3.93","8.22","3.82","49.43","0.67","1581419908.05","Bug'doy"
"NTTM-116","0-20 sm","Gill","33.493308918623","19.040185026073","6.7499410766267","0.59514545349139","28.29","21.381001281847","168.80807470298","1.64","338.02","26.18","3.96","9.26","2.46","14.56","0.82","1571370926.58","Bug'doy"
"NMNX-2194","0-20 sm","Gill","36.185580190786","22.455153769072","7.0915030026967","0.3406676646046","52.03","20.476299988816","242.28006909884","2.39","391.31","26.69","3.92","10.15","0.94","75.82","0.78","1239408463.29","Bug'doy"
"NMNX-2315","0-20 sm","Gill","35.775707485548","21.167019922461","7.0341276536074","0.54168267786908","26.54","29.398946650726","241.61512141444","0.59","304.53","29.54","4","","2.4","17.08","0.73","","Bug'doy"
"NTXM-154","0-20 sm","Gill","25.32151904352","15.957088190567","6.7595106824277","0.59563282721696","53.03","15.450072880397","259.51370921609","1.72","371.97","28.72","3.94","","4.52","15.39","0.93","1593922720.32","Bug'doy"
"NMNT-147","0-20 sm","Gill","33.050979665853","28.66217429464","6.1688224243423","0.54818037961966","50.65","24.068614711773","292.92258910508","0.49","371.37","22.33","3.93","8.47","1.68","17.62","","1123563980.89","Bug'doy"
"NTTM-116","0-20 sm","Gill","21.607140402456","28.977968963133","7.1520189913334","0.50967418227066","45.3","27.727805199005","192.30969877258","1.91","328.15","28.58","3.96","","0.58","9.72","0.89","428823143.61","Bug'doy"
"NMNX-2435","0-20 sm","Gill","38.375711636351","25.02288810055","6.2530724145009","0.43887431839899","41.22","19.554769235401","239.21085879374","1.99","355.08","26.6","3.95","5.64","3.61","10.28","0.81","295572765.48","Bug'doy"
"NTXM-155","0-20 sm","Gill","39.012050593625","15.304919612094","6.6979744206561","0.44596538184322","63.55","21.338088922471","241.46566815514","","403.92","28.78","3.99","8.64","1.49","11.38","0.57","1593808683.17","Bug'doy"
"NTXM-156","0-20 sm","Gill","37.054591158877","18.069615343779","7.4574973302862","0.34132320241211","27.44","28.333569001215","237.57344674433","1.63","329.67","28.53","3.92","10.56","1.45","20.78","0.71","1680594885.57","Bug'doy"
"NTTM-117","0-20 sm","Gill","25.998040484876","15.814963012598","6.458408025232","0.5617841450758","24.66","15.021803851709","203.1202469648","1.62","314.25","21.8","3.98","5.89","2.74","50.87","1.03","138436390.86","Bug'doy"
"NMNX-2557","0-20 sm","Gill","27.795986730988","15.979864135611","6.1538680394653","0.50059432278091","32.49","19.727552559172","264.98504900857","","337.28","19.43","4","7.92","3.83","12.90","0.33","682892307.97","Bug'doy"
"NTXM-156","0-20 sm","Gill","23.298798510743","17.952024030391","7.0599248095573","0.5028676231478","47.54","17.825144616229","198.46912672727","0.75","340.49","22.72","3.93","8.18","2.46","18.52","0.73","1138917068.57","Bug'doy"
"NMNX-3035","0-20 sm","Gill","27.620547241092","27.548146801899","6.7102831201115","0.24878891604333","52.49","19.577697237458","253.45986371421","1.35","","27.77","3.96","7.54","4.44","13.41","0.59","181728229.54","Bug'doy"
"NMNX-147","0-20 sm","Gill","23.41033760494","26.693786125348","7.1015152488322","0.32836396361019","40.93","20.66338974161","247.1928080349","2.11","369.82","26.74","3.98","7.85","4.57","15.42","1.3","922794119.9","Bug'doy"
"NMNT-148","0-20 sm","Gill","21.238167784721","15.322152550217","6.0027964036918","0.3710743611724","60.27","24.332815256176","246.14207667581","","392.42","27.25","3.98","9.08","1.78","29.61","0.58","","Bug'doy"
"NMNX-2798","0-20 sm","Gill","38.080667523647","16.687350656781","7.1667319226697","0.58867233826745","36.19","17.268986443742","299.89766071905","1.03","353.38","24.21","3.96","9.55","1.8","8.52","1.07","106207436.04","Bug'doy"
"NMNX-148","0-20 sm","Gill","22.327947277406","27.996451352965","6.1913068256442","0.59657029228873","27.88","28.426382365007","201.89445445623","1.95","323.52","24.97","3.95","9.39","1.98","61.90","0.86","273314203.02","Bug'doy"
"NMNX-2799","0-20 sm","Gill","21.738437774501","19.531633587864","6.1785496879407","0.39304429735694","21.06","24.030354915665","157.27752863038","2.05","292","24.85","3.99","6.55","3.51","54.84","0.64","692989743.58","Bug'doy"
"NMNX-4480","0-20 sm","Gill","25.861294696002","19.222148888478","6.0896937726574","0.55612242239433","27.67","19.669764024484","299.76628870604","0.92","320.32","28.79","3.99","7.57","1.48","16.71","0.37","951363731.23","Bug'doy"
"NMNX-148","0-20 sm","Gill","26.808112224284","29.934271092108","6.642871556994","0.58469107959343","24.74","22.659429612557","257.97171363602","1.13","310.9","18.33","3.95","8.55","1.31","13.95","0.88","1037106865.77","Bug'doy"
"NTXM-157","0-20 sm","Gill","29.331820272695","20.328673457721","6.7308026130466","0.57391963829904","41.11","15.014402777164","182.95249685019","1.82","356.71","24.92","3.92","8.17","1.44","26.45","0.95","151529315.56","Bug'doy"
"NMNX-3040","0-20 sm","Gill","26.778577266047","17.554217098459","6.8637216284736","0.25161153182839","19.25","22.183675148377","169.94923918363","0.85","326.14","29.21","0","6.63","0.88","21.56","0.77","","Bug'doy"
"NMNX-149","0-20 sm","Gill","23.138239468251","21.309333388927","7.4138390732737","0.3737826685623","20.57","17.941543478087","228.74060770925","1.21","309.54","28.42","0.74","9.15","1.68","48.57","0.88","526334706.97","Bug'doy"
"NTXM-158","0-20 sm","Gill","33.324871158868","19.279580203726","7.2374282348768","0.54393499105207","24.38","23.977109474287","218.82404184473","1.18","305.42","23.96","0.55","8.68","3.66","45.05","1.23","2091649598.14","Bug'doy"
"NMNX-3041","0-20 sm","Gill","37.55058944861","29.664156436526","6.3217250436711","0.34122341876903","52.45","16.698555101808","245.25347284776","1.9","374.07","26.48","2.04","9.52","4.43","84.33","1.1","1101521292.57","Bug'doy"
"NTXM-158","0-20 sm","Gill","32.420797719506","25.400921761694","7.1699290841023","0.39294457130191","19.15","28.32869126728","227.75540796417","1.58","326.43","20.71","0.82","10.08","4.75","97.29","0.8","1204347104.72","Bug'doy"
"NMNX-4481","0-20 sm","Gill","39.542859515175","20.99515463313","6.3218752115214","0.30613290360325","55.92","23.881797973662","283.00898290689","1.08","362.78","27.33","1.62","7.51","3.86","79.65","0.62","98568161.42","Bug'doy"
"NTXM-158","0-20 sm","Gill","34.475971642151","22.138230310536","6.2951778230532","0.5025215619223","50.07","17.757608379737","168.36601657217","0.74","","28.51","1.14","8.45","1.48","99.34","0.67","85635236.22","Bug'doy"
"NMNT-150","0-20 sm","Gill","20.752711104341","23.022504825324","6.5334349062554","0.32084746510951","50.62","28.981916116059","269.11651243319","1.55","411.44","24.83","2.52","9.66","0.92","13.75","1.05","293856790.65","Bug'doy"
"NMNX-3161","0-20 sm","Gill","29.544781509442","15.666214849277","6.6801355417381","0.51026044854897","31.04","19.323474608831","252.66490308749","1.33","336.05","28.72","1.65","7.08","3.35","26.36","1.11","255330145.72","Bug'doy"
"NTXM-158","0-20 sm","Gill","26.07866673016","24.160554653471","6.3216259044659","0.44182262058886","16.46","18.168985200199","167.49432438617","0.5","333.41","23.32","0.58","","2.5","35.93","1.15","155872546.8","Bug'doy"
"NMNX-150","0-20 sm","Gill","29.709357421663","19.886406669821","6.1470105815393","0.35862812253935","33.8","17.392396715045","264.15782476785","0.54","355.93","24.85","1.67","9.43","0.94","59.83","1.04","308654587.3","Bug'doy"
"NMNT-151","0-20 sm","Gill","25.262955105966","16.133100384516","6.8346882787215","0.33039035611269","20.27","18.873641575659","254.66390229765","1.17","303.32","24.13","1.56","9.15","4.93","34.18","0.65","323845087.75","Bug'doy"
"NMNX-3162","0-20 sm","Gill","32.385599223009","23.419288248868","7.2822076954113","0.27130823848547","53.43","23.568869469036","165.40874504457","1.44","381.13","21.03","","10.35","1.62","90.58","0.71","236290526.3","Bug'doy"
"NTXM-159","0-20 sm","Gill","28.558925284036","21.419337223092","7.1929354859449","0.42088272795524","35.87","17.311044975262","180.2721345355","0.55","330.42","24.03","0.52","7.12","0.59","8.92","1.3","806106874.59","Bug'doy"
"NMNX-4482","0-20 sm","Gill","35.958125492539","29.811412023829","6.6072471252931","0.43173088306133","37.76","28.379089220591","207.97520889387","1.03","383.74","24.48","0.63","9.98","0.55","16.81","0.87","","Bug'doy"
"NMNX-150","0-20 sm","Gill","23.608883507465","17.569539998538","6.9050918832688","0.47094006557989","43.82","21.730739166358","153.41008604363","2.1","376.32","21.58","1.32","8.53","4.69","19.47","0.72","225960202.8","Bug'doy"
"NTXM-159","0-20 sm","Gill","32.898158925244","24.173703850439","6.6114678125003","0.26810099816259","50.58","16.142931381605","169.29350133479","0.83","329.19","25.11","2.04","10","4.71","13.77","1.06","2148407447.5","Bug'doy"
"NMNT-151","0-20 sm","Gill","27.30593657312","22.262794102312","7.4719057977111","0.54311276022408","48.29","27.519202719967","208.79664687252","0.82","375.72","29.72","1.65","5.93","4.89","26.24","0.62","","Bug'doy"
"NMNX-3403","0-20 sm","Gill","26.746199283722","23.393364523039","7.2092085035145","0.35157480306767","24.94","20.740409717169","159.37055917626","1.45","347.25","21.83","0.48","5.92","0.92","12.81","0.99","390574579.18","Bug'doy"
"NTXM-159","0-20 sm","Gill","29.329772638215","24.473474475434","6.6387725620079","0.293271116259","44.83","24.892607269788","188.32975299217","1.89","321.56","28.29","1.59","7.26","1.07","50.95","","664668663.57","Bug'doy"
"NTTM-121","0-20 sm","Gill","32.058007527007","25.899834824167","6.3894127395509","0.58436809055737","23.7","21.321718589696","267.56070946033","1.9","326.2","21.58","0.38","10.53","1.26","20.53","","420134571.61","Bug'doy"
"NMNX-3525","0-20 sm","Gill","24.471588091748","16.463572019584","6.3821274212301","0.44825524975299","22.04","17.523314379615","290.38063667699","0.29","315.41","19.99","1.02","8.59","4.56","8.04","1.14","158725918.46","Bug'doy"
"NMNX-3039","0-20 sm","Gill","24.297556472035","23.084214067673","6.447660382615","0.35880068846494","45.05","16.771905006398","241.45403582559","0.31","334.75","20.95","1.18","7.54","2.94","8.62","0.41","2102437426.05","Bug'doy"
"NMNX-4483","0-20 sm","Gill","24.637611446164","26.415771591389","6.8635258748164","0.23136025597299","44.24","24.662863235216","198.92786796492","2.12","369.94","25.85","1.11","8.6","4.64","12.80","1.06","1387860852.55","Bug'doy"
"NTXM-159","0-20 sm","Gill","39.940469141903","17.681667464364","6.5144109469887","0.57543919985328","30.11","20.109738470786","214.99484999751","1.62","308.15","25.49","1.23","","3.73","12.93","1.17","445535558.79","Bug'doy"
"NTXM-160","0-20 sm","Gill","27.565674817245","27.567983875492","6.1024562403445","0.54179547447512","38.6","22.978621679736","261.35713338885","1.95","301.58","28.2","2.01","9.82","2.07","14.62","1.14","1928164541.79","Bug'doy"
"NMNT-152","0-20 sm","Gill","29.153184939783","26.322116482325","6.989241889512","0.2592673856207","32.13","28.643533571005","206.65113065936","0.99","345.85","24.28","1.11","9.32","1.59","11.13","0.88","855212710.74","Bug'doy"
"NMNX-3645","0-20 sm","Gill","31.213111955256","19.872393008006","7.3138846533273","0.36979519111709","66.33","20.559883755794","190.46939895281","0.9","411.22","28.26","2.19","8.62","0.8","29.44","0.9","315777715","Bug'doy"
"NMNX-3766","0-20 sm","Gill","27.777251017346","17.186064627672","7.1796267344065","0.57995347753056","63.49","22.557664521602","288.81312127444","2.28","410.7","24.86","1.32","7.52","4.75","19.48","0.82","73987167.46","Bug'doy"
"NTXM-161","0-20 sm","Gill","28.226108952525","18.145363113373","6.4792252818891","0.31218902861862","41.91","17.533692191583","189.31071199841","1.41","390.18","22.79","0.89","6.7","3.15","20.75","0.94","870137007.71","Bug'doy"
"NMNT-153","0-20 sm","Gill","31.751194763601","26.041322353322","6.9530170201233","0.5819929082881","19.46","27.64974119898","186.29564227191","1.25","328.92","25.46","1.15","9.37","2.41","11.52","1.08","842476575.33","Bug'doy"
"NTTM-122","0-20 sm","Gill","27.170791147945","28.098559241083","6.6135619106984","0.35261927591194","54.85","16.841965495577","288.225239772","0.96","340.32","26.85","2.18","8.63","1.46","64.61","1.25","2869723908.23","Bug'doy"
"NMNX-3646","0-20 sm","Gill","35.102659608859","15.309218008774","6.9263724406545","0.25221458106147","20.91","15.170272843761","158.42242153937","0.65","320.83","28.26","0.97","10.14","3.22","41.11","0.55","149313303.53","Bug'doy"
"NMNX-3767","0-20 sm","Gill","28.356852363499","20.693505362158","6.4076959279233","0.34310582160568","22.65","21.330412389078","245.38676346664","0.86","349.06","29.8","1.82","9.5","1.17","69.76","0.97","","Bug'doy"
"NTXM-161","0-20 sm","Gill","27.569827376704","16.838776296858","6.8567726281749","0.41444222640514","40.29","15.964971804878","298.87196984114","1.82","373.2","18.17","1.28","5.99","2.18","21.71","0.62","","Bug'doy"
"NMNX-3040","0-20 sm","Gill","37.291845902622","23.593445328324","6.7577123667309","0.4817699019643","31.82","26.502675478909","202.45409089602","0.56","348.43","29.15","1.48","7.89","2.83","39.50","1.13","296882287.25","Bug'doy"
"NMNX-4484","0-20 sm","Gill","22.908758009882","28.699378973433","6.3797481515877","0.41799964980618","24.35","27.056844378113","232.15597540074","1.66","322.46","25.44","1.58","10.44","4.86","20.43","0.93","315155468.48","Bug'doy"
"NMNX-152","0-20 sm","Gill","21.653498187151","26.068889290067","6.6515048111677","0.48353643038695","13.62","17.503881014701","158.85201981997","1.97","296.38","23.49","0.6","7.23","1.49","21.16","1.11","592801275.94","Bug'doy"
"NTXM-161","0-20 sm","Gill","32.942484614506","26.641476045115","6.5363305519651","0.53501621311223","62.61","26.027069514287","189.80967911241","1.54","372.44","24.99","1.71","8.74","1.02","14.01","0.58","780091677.23","Bug'doy"
"NTTM-122","0-20 sm","Gill","38.113468836356","24.634280981284","6.3901994258308","0.36509615214905","13.11","28.367323807655","166.30627576049","1.54","358.54","28.67","0.53","8.88","4.24","13.11","0.93","428946646.4","Bug'doy"
"NMNX-3887","0-20 sm","Gill","29.597542597688","27.804868009206","6.7966791683479","0.26509367723132","39.85","22.34434595515","202.91059837941","0.63","335.87","27.21","1","","1.75","17.38","1.01","805395375.63","Bug'doy"
"NTXM-161","0-20 sm","Gill","27.013706685786","24.490987975585","6.4649786912093","0.48870123141713","50.79","18.974736999976","204.32285098798","1.18","317.78","27.64","1.61","9.09","1.07","12.38","0.87","","Bug'doy"
"NMNX-153","0-20 sm","Gill","33.293805517909","18.572078930862","7.2798037916232","0.44235390488719","14.42","15.682753661692","192.19407835885","1.93","339.08","28.92","0.84","8.92","2.23","13.35","0.46","401471445.19","Bug'doy"
"NTTM-123","0-20 sm","Gill","35.840758705117","26.679496910528","7.2484020457753","0.42780158605391","20.52","19.180185845941","299.70209690345","1.63","319.79","27.27","0.66","9.88","0.99","11.80","0.67","1161833237.49","Bug'doy"
"NMNX-3888","0-20 sm","Gill","39.953640461524","21.04776498745","6.4926308285358","0.53785474795673","31.74","20.387862719937","208.83257634356","1.46","325.46","21.05","1.03","5.67","3.88","38.07","","1693882082.94","Bug'doy"
"NTXM-162","0-20 sm","Gill","20.325654094429","29.57908539686","7.1538099230078","0.38422143100038","18.9","23.577284267868","276.4315307238","1.61","324.13","25.43","0.77","9.91","2.27","12.79","0.89","1727291115.69","Bug'doy"
"NTXM-162","0-20 sm","Gill","34.588642634954","27.172001034374","6.8304592738854","0.29335794161378","60.31","18.04781698611","245.3277758233","1","","","1.52","8.04","3.01","10.73","0.53","213764706.71","Bug'doy"
"NMNX-4371","0-20 sm","Gill","30.535693230182","26.449499666798","6.5575274125952","0.38634610383173","17.16","22.275086235858","272.34870995688","0.61","306.27","","0","8.46","1.26","11.61","1.13","750845132.17","Bug'doy"
"NMNX-4492","0-20 sm","Gill","21.949681774065","21.031905629298","6.5229605763208","0.26948429900517","50.74","29.897611675618","153.84230718212","0.75","352.99","25.6","","7.92","2.23","12.59","1.13","64649003.68","Bug'doy"
"NTXM-163","0-20 sm","Gill","24.307108492519","27.276011227064","6.1769448054523","0.30462219837673","30.2","20.808425005367","287.33426064086","1.66","315.66","23.84","1.05","7.97","1.64","10.52","0.49","","Bug'doy"
"NMNT-156","0-20 sm","Gill","28.141499449707","28.628186477911","7.2272878685639","0.46118387827011","26.38","16.784522888455","269.32687670295","1.47","376.77","27.78","1.17","10.31","1.66","9.56","0.8","1690307464.91","Bug'doy"
"NMNX-4372","0-20 sm","Gill","20.763803295722","22.508856505901","6.6538169576663","0.25435185942295","45.36","29.123723014092","272.61609838337","2.24","337.29","26.24","1.52","9.33","2.33","8.59","1.31","961787053.82","Bug'doy"
"NTXM-164","0-20 sm","Gill","30.496531212789","15.644491377142","6.0134476356965","0.39774509066674","23.68","17.800206946237","209.31097712027","1.39","314.2","27.39","1.41","6.23","3.07","7.62","0.68","376097661.06","Bug'doy"
"NMNT-157","0-20 sm","Gill","31.864412020188","22.550629129931","6.2673830794467","0.55465379807684","29.44","27.213841265749","297.30162506404","1.04","356.36","29.05","1.22","","1.01","6.65","1.17","","Bug'doy"
"NTTM-126","0-20 sm","Gill","39.843331665358","19.852175396298","6.6101839927225","0.55901871255772","42.9","29.830543011058","192.35495980319","0.9","343.81","27.06","1.35","6.86","4.59","5.69","0.88","2144070218.62","Bug'doy"
"NTXM-165","0-20 sm","Gill","29.838692455654","23.858665409242","6.6595312544138","0.25763797715417","46","26.987367688371","199.067754984","0.97","341.24","26.73","1.4","7.12","1.35","4.72","0.76","457128619.88","Bug'doy"
"NMNX-157","0-20 sm","Gill","32.767981785415","29.008727054314","6.96077930492","0.30798145206138","46.15","28.223130331098","289.49460867886","0.84","357.26","23.88","1.79","6.65","1.7","3.75","0.37","2163411649.07","Bug'doy"
"NMNT-158","0-20 sm","Gill","29.835521987004","18.491650833072","7.0976959246249","0.2018464259067","51.37","28.484925682083","234.73478827926","1.36","364.97","26.15","1.95","7.55","1.55","2.78","","1943158958.2","Bug'doy"
"NTTM-127","0-20 sm","Gill","25.711212719277","27.142897989994","7.0819383500699","0.3727317785839","51.91","19.273023096181","189.41299783134","0.97","359.22","27.65","1.21","7.62","1.73","1.81","1.18","694834746.95","Bug'doy"
"NMNX-4374","0-20 sm","Gill","37.344510745038","29.794726023514","6.327661131456","0.54862649916778","24.86","17.288126545978","283.47975638149","0.53","313.33","25.56","0.57","","2.37","0.85","0.86","1634634005.66","Bug'doy"
"NMNX-158","0-20 sm","Gill","30.12041206923","26.122820950384","6.7609296543731","0.27025857541767","45.08","24.139716206745","212.60048225532","1.55","314.89","28.85","1.74","9.24","3.06","-0.12","1.18","1287091848.36","Bug'doy"
"NMNT-159","0-20 sm","Gill","23.354695267757","23.78376120345","7.4861474010354","0.47059119929183","13.6","28.383293453193","298.8663416981","1.27","283.11","26.15","1.35","8.97","4.68","-1.09","0.82","","Bug'doy"
"NTTM-128","0-20 sm","Gill","34.08533980403","29.977398314623","7.385693887848","0.51440822938283","51.41","23.026353981254","262.94452790791","1.66","375.21","27.42","1.51","7.48","4.05","-2.06","1.36","402327918.05","Bug'doy"
"NMNX-4375","0-20 sm","Gill","24.007812652173","16.863871019206","7.1966292655134","0.55601198926545","47.08","24.808448193845","241.33006584023","1.56","369.72","28.45","1.81","","2.48","-3.02","0.65","1706078762.25","Bug'doy"
"TSPD-2016","0-20 sm","Gill","34.252019261131","28.800935190328","6.623128632345","0.41082397726958","48.04","16.122367017635","282.24422560065","2.97","341.57","29.87","","8","1.89","-3.99","0.69","2517810052.66","Bug'doy"
"Karta-127","0-20 sm","Gill","21.827419958641","29.110041432858","6.9373829997407","0.22930882617608","37.81","29.580152174228","263.41698996403","0.11","","28.68","1.11","8.76","1.5","-4.96","0.66","385289947.18","Bug'doy"
"NTTM-129","0-20 sm","Gill","37.133448422222","21.913819070453","6.9085084269756","0.38705005667061","35.01","18.006425479905","153.61233115674","1.02","355.01","19.24","0.64","8.76","1.83","-5.93","0.57","2129334750.27","Bug'doy"
"NMNX-4617","0-20 sm","Gill","38.896155071079","22.178073974609","6.9571790458552","0.43866452886234","30.32","15.231630117439","231.18484846111","1.71","314.75","29.81","1.98","7.1","4.15","-6.89","1.31","142152476.03","Bug'doy"
"NTXM-168","0-20 sm","Gill","31.541589857304","18.174902114821","7.0317063368244","0.34859686723181","64.06","24.692254230079","226.5543963985","1.03","372.96","29.59","2.16","10.03","4.51","-7.86","","647241945.46","Bug'doy"
"TSPD-2017","0-20 sm","Gill","20.634869710838","28.573798476895","6.7565269876406","0.40447588876647","25.73","26.257671161734","180.40992269682","1.8","333.79","23.48","0.83","8.81","4.03","-8.83","0.89","","Bug'doy"
"NTTM-130","0-20 sm","Gill","37.008079334673","17.454431868675","7.135781124122","0.37587912700164","31.59","22.160377793416","239.58829725311","1.77","374.01","29.27","1.01","9.32","4.19","-9.80","0.91","","Bug'doy"
"NMNX-4859","0-20 sm","Gill","22.129184897056","18.761419877106","6.8009907302655","0.53276266374869","29.48","27.67931134325","225.51289902995","2.27","378.64","20.74","0.98","6.11","2.66","-10.76","1.11","206676043.34","Bug'doy"
"NMNX-4980","0-20 sm","Gill","22.044983051946","23.609101419611","6.3584778938257","0.27177139671788","53.43","24.81536409394","152.70157046201","0.3","327.93","26.02","1.55","9.62","1.56","-11.73","0.6","827857527.53","Bug'doy"
"TSPD-2018","0-20 sm","Gill","35.327175186372","17.175543931798","6.53092755752","0.40507472246508","35.5","16.306704832638","274.89075972248","0.48","363.13","26.15","1","8.85","4.21","-12.70","0.76","2300227561.45","Bug'doy"
"Karta-129","0-20 sm","Gill","24.977959783224","23.716856983084","6.312032530509","0.45024548131597","22.8","18.588190232039","152.63356285338","0.99","285.38","19.5","1.41","9.42","2.4","-13.67","0.5","595022608.62","Bug'doy"
"NTTM-131","0-20 sm","Gill","28.918553289532","16.576836250025","6.479720274445","0.20720248603223","40.51","18.878095007382","238.63358702476","1.91","328.49","21.33","2.06","8.5","2.1","-14.63","","1066267052.51","Bug'doy"
"NMNX-5222","0-20 sm","Gill","33.438404607555","19.047086568734","6.3951358257829","0.47103423842202","49.71","22.525382051473","291.5745922403","0.6","357.64","25.18","1.17","8.41","3.45","-15.60","1.02","2534119146.12","Bug'doy"
"NTXM-170","0-20 sm","Gill","36.775288438581","16.206539709722","7.2824632801466","0.27226837495863","29.74","21.41138806672","204.46561681539","1.31","315.2","28.72","0.8","5.97","4.52","-16.57","1.11","688675284.67","Bug'doy"
"Karta-130","0-20 sm","Gill","30.739075311681","22.50492021946","7.122527784691","0.40132333912959","53.39","19.195993845065","234.22510866127","0.79","352.94","27.45","2.63","8.82","1.75","-17.54","1.07","155413320.28","Bug'doy"
"NTTM-132","0-20 sm","Gill","21.383297769697","22.512369423413","7.1665622870592","0.49384962236859","41.23","28.452369067293","249.61653886136","0.69","356.52","29.04","2.42","8.46","3.27","-18.50","0.49","433964751.7","Bug'doy"
"NMNX-5343","0-20 sm","Gill","30.725991702433","18.229528259421","6.4606289404122","0.2635026278761","63.96","23.121181126686","253.07972145439","0.99","355","24.67","1.86","","3.23","-19.47","1.13","2363724330.58","Bug'doy"
"Karta-131","0-20 sm","Gill","32.657314376542","23.12372621365","6.3079794310957","0.39121528434012","15.37","24.551285726017","190.68442083353","1.38","298.21","20.03","0.34","7.2","1.99","-20.44","0.99","1188820462.22","Bug'doy"
"NMNX-152","0-20 sm","Gill","28.888183871944","27.474766507821","7.1812141594671","0.59842787582607","59.94","27.918441084174","279.2708188791","","392.8","26.16","1.38","7.72","4.16","-21.41","1.09","","Bug'doy"
"NTXM-162","0-20 sm","Gill","28.471900101929","15.099628742156","7.3734209785698","0.41115309908357","20.95","25.322168543319","277.26920476237","1.04","317.42","25.55","1.85","","2.14","-22.37","1.19","153661650.11","Bug'doy"
"NMNX-4611","0-20 sm","Gill","27.065290742375","16.901045758921","7.3552999864968","0.5385846011004","57.61","21.324077852505","235.32544094603","1.12","375.85","25.61","2.27","9.79","2.56","-23.34","0.82","356769807.06","Bug'doy"
"NTXM-163","0-20 sm","Gill","21.536155350519","16.416880418706","6.5014919730906","0.54372780757954","57.47","19.5910668895","248.47757761905","1.13","327.65","27.45","2.39","7.33","3.45","-24.31","","2361035322.75","Bug'doy"
"NTTM-124","0-20 sm","Gill","38.090046138899","20.205176149367","6.6951972004567","0.57014561659935","62.05","23.745537544785","241.34387052939","1.11","368.87","26.31","1.54","","4.53","-25.28","0.9","1799524767.76","Bug'doy"
"NMNX-4612","0-20 sm","Gill","21.75831778318","21.549819707692","7.0959149781899","0.41159133277227","26.14","22.375301997681","159.48748612618","2.08","330.19","27.56","0.52","9.92","4.07","1.03","0.55","1308869635.61","Bug'doy"
"NMNX-155","0-20 sm","Gill","32.496592426576","26.622868265788","6.0034372801031","0.41056112722095","21.34","28.323574417048","188.97990959954","1.66","325.76","25.1","1.37","8.18","2.61","0.87","0.53","745843543.93","Bug'doy"
"NTXM-164","0-20 sm","Gill","28.271716910817","18.078174156407","6.658814680053","0.2498805584647","14.94","18.074550076756","268.28187825465","0.71","318.63","27.54","0.64","7.77","1.99","1.56","1.26","52770559.21","Bug'doy"
"NMNX-4734","0-20 sm","Gill","32.389510979937","20.957631362985","7.263385857057","0.41354219736489","40.5","19.25591031729","165.54036441765","1.74","342.21","27.26","0.94","7.51","4.95","1.81","","","Bug'doy"
"NTXM-164","0-20 sm","Gill","23.896441843709","29.467536488187","6.4804801622136","0.56816227132064","50.92","19.829443532459","184.66397771458","1.41","388.57","27.15","1.21","9.27","1.54","2.06","0.88","1276099853.3","Bug'doy"
"NMNX-156","0-20 sm","Gill","30.637824803933","19.310169051765","6.044768298097","0.48356019955751","17.6","20.477695297094","197.48478091411","2.01","262.22","23.68","0.23","8.56","1.97","2.43","0.67","1112694324.29","Bug'doy"
"NMNT-157","0-20 sm","Gill","36.985415104604","26.015828418234","6.5526615685041","0.49582086023768","25.11","20.795411146917","175.54071782654","1.93","340.03","27.06","0.92","7.99","3.55","2.07","","687066483.67","Bug'doy"
"NTTM-126","0-20 sm","Gill","39.279859349387","18.187569586556","6.5195201607374","0.28131444617657","71.35","25.220964575533","207.31332360696","2.14","396.24","27.72","1.69","9.68","0.91","2.32","1.23","769970339.83","Bug'doy"
"NTXM-165","0-20 sm","Gill","25.962628787728","26.044833206554","6.9413308203353","0.48584831192025","54.71","18.575614749654","172.61494952073","","365.48","24.88","2.74","8","4.28","1.67","1.13","","Bug'doy"
"NMNX-157","0-20 sm","Gill","36.8992280225","29.543398699547","6.5295589244251","0.34110450688356","61.76","17.776392934768","235.32524930503","2.48","422.43","29.3","1.92","7.56","3.34","2.22","1.01","1262801252.82","Bug'doy"
"NMNT-158","0-20 sm","Gill","34.974624312138","23.758934451211","6.5814114674156","0.46217545311264","32.78","28.44871289217","228.6601597822","0.59","334.74","26.14","1.83","6.16","4.07","3.79","0.92","261082109.08","Bug'doy"
"NTTM-127","0-20 sm","Gill","21.776354416404","27.136567143331","7.2706040928054","0.35354229683292","35.2","29.300740293309","196.42756615211","1.52","355.29","23.97","1.49","7.81","1.51","2.56","0.7","243958068.39","Bug'doy"
"NMNX-4615","0-20 sm","Gill","23.19998814091","24.846238801814","6.1497824900339","0.29590320933802","41.73","22.753535795784","150.94336472494","1.14","374.18","26.55","1.32","9.19","1.75","1.92","1.13","273778612.46","Bug'doy"
"NMNX-4736","0-20 sm","Gill","39.532814721238","26.090782510289","7.1747540108583","0.3320486941602","35.11","29.896597966106","239.12384570085","1.63","375.34","25.57","1.98","10.96","3.89","1.57","1.25","991968304.67","Bug'doy"
"NTXM-167","0-20 sm","Gill","33.236130012884","19.034006535616","6.1347607308256","0.54527500866309","16.88","23.619165488498","290.39032912322","2.45","325.24","22.87","0.65","7.76","2.93","1.43","1.08","","Bug'doy"
"NTTM-128","0-20 sm","Gill","22.617930866499","15.232162777348","7.3368928272179","0.29077512752804","35.74","28.029371985397","167.94302793355","1.84","311.29","23.16","1.58","7.52","1.08","2.72","1.28","158315405.21","Bug'doy"
"NMNX-4616","0-20 sm","Gill","27.695377573289","21.169128787015","6.5135567876154","0.45224104169049","60.12","24.639412677731","283.44686223117","0.76","385.07","25.68","2.31","9.16","4.66","2.14","1.01","1692525111.97","Bug'doy"
"NMNX-159","0-20 sm","Gill","30.449379326151","26.525223742092","7.2744434302051","0.25062494517777","66.07","22.155421953988","157.18446814457","1.38","383.51","28.14","2.12","9.38","2.46","1.74","0.8","2116450723.61","Bug'doy"
"NTXM-168","0-20 sm","Gill","21.106880652378","25.372971425334","6.9028802410669","0.27755610492006","47.08","17.568565940434","205.97626087116","1","350.79","23.94","1.98","9.35","1.54","1.91","1.19","526728589.97","Bug'doy"
"NTTM-129","0-20 sm","Gill","38.579431430715","22.183291247723","6.302622792682","0.21980673976028","24.57","24.860623039988","272.86999946167","0.92","327.81","29.48","0.56","8.27","0.94","1.66","1.28","821583454.89","Bug'doy"
"NTXM-168","0-20 sm","Gill","26.303285665858","16.248183806811","6.3098304204213","0.3210163437001","30.31","15.209160906138","193.00520843632","0.99","321.59","25.95","1.89","7.11","2.46","0.99","0.72","204224367.65","Bug'doy"
"NTTM-130","0-20 sm","Gill","34.078601473121","16.606926760841","7.4908874173758","0.21204398350883","68.53","26.156869573173","255.21645067889","","422.07","25.79","1.94","9.73","3.92","2.00","1.03","1743264480.17","Bug'doy"
"NMNX-4859","0-20 sm","Gill","31.645246546922","21.353153404489","6.9748052294045","0.50967297458837","17.24","20.871756006413","243.40535440114","0.47","304.88","28.87","0.93","6.5","1.12","0.98","0.81","1067688401.19","Bug'doy"
"NTXM-169","0-20 sm","Gill","34.883965249494","26.39269142168","7.0243879042021","0.24419803278952","24.17","26.677738362159","275.75481842726","1.13","274.87","24.59","0.57","8.98","3.89","0.97","0.48","1697263846.12","Bug'doy"
"TSPD-2018","0-20 sm","Gill","29.518181841669","26.892212970117","7.2185898367325","0.56030881994379","18.87","29.660807409829","154.54242245713","1.35","293.18","26.01","0.59","10.73","1.98","1.64","0.86","229044223.44","Bug'doy"
"NTXM-170","0-20 sm","Gill","39.400238246496","20.172222301434","6.1076875532802","0.53423908476932","15.31","22.350658475168","235.94176201354","2.12","301.21","26.36","0.73","7.29","2.51","1.82","1.02","1515393494.68","Bug'doy"
"TSPD-2019","0-20 sm","Gill","25.559248385693","22.30406347129","6.9468384733597","0.44413185731307","30.05","23.164658770628","189.57934961721","1.17","326.39","21.4","0.55","8.62","0.53","2.03","0.94","811678808.84","Bug'doy"
"NTTM-132","0-20 sm","Gill","21.642559151994","22.56360915301","7.246959875071","0.43519481955649","29.82","22.398237481025","156.8887148172","1.24","354.68","27.01","0.29","5.92","2.8","1.62","1.02","131385997.1","Bug'doy"
"TSPD-2020","0-20 sm","Gill","29.456110521132","16.367893780156","6.5629454195542","0.46602941124559","44","18.75205071925","267.30607894991","0.8","370.07","14.89","1.98","7.95","2.48","1.56","0.99","1766682766.54","Bug'doy"
"Karta-131","0-20 sm","Gill","39.52557349494","26.590588109266","7.4705959345476","0.28119594598126","50.52","20.479373116065","177.09714446474","1.9","340.86","23.23","1.62","6.23","1.59","1.87","0.67","578547288.53","Bug'doy"
"NTTM-133","0-20 sm","Gill","34.541474236296","29.068831263808","7.0121548502108","0.24383254948904","42.94","28.838771150028","215.65047497252","1.04","337.82","17.22","0.8","8.98","2.37","1.62","1.26","","Bug'doy"
"NMNX-5585","0-20 sm","Gill","29.351206505584","16.559110624458","6.1073305141659","0.36920199832193","48.11","27.900243116258","183.92264163462","0.83","344.9","17.01","1.49","6.45","0.92","3.21","0.78","788484530.33","Bug'doy"
"NMNX-5706","0-20 sm","Gill","38.267390563803","16.829738022265","6.9264562687264","0.21528028462483","15.49","16.230789946782","172.66554462566","1.93","351.42","21.8","0.49","6.25","1.47","1.63","1.05","901496301.53","Bug'doy"
"TSPD-2021","0-20 sm","Gill","39.088017772222","26.135527260733","6.4376647737657","0.53890241173255","25.83","27.686404179109","268.29202894597","2.08","306.65","29.92","2.12","7.41","2.49","1.82","0.9","433084583.07","Bug'doy"
"NTTM-134","0-20 sm","Gill","23.650047854768","18.131678506269","6.9948976689399","0.32110169810099","29.11","20.579181398608","160.383344497","0.88","329.79","27.33","1.08","8.85","4.33","1.61","0.68","1466068870.79","Bug'doy"
"NTXM-163","0-20 sm","Gill","28.688815599127","19.883795605085","6.0532059290056","0.54242620020634","28.95","24.991260051746","276.41511354678","1.75","358.86","25.21","0.91","6.39","3.88","1.08","0.8","62040612.61","Bug'doy"
"NTTM-124","0-20 sm","Gill","37.846261060676","23.081126755493","7.3793844686896","0.27176169571185","23.09","26.155463306524","246.85121107058","1.88","322.97","29.72","0.66","8.9","3.4","1.07","0.82","1075165717.78","Bug'doy"
"NMNX-4853","0-20 sm","Gill","27.715876674345","20.897767408393","7.0757848522649","0.32396523506912","48.53","20.315112594694","265.99944319661","1.38","379.52","16.23","1.5","","1.69","1.58","0.9","495713526.26","Bug'doy"
"NTXM-163","0-20 sm","Gill","29.523282350539","23.731534552831","6.9604657506506","0.593866711314","62.75","23.34233080499","271.67016650667","","","17.19","1.83","7.85","2.47","1.94","1.12","1595789483.02","Bug'doy"
"NMNX-155","0-20 sm","Gill","23.084565804199","29.584998746439","6.2499966077807","0.50620375515793","18.56","20.295695446966","287.48183441725","2.05","305.87","17.46","","7.23","4.07","1.08","0.62","661686649.99","Bug'doy"
"NMNT-156","0-20 sm","Gill","24.406301212687","20.1329463923","6.1551265968128","0.53512684810572","26.13","23.778091974633","162.19720149865","1.22","320.11","25.84","0.65","7.87","4.53","1.24","0.86","389416764.79","Bug'doy"
"NTTM-125","0-20 sm","Gill","32.64945760338","19.462573772173","6.0842787591704","0.21675477839174","61.99","24.173844523785","253.6609328124","1.88","319.62","27.13","1.55","7.39","1.23","0.76","0.97","2423420487.2","Bug'doy"
"NMNX-156","0-20 sm","Gill","28.623633916191","19.274482987707","6.0949949278492","0.4675773129821","15.05","26.291300863709","299.13588519639","","331.36","27","0.8","8.73","4.79","1.10","0.77","173469356.69","Bug'doy"
"NTTM-126","0-20 sm","Gill","37.010570858975","24.875589478834","7.0183783802493","0.46213446769335","24.84","18.120549510323","226.61909175258","1.68","300.44","21.21","1.01","6.79","4.89","1.52","0.34","482020578.18","Bug'doy"
"NMNX-4976","0-20 sm","Gill","36.315587828837","25.543718589729","6.0757598525671","0.39183152975214","32.07","17.177613521791","295.47867681567","1.38","350.54","24.36","0.68","8.63","3.44","0.95","0.65","939118642.24","Bug'doy"
"NTXM-165","0-20 sm","Gill","38.669117519674","17.922968040918","6.9417109804574","0.59010840472445","23.5","23.979527795031","176.24806196087","0.61","316.71","27.74","1.41","6.73","4.82","1.29","0.45","134460613.33","Bug'doy"
"NMNX-157","0-20 sm","Gill","23.296482704909","19.357780249738","6.1321273094467","0.33953046183858","28.69","26.884573447244","237.0349076559","1.66","370.25","29.69","0.49","8.41","1.49","0.95","0.81","536646052.4","Bug'doy"
"NTXM-166","0-20 sm","Gill","21.886955118563","18.222901374228","7.4381935569652","0.20208927823636","36.94","27.440262072568","156.91118235451","1.13","338.93","14.19","0.74","7.08","3.24","2.99","1.17","738022831.87","Bug'doy"
"NMNX-4856","0-20 sm","Gill","35.754504019231","25.840955871776","6.9035186686095","0.2105269000055","36.34","29.415549544743","259.00380567742","0.78","310.44","12.58","","8.36","3.91","1.72","1.08","2177666398.87","Bug'doy"
"NMNX-4977","0-20 sm","Gill","29.439576529576","15.835599959297","6.8718164170917","0.35165738270987","29.57","22.088032594102","243.89777193778","1.38","298.82","28.71","1.09","10.02","0.82","1.08","","","Bug'doy"
"NTXM-166","0-20 sm","Gill","37.502881779598","21.735693019236","7.1347035186362","0.41884469763478","31.18","22.095617077368","268.69337102776","2.01","343.89","23.45","1.82","8.37","2.96","1.24","0.36","610870892.56","Bug'doy"
"NMNX-158","0-20 sm","Gill","21.581138238255","16.36080746834","7.0731560534304","0.20810786636256","53.27","23.661660175123","232.69081309633","1.38","380.18","25.22","2.1","6.97","1.07","2.32","1.06","580914608.78","Bug'doy"
"NMNT-159","0-20 sm","Gill","35.300353807989","15.061427394575","6.4080815028044","0.29220877930324","18","17.090851981788","242.80715032273","1.32","318.58","17.86","1.39","10.44","2.57","1.11","0.87","1803125595.48","Bug'doy"
"NTTM-128","0-20 sm","Gill","36.76887105749","28.921057210895","6.9455783082053","0.28745929028582","31.97","24.769007068195","299.83782952867","0.7","293.88","28.85","1.08","6.93","2.06","1.09","0.81","1927747503.94","Bug'doy"
"NMNX-4857","0-20 sm","Gill","24.955159906559","23.011378245636","6.0632057439036","0.49876392130394","57.5","15.676534657988","244.43364535419","2.37","380.93","21.71","1.31","7.15","1.31","1.02","0.98","53072782.42","Bug'doy"
"NMNX-4978","0-20 sm","Gill","32.930696947875","28.298446327341","6.0987458384887","0.44839091131496","48.03","24.844764702211","286.94953950869","0.95","341.61","28.35","1.63","6.62","4.87","1.27","0.73","248887492.32","Bug'doy"
"NTXM-167","0-20 sm","Gill","33.597591616467","18.118742038786","6.1781159477084","0.5610363350664","11.59","20.868137699827","226.25570422051","2.37","318.82","15.96","0.47","8.34","1.56","2.31","0.88","555189565.1","Bug'doy"
"NTTM-129","0-20 sm","Gill","23.31484047497","24.26209776778","7.1878444281547","0.35796908457651","23.94","29.207384076644","288.75774589985","1.79","352.57","16.01","1.6","9.83","1.55","0.51","0.71","764388808.99","Bug'doy"
"NMNX-4979","0-20 sm","Gill","33.413198171774","20.177935184668","7.3938073910756","0.47641451551474","55.65","16.10808442423","259.43954097863","1.32","397.14","23.45","1","8.76","1.24","2.09","0.85","317489355.38","Bug'doy"
"NTXM-168","0-20 sm","Gill","22.277074750306","29.339013055367","6.1220884426247","0.26957999225541","19.04","20.363050693616","251.61144349541","0.58","353.55","25.06","0.6","7.44","4.55","3.86","0.87","1459266751.16","Bug'doy"
"NTXM-169","0-20 sm","Gill","39.307001513126","22.1315685419","6.9155035417772","0.28512212413789","19.3","18.417030587719","221.26839441004","2.25","385.73","25.81","0.85","9.37","4.42","0.84","1.16","1430597860.98","Bug'doy"
"NMNX-4859","0-20 sm","Gill","39.581472985818","23.709989376778","6.2491343750677","0.28970941175155","32.56","24.671256355115","197.8570196706","0.57","335.3","28.86","2.13","7.46","4.22","1.42","1.12","2646356486.36","Bug'doy"
"Karta-129","0-20 sm","Gill","26.506419678702","15.908659654493","7.2046169514099","0.50490619516764","13.17","25.249995984551","186.88450498605","1.61","308.62","","0.84","8.41","2.58","1.50","1.05","2181370123.54","Bug'doy"
"NMNX-5101","0-20 sm","Gill","24.145983281551","26.721721294661","6.6321372719987","0.41232958710591","10.89","18.872867895564","240.78543109828","2.53","318.8","","0.87","8.18","3.47","1.09","1.06","2679794334.9","Bug'doy"
"Karta-130","0-20 sm","Gill","20.441756507482","26.743233600537","7.3175445055651","0.4195802218201","30.86","19.387034594691","273.09782863025","0.62","334.26","23.12","1.18","7.77","4.08","3.24","1.17","298464948.91","Bug'doy"
"NTTM-132","0-20 sm","Gill","22.909663981133","27.952300332584","6.3184281403933","0.58326132139518","32.23","21.095730134329","278.4395858426","1.49","349.29","23.76","0.77","9.49","1.57","1.24","1.09","2113406735.7","Bug'doy"
"TSPD-2020","0-20 sm","Gill","39.271912091068","26.339395324341","7.2472806886358","0.44053965637477","43.52","26.297506601857","214.69572609666","0.69","353.41","23.71","1.01","9.65","4.88","","0.62","1921595385.54","Bug'doy"
"NMNX-5706","0-20 sm","Gill","33.435294423627","15.034198212728","7.3827335913914","0.51411856354609","19.86","17.608768949247","167.77826703272","0.82","310.98","19.88","0.76","9.12","2.14","2.01","0.35","","Bug'doy"
"NTXM-172","0-20 sm","Gill","25.687094248838","18.341073871386","6.8401258899679","0.52549155567377","43.75","19.061514146948","188.50185634892","2.05","360.57","27.18","1.48","9.9","3.63","2.08","","2614884090.47","Bug'doy"
"Karta-132","0-20 sm","Gill","35.192281559697","16.842071689677","6.9582698247529","0.38933134192377","49.12","27.792759347018","195.32314890095","1.34","403.03","15.72","1.53","9.12","1.01","2.16","1.24","596878802.6","Bug'doy"
"TSPD-2022","0-20 sm","Gill","24.630028682407","21.973263755221","6.2832129916387","0.46903393971072","36.6","21.609759427896","294.58031035428","0.71","334.39","19.97","1.19","8.67","2.73","","0.79","236700710.87","Bug'doy"
"NMNX-154","0-20 sm","Gill","30.568413550344","20.33018741566","6.5534343825362","0.48709245881298","31.46","18.3505084868","256.64246118532","1.77","342.4","27.75","0.39","6.84","1.79","2.23","0.67","","Bug'doy"
"NTXM-163","0-20 sm","Gill","26.907504781483","26.813363782924","7.0755576229991","0.59370697564975","24.53","15.093856703984","188.5751949812","2.08","273.94","13.96","1.64","9.06","4.03","2.31","1.44","302272677.41","Bug'doy"
"NMNX-155","0-20 sm","Gill","39.858103098898","17.765054743538","6.8907683171219","0.25660061766714","19.13","25.909003174739","209.25601611702","1.12","288.87","15.14","0.97","7.99","0.95","2.38","1.12","717797703.4","Bug'doy"
"NTXM-164","0-20 sm","Gill","34.789476304053","16.889126631375","6.879022149078","0.47625723087779","60.17","18.8858733906","211.44437634186","","","12.93","0.91","8.89","1.75","","0.85","620914934.73","Bug'doy"
"NMNT-156","0-20 sm","Gill","37.823147649169","18.023216192333","6.0134064884356","0.53686571102634","19.19","28.28499529275","239.3559376151","1.84","260.51","11","2.29","7.47","2.33","2.46","1.07","427302346.21","Bug'doy"
"NTTM-125","0-20 sm","Gill","29.042859423616","15.165514004366","6.6069465625159","0.44357024568918","35.83","16.491433831125","167.07199270561","0.18","307.02","29.54","2.47","8.1","1.48","2.53","0.87","2450213239.09","Bug'doy"
"NMNX-5095","0-20 sm","Gill","21.615231059009","21.865717186881","7.2237733610392","0.37559423008909","16.91","21.142633427125","259.29989288215","3.03","343.09","16.24","1.47","8.73","4.84","2.61","1.13","622606971.86","Bug'doy"
"NMNX-5216","0-20 sm","Gill","20.31274654261","24.292406633451","6.2203566435701","0.53947581639452","72.51","26.744960082627","209.90607620127","1.12","401.74","26.33","1.78","6.54","1.42","","0.65","2050647753.92","Bug'doy"
"NTXM-164","0-20 sm","Gill","20.236057081505","22.731928684261","7.3769913670659","0.35234946048194","31.06","29.950841571303","282.88123360215","1.55","334.88","19.71","2","9.83","3.69","2.65","","884589806.01","Bug'doy"
"NMNX-156","0-20 sm","Gill","34.396891973671","20.613301278285","6.0625658062327","0.46237890849118","11.69","17.768671731846","154.48341268085","0.98","258.36","21.16","0.23","","3.69","2.71","0.55","","Bug'doy"
"NMNT-157","0-20 sm","Gill","28.472527211578","16.608715208183","6.431684146416","0.40054756623861","59.58","29.728832955452","263.69546768122","1.5","414.68","29.89","2.19","8.05","0.58","2.76","","949842820.37","Bug'doy"
"NMNX-5218","0-20 sm","Gill","26.316063232633","23.03105813912","7.0502928037302","0.46727261006564","27.3","15.319940766911","277.98233101365","1.04","338","28.79","1.47","8.94","1.73","2.8192365591398","1.09","2297837514.67","Bug'doy"
"NMNX-158","0-20 sm","Gill","29.082320775385","22.005081990736","6.7675487145607","0.3771818776702","25.71","24.454004460275","271.03824241407","1.56","370.68","24.46","0.34","7.17","2.58","2.88","1.25","238424635.62","Bug'doy"
"NTXM-167","0-20 sm","Gill","23.196512453232","20.407954305304","6.3700230034901","0.38516492463845","53.71","19.579535554697","211.05127799325","1.15","352.51","28.21","1.28","8.05","2.79","2.93","0.95","","Bug'doy"
"NMNT-159","0-20 sm","Gill","27.929585930898","20.639951686504","6.6809213973248","0.42161656972166","58.83","16.418592377536","252.70443087669","2.43","386.24","28.39","1.8","8.57","4.45","2.99","1.19","1916452256.71","Bug'doy"
"NTTM-128","0-20 sm","Gill","25.100132067998","15.222387254067","6.943690899247","0.4112188866039","21.52","27.434527374159","214.08822286296","1.53","309.19","14.68","0.79","7.53","3.67","3.0466559139785","0.85","728933333.97","Bug'doy"
"NTXM-168","0-20 sm","Gill","31.310694122343","16.572410574267","7.3225972299076","0.21004991922769","23.2","22.259288987955","286.12162862137","2.41","287.06","22.56","0.58","9.38","1.9","3.10","0.58","137743879.47","Bug'doy"
"NTTM-129","0-20 sm","Gill","21.127041185589","29.335150981876","6.0409139448274","0.22661819671688","26.34","21.375254390966","299.13870118272","1.77","299.1","24","0.32","","3.5","3.16","0.19","1657853202.93","Bug'doy"
"NMNX-5099","0-20 sm","Gill","27.24765451115","24.814494549007","7.1200419323109","0.2516702496053","31.72","25.76778283311","202.19631666278","2.23","333.67","26.64","1.27","7.79","1.51","3.22","0.41","2029486373.69","Bug'doy"
"NTTM-130","0-20 sm","Gill","28.47612035067","16.153562431547","6.993708996769","0.37360560974473","20.6","18.254665114996","253.66007265187","0.36","287.63","29.45","0.98","7.8","1.32","3.2740752688172","0.5","236334668.07","Bug'doy"
"NMNX-5100","0-20 sm","Gill","25.155096222632","16.219728560741","6.1389145380104","0.59902255373078","24.07","19.298384524063","204.50690805716","1.19","339.55","22.47","0.96","8.64","0.96","3.33","0.73","142294921.19","Bug'doy"
"NMNX-5221","0-20 sm","Gill","23.552088595161","17.064595862735","6.4592850256901","0.32568983894954","17.88","20.642774425447","266.71928831863","2.07","295.2","18.75","","9.53","2.65","3.39","1.07","422848202.4","Bug'doy"
"NTXM-169","0-20 sm","Gill","26.905128551675","27.406941466646","7.4081252323767","0.44180713486421","20.48","18.670896646941","187.44641312638","2.02","322.03","14.75","0.61","8.89","1.12","3.44","0.97","1244055096.35","Bug'doy"
"NMNX-161","0-20 sm","Gill","31.495705238172","26.679730011722","6.0175615459423","0.38868635425348","23.94","21.362518722549","297.45827692455","1.56","327.27","25.95","0.57","9.1","4.95","","0.63","285855499.51","Bug'doy"
"NTTM-131","0-20 sm","Gill","28.767997239134","28.372811034232","7.187839993031","0.47229417795864","16.62","25.4740171065","166.75720840268","2.43","306.27","17.76","1.29","7.14","1.67","3.50","1.16","","Bug'doy"
"NMNX-5222","0-20 sm","Gill","23.998064395181","28.583511177197","6.5502269763533","0.30215783390992","57.76","22.768156476059","185.56507772999","0.53","","17.45","2.1","8.17","1.63","3.56","0.62","","Bug'doy"
"NTXM-170","0-20 sm","Gill","23.084707452869","20.742612830693","6.7638409455709","0.49185181937564","41.04","16.733291800779","258.31276097309","1.27","357.59","23.59","1.4","7.47","1.56","3.62","1.02","138195887.52","Bug'doy"
"TSPD-2019","0-20 sm","Gill","39.755930815971","21.084837545774","7.0108065503065","0.50569403982399","37.02","23.087276935536","198.53213890441","2.06","282.7","16.5","1.95","8.81","3.45","3.6720591397849","0.77","1718220832.92","Bug'doy"
"Karta-130","0-20 sm","Gill","26.261904017935","22.244183601907","7.4033363830583","0.26754650756128","37.87","29.416423622656","294.31788035754","1.21","332.78","21.2","0.56","7.87","4.17","3.73","0.87","81117142.97","Bug'doy"
"NTTM-132","0-20 sm","Gill","25.571575337967","27.152139674571","7.1530271610977","0.46389838553148","51.9","20.301209747033","284.48863245905","1.48","371.03","18.55","2.64","7.95","4.01","3.79","1.12","2358806453.82","Bug'doy"
"NMNX-5464","0-20 sm","Gill","32.460593617578","25.914519480098","6.4444648738397","0.22557376517095","12.06","22.315593288134","181.33729986984","1.64","302.51","12.59","0.83","6.39","2.5","3.84","0.65","","Bug'doy"
"NTXM-171","0-20 sm","Gill","26.884049357384","18.046274065232","6.0315109191954","0.51161626674825","21.43","22.715047136129","177.60545948953","1.23","286.52","21.22","0.87","10.25","0.74","3.8994784946236","0.53","2288813955.71","Bug'doy"
"NMNX-5585","0-20 sm","Gill","29.48177431163","18.454253666044","6.4673784528185","0.40978919439827","57.52","21.674516727347","177.66338469512","0.66","407.78","15.47","1.1","7.58","0.7","3.96","0.63","","Bug'doy"
"TSPD-2021","0-20 sm","Gill","24.743860653355","29.560078114801","6.5825465652548","0.21828642198372","25.28","16.058884425935","236.24661381107","","320.88","14.39","1.13","7.07","4.99","4.01","","","Bug'doy"
"Karta-132","0-20 sm","Gill","24.201699035952","17.816810930041","6.4905888925943","0.49289992892785","47.06","16.420266799189","245.77868429082","1.7","319.33","28.69","1.61","9.82","1.04","4.07","0.93","2461407664.47","Bug'doy"
"NMNX-5827","0-20 sm","Gill","27.618573890746","19.755442543445","6.4220081184502","0.58980849392692","32.91","24.176127855898","154.55624084251","1.64","314.79","17.34","2.64","8.57","1.18","4.1268978494623","1.12","537690327.17","Bug'doy"
"TSPD-2022","0-20 sm","Gill","22.489065819932","19.314016557007","6.5632508960189","0.35218435799108","38.74","27.724882284174","152.77315632714","1.55","353.34","29.29","1.24","9.69","4.39","4.18","1.06","242296824.58","Bug'doy"
"NMNX-6190","0-20 sm","Gill","20.604393719794","22.964864643224","6.5833792853128","0.4404787810823","26.17","23.563972006383","265.38481094973","0.96","310.65","13.78","1.84","7.32","3.68","4.24","1.05","1581606415.19","Bug'doy"
"NTXM-174","0-20 sm","Gill","20.988781478918","17.248045330529","6.3407540542605","0.38938183957509","19.94","21.448297556602","168.70596811195","1.11","314.55","24.46","0.64","8.01","2.64","4.30","0.76","1984404058.03","Bug'doy"
"TSPD-2023","0-20 sm","Gill","37.077223304182","25.022081686738","6.5853850644454","0.37645384378322","26.44","21.70038842919","217.46089051521","0.75","294.8","20.95","1.05","8.43","0.73","","0.89","","Bug'doy"
"Karta-134","0-20 sm","Gill","20.611930050956","17.213499015293","6.916149483813","0.21041177811097","57.81","15.418968341187","284.81499011446","1.5","370.14","17.41","1.67","","2.58","4.35","0.88","218629771.8","Bug'doy"
"NMNX-155","0-20 sm","Gill","21.494958771304","17.180426112136","6.9373247314029","0.43772556878156","42.27","26.821325095602","211.83982876864","","358.54","20.46","1.8","6.81","0.84","4.41","0.99","2396781055.22","Bug'doy"
"NTXM-164","0-20 sm","Gill","26.848285075188","25.752069252195","6.896948506768","0.26377987482425","44.94","28.617338115992","263.71973735956","0.98","362.51","28.9","1.44","6.37","2.37","4.47","0.56","1159699605.16","Bug'doy"
"NMNX-156","0-20 sm","Gill","39.851146515184","19.409248011784","6.2055136429611","0.4737504295337","36.26","25.284815265158","239.95320708938","1.28","337.72","23.85","1.76","","2.02","4.5248817204301","1.04","","Bug'doy"
"NTXM-165","0-20 sm","Gill","37.56315965871","23.499598508869","7.0103046657325","0.41179371893769","28.37","23.951451476383","244.63125113459","0.92","312.59","12.37","0.84","8.36","1.66","4.58","0.79","499523803.84","Bug'doy"
"NTTM-126","0-20 sm","Gill","25.199380421439","20.540744705248","7.1141167908837","0.20937759178448","46.91","29.806087131406","210.8867001215","1.07","373.91","27.63","0.59","6.09","4.85","4.64","0.97","522405524.56","Bug'doy"
"NMNX-5458","0-20 sm","Gill","21.604873740623","25.760177495322","6.9520531317334","0.30055439471474","34.62","18.049510648112","291.91472851734","0.65","328.22","22.67","0.86","","2.59","4.70","1.01","495148227.77","Bug'doy"
"NTXM-165","0-20 sm","Gill","32.566669767751","18.597445149667","7.3477283404937","0.24511180994035","62.55","23.357603629412","208.84157172901","0.76","366.73","13.76","","8.83","2.41","4.7523010752688","0.61","110193649.34","Bug'doy"
"NTXM-166","0-20 sm","Gill","34.29974060967","18.916473852585","6.857600067856","0.28176885532582","27.6","17.868176987874","273.38044774234","","321.44","22.22","1.19","7.27","3.98","4.81","0.74","2109392298.53","Bug'doy"
"NTTM-127","0-20 sm","Gill","28.051538075669","29.886786312172","6.9857774830782","0.51150793926826","29.05","18.000325079856","212.84886517911","1.5","300.15","16.38","0.81","9.34","1.25","4.87","0.68","389448660.49","Bug'doy"
"NMNX-5338","0-20 sm","Gill","22.988792038565","29.451036217248","6.7035629829709","0.55319468151197","60.56","18.424481563473","240.30174591519","2.57","408.03","23.76","1.31","9.46","0.69","4.92","0.89","95490316.26","Bug'doy"
"NTXM-166","0-20 sm","Gill","29.426241528198","24.543238945097","6.6171011037822","0.3342793780864","29.14","15.534172372179","250.02667853997","1.25","","17.68","1.97","8.04","4.1","4.9797204301075","1.05","1458231330.39","Bug'doy"
"NTXM-167","0-20 sm","Gill","25.445202563626","19.777519799812","6.0965020165188","0.48690759789982","24.77","25.695169702872","282.06679130238","2.52","321.42","17.55","1.76","9.57","4.81","5.04","0.85","2185873548.56","Bug'doy"
"NMNT-159","0-20 sm","Gill","32.366406006017","19.575634474287","6.3552730524791","0.23092650810027","43.56","22.44240326587","247.1345263548","2.37","389.08","18.75","0.76","8.51","2.04","5.09","0.89","138912974.46","Bug'doy"
"NTTM-128","0-20 sm","Gill","28.959653110164","25.200072802069","7.0061225388137","0.44141277754728","34.74","28.798552560316","185.49431575223","0.79","319.37","15.93","1.64","9.22","3.52","5.15","1","79302386.92","Bug'doy"
"NMNX-5460","0-20 sm","Gill","27.975369493277","29.813260744714","6.8579995219036","0.47535434787123","20.03","19.539917419237","179.55119167017","1.72","325.37","18.97","0.35","8.05","2.08","","1","741311014.08","Bug'doy"
"NTXM-167","0-20 sm","Gill","24.070105788717","20.393094611965","6.8917600611266","0.44774672177319","25.18","29.746999608344","154.98024186962","0.74","374.25","25.76","0.92","7.1","4.91","5.21","1.13","2247251383.61","Bug'doy"
"NTXM-168","0-20 sm","Gill","33.226168121485","19.103296866356","6.5568187620335","0.36784982433235","54.84","17.738767854342","247.44451342325","0.91","399.88","24.25","1.86","8.81","4.61","5.26","0.99","426414421.74","Bug'doy"
"NMNT-160","0-20 sm","Gill","25.939324526553","24.815319173324","6.2501304091161","0.33720263650009","25.61","15.648458513452","194.32465689857","2.15","317.86","22.71","1.92","7.63","0.85","5.32","0.52","77168091.62","Bug'doy"
"NTTM-129","0-20 sm","Gill","21.631830921582","25.969970812009","6.8618257242408","0.51759437526033","31.28","15.487854571755","227.74971284006","0.83","323.58","12.48","1.29","7.37","1.13","5.3777043010752","1.09","536324269.01","Bug'doy"
"NMNX-5340","0-20 sm","Gill","21.824367354964","28.425517793657","7.2249870476972","0.30796740780284","32.07","20.48309897684","224.91619669902","0.66","356.44","14.28","1.91","7.01","2.06","5.43","0.71","365356231.96","Bug'doy"
"NMNX-5461","0-20 sm","Gill","29.702587461835","18.31395993205","6.9858520356413","0.4552083260926","19.92","19.0504674448","284.11901627463","2.18","338.87","14.49","1.34","8.93","0.52","5.49","1.22","428348772.6","Bug'doy"
"NTXM-168","0-20 sm","Gill","23.385949642277","29.568200426742","6.2192875957814","0.30214455286417","37.72","15.691810546962","204.69888193153","1.15","334.39","23.48","1.38","6.5","1.1","5.55","0.84","1556935683.64","Bug'doy"
"NTTM-130","0-20 sm","Gill","30.854476159693","29.86445506098","6.3935688913718","0.37187086681152","17.68","20.820644093649","220.76964559582","1.38","327.75","20.13","1.21","9.12","0.91","5.605123655914","1.11","1169998707.45","Bug'doy"
"NMNX-5341","0-20 sm","Gill","23.930279426142","23.206202816505","7.2138030156283","0.25388380661892","53.66","19.183173388176","288.39924038563","1.16","","15.11","1.51","","3.66","5.66","1.1","631686701.72","Bug'doy"
"NTXM-169","0-20 sm","Gill","27.140380021025","22.156025240031","6.7361961820355","0.52157103072389","29.51","29.271408628368","269.85872874945","0.8","359.33","26.35","1.12","7.5","4.51","5.72","1.1","","Bug'doy"
"NTXM-170","0-20 sm","Gill","21.669035980919","21.10891247937","7.3578418777066","0.34556811395911","36.59","22.171147263984","238.80241363489","1.08","338.02","25.58","2.14","7.47","3.63","5.78","0.83","2419912932.6","Bug'doy"
"NMNX-5342","0-20 sm","Gill","24.274379199556","25.951976473567","6.1612601992876","0.42469332146725","41.21","15.272397102544","281.2611772152","2.08","332.19","21.53","1.76","9.68","1.73","5.8325430107527","1.11","304053565.21","Bug'doy"
"NTXM-170","0-20 sm","Gill","27.055194810761","25.015940059622","6.1383183754308","0.46112215942643","61.3","20.000592465549","179.73019104491","0.95","391.09","29.52","1.81","7.54","4.28","5.89","0.54","529775658.49","Bug'doy"
"NMNX-5343","0-20 sm","Gill","32.530929384183","22.298441128035","7.0619054495656","0.535322508939","32.97","18.538495414852","193.19750878376","1.47","352.19","26.48","1.07","7.92","1.16","5.95","0.93","","Bug'doy"
"NMNX-5464","0-20 sm","Gill","25.465177126389","24.367624440866","6.8411157717599","0.30650650772348","50.59","16.931889606119","224.95316506526","2.17","325.38","25.94","2.11","8.51","3.11","6.00","1.25","1230152881.95","Bug'doy"
"Karta-131","0-20 sm","Gill","33.480589408251","25.460074353293","6.3604120241701","0.44276987654329","64.92","16.656938176912","295.42808508605","0.18","387.56","21.13","1.75","8.61","1.05","","1.18","","Bug'doy"
"NTTM-133","0-20 sm","Gill","29.697035312429","18.143713784591","7.0126802204876","0.2460904558567","27.97","21.99458576703","160.95076655196","1.08","327.34","15.74","1.29","7.9","0.9","6.06","0.36","583288526.7","Bug'doy"
"NMNX-5706","0-20 sm","Gill","25.194978528965","20.385168392722","6.9804853596943","0.51561522655684","51.4","24.411418799784","184.11169704649","1.7","330.02","22.61","2.17","","1.83","6.12","0.86","1081253284.86","Bug'doy"
"NTXM-172","0-20 sm","Gill","31.723019584171","27.741584884379","6.0388105542018","0.36474713046486","46.4","28.269472638087","181.00110546578","1.16","382.32","15.87","1.54","8.45","2.75","6.17","1.19","506227371.84","Bug'doy"
"Karta-132","0-20 sm","Gill","36.417154010253","19.26213969954","6.4143311700056","0.49521737575067","29.54","22.648094251786","192.63476498838","0.89","317.84","17.63","1.34","6.49","3.78","6.2305268817204","","209002487.56","Bug'doy"
"NTTM-134","0-20 sm","Gill","39.166005237417","19.672872029037","6.7757042859896","0.42231875492401","45.53","22.060881210964","197.23248104814","1.11","358.41","26.92","1.79","6.96","2.72","6.29","0.83","","Bug'doy"
"NMNX-5827","0-20 sm","Gill","20.350992860897","15.279350452707","7.3207550278302","0.24951318133478","68.17","15.769678169572","228.13392425913","3.52","403.07","29.01","1.76","9.48","0.93","6.34","0.79","960987004.47","Bug'doy"
"NMNX-5948","0-20 sm","Gill","22.838644848317","29.746420377143","6.8388917802848","0.24858318977676","51.95","15.730967173508","243.14733996487","0.76","387.87","18.52","1.23","6.51","0.82","6.40","1.3","","Bug'doy"
"NTXM-173","0-20 sm","Gill","22.250912173078","23.557286762875","6.3719535111656","0.22347381058912","52.2","16.275007786704","174.91212419646","1.99","361.55","15.66","1.11","6.65","0.92","6.4579462365591","0.95","114654311.26","Bug'doy"
"TSPD-2022","0-20 sm","Gill","22.940681280598","22.045570397599","7.2864272466941","0.53282200178498","34.49","16.847000167912","268.95495796674","1.24","302.41","19.63","1.99","9.39","2.25","6.51","0.79","2617713003.33","Bug'doy"
"Karta-133","0-20 sm","Gill","29.209077912273","19.425078234068","6.0449632766873","0.34073125838653","20.12","19.133047252233","173.04440813706","1.04","300.64","15.1","1.13","","4.53","10.28","1.16","2475365942.95","Bug'doy"
"NTTM-135","0-20 sm","Gill","28.360720564077","25.856504488624","6.4507414763174","0.38159814180471","38.25","19.988835617587","188.51849738996","1.22","","14.82","1.92","9.77","3.14","11.95","1.21","512130134.77","Bug'doy"
"NMNX-6190","0-20 sm","Gill","21.164830639877","16.256634080646","7.3492760870782","0.59586712458205","22.04","25.897889177874","208.80792911834","1.39","326.83","17.38","0.71","6.85","1.09","8.29","0.55","1520560759.87","Bug'doy"
"NTXM-174","0-20 sm","Gill","34.493143408218","28.639509078988","7.1190926139643","0.44634672136311","60.74","29.197726619602","253.91198871109","1.83","419.44","27.59","2.27","8.85","1.25","8.01","0.68","137683915.63","Bug'doy"
"NTXM-175","0-20 sm","Gill","31.883518085568","18.821732762902","6.3418908244105","0.26445646631734","29.52","17.131581976316","225.6414811341","0.83","278.94","22.81","2.23","","3.29","8.24","1.24","107931408.57","Bug'doy"
"NTTM-137","0-20 sm","Gill","24.492004128278","23.462465148851","6.7036798235615","0.36764575991421","34.63","17.919381144801","235.94021410782","1.63","331.13","21.41","1.1","","2.61","7.63","1","","Bug'doy"
"NTXM-165","0-20 sm","Gill","23.951156423237","16.429932532691","6.7491665950268","0.58620386768287","11.93","18.022971589206","294.60485793917","1.89","283.58","25.85","1.3","9.21","4.61","10.69","0.75","737605255.27","Bug'doy"
"NMNX-157","0-20 sm","Gill","39.75857183673","22.196740116657","6.399058210839","0.42609565298082","47.81","16.721850769568","287.10649519019","1.25","344.01","17.96","2.11","7.14","4.46","7.83","1.18","560391392.69","Bug'doy"
"NTXM-166","0-20 sm","Gill","35.46990002301","21.952269678277","6.1264266168013","0.28162015703788","59.8","22.065182209037","207.28779567094","1.36","383.55","14.06","1.23","8.26","1.95","9","0.8","571907531.38","Bug'doy"
"NMNX-158","0-20 sm","Gill","24.017065063319","15.896125256823","6.8682188663941","0.29591189320079","32.73","28.379297481068","193.45610436473","1.28","341.5","22.82","1.9","7.48","2.4","11.22","1.05","467919041.14","Bug'doy"
"NTTM-128","0-20 sm","Gill","22.183096036917","28.471615949721","6.0770857316812","0.39640793522621","55.83","24.224177944103","156.64573329","1.58","376.66","27.57","2.22","9.58","3.14","10.9","1.28","171843009.53","Bug'doy"
"NMNX-5580","0-20 sm","Gill","31.762617334132","28.951356965453","7.0511482563265","0.48337975534771","40.52","22.150264751216","238.09516371563","1.28","310.17","29.6","1.77","7.13","1.44","9.87","1.13","950047385.22","Bug'doy"
"NMNX-5701","0-20 sm","Gill","34.464003831498","20.907991152368","6.0127279777267","0.51453364259199","16.02","18.816468290521","296.29443319066","1.26","316.87","16.71","0.45","10.81","2.11","11.57","0.99","","Bug'doy"
"NMNT-160","0-20 sm","Gill","20.166372042935","15.457958009715","6.3252997304417","0.45535986165003","13.68","21.797898051966","239.99307666864","1.45","270.48","29.16","0.28","10.47","1.32","12.48","0.78","2461539671.36","Bug'doy"
"NMNX-5702","0-20 sm","Gill","36.783819446245","15.722774014621","6.227501706595","0.2052337868984","74.1","17.560229967797","293.17541036739","0.3","411.21","19.46","2.01","9.3","4.75","6.77","0.61","","Bug'doy"
"NTXM-168","0-20 sm","Gill","36.607554829427","17.979232626832","6.5166185306414","0.46079863948891","59.77","16.817300657507","228.87304255754","1.91","389.82","25.31","1.08","7.13","4.51","10.33","1.2","132425770.05","Bug'doy"
"NMNX-160","0-20 sm","Gill","20.496059525256","27.200580715043","6.5902136144162","0.49218129870019","27.32","19.746548269106","238.68453059107","2.24","335.69","26.18","0.88","","2.38","8.77","0.76","1448960412.36","Bug'doy"
"NMNT-161","0-20 sm","Gill","35.082721010244","25.271461580406","6.3024197452595","0.26065491384048","45.1","16.819085027644","215.49236723492","1.62","","16.95","","8.46","2.05","","0.74","239617356.33","Bug'doy"
"NMNX-5703","0-20 sm","Gill","29.657054289769","25.857858279596","6.4861253291526","0.57783668258572","33.75","26.818308233722","280.95263498963","1.36","320.62","21.27","2","9.9","2.87","8.23","0.94","","Bug'doy"
"NMNX-161","0-20 sm","Gill","25.862059042945","17.481249559703","6.5861728027914","0.56395720436021","39.25","25.844115015201","258.34094510648","0.1","381.93","23.95","1.57","10.38","2.43","6.87","0.97","762529088","Bug'doy"
"NTXM-170","0-20 sm","Gill","30.036829645256","17.317477612769","6.8691803228336","0.48627990641452","35.4","24.639705562698","175.8186903886","1.75","305.2","19.28","1.43","8.3","0.87","9.36","0.93","621356502.59","Bug'doy"
"NMNT-162","0-20 sm","Gill","32.012722211143","23.528483000728","7.4826384048547","0.59196614032387","53.25","26.838881947923","208.70822340692","1.44","403.87","26.02","1.46","","1.74","10.36","1.14","799545839.44","Bug'doy"
"NTXM-170","0-20 sm","Gill","37.670027293073","24.393556342517","6.137818482402","0.4331030454801","40.08","17.471075960179","299.02473642443","1.75","355.49","22.84","1.69","6.7","4.02","12.25","0.57","","Bug'doy"
"NTTM-132","0-20 sm","Gill","35.122775363655","20.680310006097","6.6541013420979","0.26154803019352","46.91","22.348014287827","259.76233607745","1.18","402.63","24.14","1.57","6.07","2.01","7.38","0.55","708653550.63","Bug'doy"
"NMNX-5584","0-20 sm","Gill","37.029538837085","16.198779094118","7.4637286846393","0.21166829435086","53.91","26.516347335398","160.8259918237","2.64","338.56","23.48","2.48","7.97","2.66","6.87","0.61","802928527.29","Bug'doy"
"NMNX-163","0-20 sm","Gill","39.869592473893","21.943311469856","7.2245049757715","0.39388771492052","46.09","26.207179825643","150.95845245306","1.53","391.65","18.22","","10.2","1.88","7.79","1.14","63648069.34","Bug'doy"
"NTXM-172","0-20 sm","Gill","20.606529751188","17.887738174641","6.9446994655906","0.43205588226749","40.21","22.97150682526","280.08335236078","0.68","351.88","21.61","0.8","6.99","4.15","8.54","0.94","100185669.61","Bug'doy"
"NMNT-164","0-20 sm","Gill","28.913725095546","20.07390177578","7.3895048412108","0.22133133700926","30.5","15.958149674368","210.18729209683","2.43","317.09","24.76","1.42","9.39","4.62","","0.42","399057556.39","Bug'doy"
"NMNX-5706","0-20 sm","Gill","26.533730014213","27.246984966961","7.3804904701585","0.4718595439038","67.91","23.342758440375","167.21764771558","1.77","355.89","25.07","1.97","7.59","3.05","10.22","1.25","1756836582.06","Bug'doy"
"NTXM-172","0-20 sm","Gill","39.634900084857","21.965362190569","6.3767634874951","0.46297154743615","50.4","24.709163491124","267.35488673591","2.19","402.89","23.59","1.97","8.2","1.56","8.42","","53534237.29","Bug'doy"
"TSPD-2021","0-20 sm","Gill","32.281068562643","18.286644787533","7.3625240021675","0.28009097137849","58.17","18.530276360036","240.64088326512","2.26","377.63","14.84","1.79","8.65","1.47","11.38","0.83","","Bug'doy"
"Karta-133","0-20 sm","Gill","29.487336975107","17.367692324445","6.6106329214987","0.29174867101361","26.34","28.741151069188","279.24096538919","1.43","358.86","11.59","0.47","8.43","4.5","11.6","","1714704178.4","Bug'doy"
"NMNX-6311","0-20 sm","Gill","36.375319574078","29.624318189548","6.8215476871248","0.24479209246284","43.88","21.54155750639","180.47234519687","1.24","377.07","16.26","1.69","9.15","3.34","11.95","1.02","2862519968.35","Bug'doy"
"NTXM-175","0-20 sm","Gill","34.712690989644","21.235629597673","6.574613780411","0.57063581125691","43.4","18.440692529494","268.00816839237","1.23","379.48","29.15","0.66","7.57","4.89","9.86","0.35","166001593.7","Bug'doy"
"TSPD-2024","0-20 sm","Gill","37.961227986446","24.864017875451","7.1164759307777","0.41261595194732","16.5","16.018759380433","195.50797498896","1.19","279.43","15.76","0.79","7.47","1.03","7.72","0.9","79546010.99","Bug'doy"
"NTTM-137","0-20 sm","Gill","31.910784434135","20.139202367214","6.5367765792527","0.24046371602261","28.45","15.573848073527","268.94516616295","1.27","308.63","18.27","0.99","7.99","2.84","11.11","","1452990546.3","Bug'doy"
"Karta-136","0-20 sm","Gill","29.722794822928","15.540892130761","7.0238132416839","0.54497757375503","20.16","16.319469122643","289.63019046851","0.87","295.37","47.57","1.74","6.78","1.76","10.48","1.28","225450778.77","Bug'doy"
"NTTM-138","0-20 sm","Gill","23.731957018252","28.951156610956","6.9560558122563","0.39719601496541","46.5","27.050710746381","272.09111566206","1.86","357.52","62.81","2.38","7.8","2.04","7.99","0.76","1945822708.39","Bug'doy"
"NMNX-1252","0-20 sm","Gill","35.85040822801","20.062431869509","6.3451687913105","0.59614570069675","20.75","24.690023075472","298.05931051932","1.97","328.14","68.96","2.04","7.44","0.81","8.09","0.32","327235203.64","Bug'doy"
"NMNX-157","0-20 sm","Gill","36.180388028068","15.776887196183","7.2607956470005","0.45699970585993","55.45","24.543531174545","288.22282436663","1.89","398.46","57.24","1.77","9.92","0.87","9.47","1.34","860633653.34","Bug'doy"
"NTXM-166","0-20 sm","Gill","30.094097177513","19.978274280755","6.5969842460548","0.31758222211238","38.97","25.067761071782","253.35443836207","1.22","363.61","66.02","1.23","8.49","3.13","9.58","0.98","55806726.66","Bug'doy"
"NMNX-158","0-20 sm","Gill","38.626630620772","16.413311051953","6.9019941222944","0.43984162963268","38.22","24.136989518185","200.23676436299","2.16","368.04","59.16","0.97","","1.18","9.86","0.42","1760549758.78","Bug'doy"
"NTTM-128","0-20 sm","Gill","31.977669579244","27.43122500379","6.9409321695112","0.59250780130201","50.87","26.366163359358","174.68684628001","2.31","335.2","44.67","2.03","7.78","1.29","","0.93","","Bug'doy"
"NMNX-159","0-20 sm","Gill","24.577094111295","20.343292069812","6.6705126093158","0.33130394729683","20.29","20.344325211635","194.5467949053","1.22","292.92","59.1","1.15","10.78","1.98","12.27","0.89","508771184.72","Bug'doy"
"NTXM-168","0-20 sm","Gill","33.068415446852","27.474181387194","7.3501680853638","0.34649334529137","49.11","17.873650712424","190.82029689014","0.93","397.51","71.89","2.22","8.41","2.54","9.62","0.64","228216594.97","Bug'doy"
"NMNT-160","0-20 sm","Gill","38.522749316533","21.465714115421","6.0108169798892","0.2235487731766","17.85","15.392539393727","220.25910175932","1.24","306.05","54.28","1.21","7.48","3.31","8.83","0.71","1323549922.4","Bug'doy"
"NTXM-168","0-20 sm","Gill","36.011694691726","25.446096960763","6.298693085973","0.25428609177574","30.76","20.109905236982","165.00834610599","0.85","353.5","67.44","0.98","8.06","1.58","7.8","0.43","101044460.71","Bug'doy"
"NMNX-160","0-20 sm","Gill","34.698563977196","18.035867496906","6.668530872002","0.53712944799509","21.85","27.707207009819","188.74813959213","1.02","325.98","59.6","1.1","6.39","3.5","8.78","0.84","1006093354.19","Bug'doy"
"NTXM-169","0-20 sm","Gill","28.060647249377","18.804822747565","6.6905334167174","0.20546604717153","48.21","21.961170408545","181.16970648297","1.01","369.68","52.51","1.63","5.75","2.5","6.79","0.77","1529532735.43","Bug'doy"
"NMNT-161","0-20 sm","Gill","25.946539419149","20.192521553027","6.9981055547728","0.25117802730462","28.31","26.274801274071","198.0490284076","0.39","332.92","63.56","1.39","7.64","2.35","9.86","0.83","378232284.38","Bug'doy"
"NTTM-130","0-20 sm","Gill","21.118348735777","27.090661121515","7.0612302565481","0.43463701477642","50.42","15.578867525206","228.94675764436","0.82","377.04","54.49","1.21","6.31","2.68","10.47","1.07","","Bug'doy"
"NMNX-5944","0-20 sm","Gill","31.246586207938","24.469127349722","7.1229765308024","0.22687882255252","48.28","20.91162709951","207.63001552454","2.28","366.3","47.17","1.4","6.33","2.97","7.65","0.65","2542984085","Bug'doy"
"NTXM-169","0-20 sm","Gill","36.908344115469","23.561370416863","6.8486045586913","0.41465784705708","23.34","17.568832090355","161.86826092264","0.82","326.25","55.71","1.2","9.86","2.31","8.5","0.56","541915918.77","Bug'doy"
"NMNX-161","0-20 sm","Gill","21.15835235447","25.159911746471","7.1922537143158","0.37078182538507","25.37","17.270769745567","165.29328983655","1.3","332.02","","","8.04","1.32","8.9","0.46","237908279.26","Bug'doy"
"NTXM-170","0-20 sm","Gill","25.439697377882","22.616028695962","6.7341856148777","0.24000082942018","74.76","28.37607742531","273.84886761616","1.24","429.34","57.9","2.55","6","3.08","9.97","0.86","2435993607.95","Bug'doy"
"NMNT-162","0-20 sm","Gill","36.283906875915","24.0214152762","6.4751560060496","0.24781199902211","53.41","25.072734138958","244.89113577572","0.66","357.04","33.85","2.47","7.02","0.54","11.02","1.02","2470665930.72","Bug'doy"
"NMNX-5824","0-20 sm","Gill","30.541599085868","17.15807615478","7.2508506740064","0.28099603334352","24.67","19.322879637656","243.40094252688","0.93","304.88","63.42","1.2","6.81","1.23","5.46","1.2","1827550407.29","Bug'doy"
"NMNX-5945","0-20 sm","Gill","28.338356017638","17.964104520451","6.7357226648043","0.44956564417777","59.71","20.05511269312","258.45271389292","1.9","410.7","50.92","1.3","9.2","4.1","7.52","1.08","1268594800.53","Bug'doy"
"NTXM-170","0-20 sm","Gill","28.34885350074","29.15091398181","7.127303875281","0.52832334438433","23.18","23.698902010183","178.13068152497","0.53","325.36","60.74","0.64","8.74","3.09","8.39","0.71","","Bug'doy"
"NTXM-171","0-20 sm","Gill","27.233974536186","21.305928457012","7.4201374061468","0.26637729450101","62.81","28.196686560256","213.42578854318","0.57","421.21","43.29","1.51","6.75","3.85","8.15","1.25","","Bug'doy"
"NTTM-132","0-20 sm","Loy","39.201978999288","24.772590836179","6.9021805995969","0.27004966517684","43.72","15.820603761826","195.88864126085","1.06","353.96","60.02","0.65","6.02","3.11","8.86","0.91","1434509044.24","Bug'doy"
"NMNX-5946","0-20 sm","Loy","34.876194339549","27.086090842031","7.4928093692496","0.48736557300912","20.48","22.85629350805","272.11719376814","1.12","335.99","47.89","0.64","7.58","2.77","5.18","1.19","1733659269.4","Bug'doy"
"NMNT-164","0-30","Gill","25.764241921174","16.107476851119","7.0534390859435","0.31002157800824","40.88","28.735177267347","241.8438305134","1.6","323.73","63.17","0.84","5.96","0.79","8.01","1.09","1338984116.46","Bug'doy"
"NTTM-133","0-30","Gill","39.468246421026","29.841456981128","6.4219920103658","0.49023428886223","57.09","20.012710756236","174.48092323443","","351.8","58.91","1.62","","1.95","8.89","1.24","214027705.77","Bug'doy"
"NMNX-5826","0-30","Gill","21.395341376292","28.988834342742","7.3752098706748","0.32759267393094","16.87","18.133105465134","274.38705758638","2.44","375.98","58.44","0.91","","1.8","12.02","1.35","2087608439.68","Bug'doy"
"NMNX-5947","0-20 sm","Yengil qum","38.600708684612","18.967043104899","7.4461302834444","0.3515456762831","22.89","19.67902395576","197.42693560289","2.28","288.28","","1.3","9.58","1.84","9.15","0.94","2350486277.02","Bug'doy"
"NMNX-164","0-30","Gill","26.323445857506","28.59568070337","6.8457596100219","0.39875747316311","38.14","23.56724305497","203.9823786398","1.05","380.53","57.22","0.73","6.66","2.14","7.77","1.11","805919542.65","Bug'doy"
"NMNX-5948","0-20 sm","Yengil qum","35.276587278752","22.672454913475","6.7508549074372","0.22128198786796","24.78","19.051039006026","177.12960706129","1.35","331.05","55.01","0.86","","1.44","9.71","0.73","","Bug'doy"
"NTXM-173","0-20 sm","Yengil qum","39.200537852112","18.010666642805","6.2242842552917","0.55976360354147","34.36","21.144034600526","225.15503623755","1.47","380.84","42.11","1.1","6.98","1.06","7.25","0.96","335443305.5","Bug'doy"
"TSPD-2022","0-20 sm","Yengil qum","30.81646568022","26.465825834003","6.4743786187035","0.51883575856041","18.13","22.517430514298","189.54376267497","1.55","335.03","60.49","0.72","8.35","0.85","9.99","1.03","692054888.65","Bug'doy"
"Karta-133","0-20 sm","Yengil qum","38.287738248867","24.34506777473","6.50971951303","0.30998151801722","29.58","15.497500345006","272.66163607201","1.57","303.32","49.46","1.9","10.05","4.71","","0.46","764812330.15","Bug'doy"
"NTXM-174","0-20 sm","Loy","25.905211364574","18.710047626964","6.7068335203988","0.44404783143424","13.95","22.694311722921","203.37437845429","","322.51","56.27","0.58","7.38","4.13","12.53","0.78","","Bug'doy"
"NMNX-6311","0-20 sm","Loy","35.356749558605","22.863461602526","7.0631183689859","0.39730030467159","45.62","25.403960211442","243.70575060797","1.36","330.14","50.4","2","8.06","3.44","8.86","0.72","2534522954.82","Bug'doy"
"NTXM-175","0-20 sm","Yengil qum","21.035606202557","20.441178241781","6.3286868942189","0.35944238546499","32.56","23.244323629124","281.90616193437","2.03","313.47","62.59","1.32","9.47","2.2","9.42","0.94","241803325.39","Bug'doy"
"TSPD-2024","0-20 sm","Loy","22.593698527675","28.139315139601","6.440916903838","0.23508746981831","45.05","20.022468765417","238.95413056273","0.62","339.51","56.85","","9.08","3.62","9.94","0.81","2602981066.8","Bug'doy"
"NTTM-137","0-20 sm","Loy","24.440230392056","27.232748940614","7.1584471223891","0.44009493448082","67.04","15.224036264426","225.35250415025","0.42","420.36","43.43","1.82","8","4.22","10.98","1.01","1685509667.2","Bug'doy"
"NMNX-6553","0-30","Gill","39.589682743485","25.403591166124","6.9507859220261","0.50341672814338","52.23","17.832988130719","191.40705431472","0.26","358.91","37.74","1.44","5.5","2.24","10.67","0.5","353466129.15","Bug'doy"
"NTXM-176","0-20 sm","Loy","30.847419350983","16.850155306367","6.2256536651958","0.54256610791122","44","18.570555011288","215.58369320482","0.42","338.05","42.41","1.01","7.98","1.64","7.91","1.04","477986449.66","Bug'doy"
"Karta-136","0-20 sm","Loy","21.928077122709","27.697457287873","6.0485125089653","0.54282831995408","45.13","25.658392634207","283.55605649187","2.09","376.39","69.08","2.01","9.61","4.41","10.08","0.77","","Bug'doy"
"NMNX-6795","0-20 sm","Loy","28.712168609898","27.807955226925","6.9677725036361","0.41118154455122","40.67","18.199221870992","296.99964799149","1.07","335.02","60.51","1.36","9.04","4.96","6.69","0.58","1686255854.44","Bug'doy"
"TSPD-2026","0-20 sm","Loy","22.171833410344","17.438534873141","6.2597779393111","0.54940811322423","54.62","21.51030682506","197.51781264056","1.12","396.52","53.6","1.83","8.9","1.61","11.51","0.81","94469336.97","Bug'doy"
"Karta-137","0-20 sm","Loy","22.163130674299","20.941680993596","7.4286885510117","0.21768030099445","29.56","18.027631587945","245.6940676976","1.4","351.54","62.81","0.83","7.65","3.48","7.95","1.13","","Bug'doy"
"NTXM-168","0-20 sm","Loy","38.996917549562","15.322674085023","6.556572413721","0.42186712957134","23.1","18.421139345489","153.7902578862","1.67","328.93","58.19","1.37","5.48","3.17","8.16","0.7","331963977.58","Bug'doy"
"NMNX-6063","0-20 sm","Loy","24.791336945033","15.230662963803","6.3818292066004","0.55612952220949","29.29","16.343715124755","235.14138834519","0.77","351.46","53.14","0.68","9.26","0.62","10.19","0.97","","Bug'doy"
"NTXM-169","0-20 sm","Loy","38.622977451023","18.027161347542","6.8730489973157","0.30914888342038","25.51","20.353325794766","219.25131805503","0.71","336.94","52.1","0.73","8.57","1.22","7.56","0.53","","Bug'doy"
"NMNT-161","0-20 sm","Loy","27.471731581999","29.906346754869","6.1924604881453","0.56690788346922","20.1","17.389806078993","159.02055708522","","289.64","49.95","1.14","6.47","4.22","9.57","0.87","477347852.34","Bug'doy"
"NTXM-169","0-20 sm","Loy","25.758082215875","29.652412655033","7.416771463782","0.42357259595805","52.62","19.782796317641","185.07486922013","1.7","386.69","37.72","1.79","7.12","3.62","11.21","1","132748946.49","Bug'doy"
"NMNT-162","0-20 sm","Loy","20.551912953337","22.962885649109","7.2267782607222","0.33825714160425","30.88","27.649685115646","299.81234419758","1.5","350.65","60.55","","7.83","0.82","10.26","0.97","","Bug'doy"
"NMNX-6065","0-20 sm","Loy","39.543261557677","25.074333020178","7.0743785576343","0.25293232566463","28.7","15.149354794986","287.5677559206","1.94","315.58","29.49","1.71","8.11","4.15","8.17","1.19","1024296887.14","Bug'doy"
"NMNX-6186","0-20 sm","Loy","38.878333895553","22.039580535496","7.128717915699","0.27581203392652","16.35","20.864609455126","260.05322610255","2.46","340.35","58.56","0.83","9.06","0.77","9.26","0.89","1406011086.56","Bug'doy"
"NTXM-170","0-20 sm","Loy","39.349741340448","28.672485325912","6.2502077460806","0.3684562144886","53.57","15.154135660214","195.87147995876","1.24","410.61","43.4","1.62","8.78","2.19","10.66","0.69","2225941762.37","Bug'doy"
"NMNX-162","0-20 sm","Loy","26.04127834125","19.619715187179","6.8466143735871","0.52327241196634","46.73","29.077608286838","286.76737247288","1.79","363.46","31.92","1.53","9.07","1.3","10.92","0.67","895755387.07","Bug'doy"
"NTXM-171","0-20 sm","Loy","33.543381982982","26.770988826981","6.1668307521928","0.43811880718713","32.92","16.141501820458","157.72568129825","1.68","332.35","64.53","1.45","","1.68","7.15","0.98","471010778.43","Bug'doy"
"NMNT-163","0-20 sm","Loy","26.778086708026","21.643573191879","6.7025836986512","0.3622558787106","46.92","19.762328937157","231.95824453536","1.91","391.17","43.05","0.73","6.56","4.83","10.2","0.95","","Bug'doy"
"NMNX-6066","0-20 sm","Loy","36.382023117016","28.438999924704","6.8553991670477","0.35482358165761","44.19","27.843451492483","162.37543763205","1.4","340.74","43.78","2.03","10.72","2.85","9.08","0.63","1926275513.68","Bug'doy"
"NMNX-6187","0-20 sm","Loy","27.26568238465","19.781494730493","7.4011788572862","0.21309533391387","31.44","21.091954537157","164.56668552307","0.54","300.85","50.85","1.34","7.89","1.65","9.47","1.24","44293466.63","Bug'doy"
"NTTM-133","0-20 sm","Loy","33.809397963426","22.407397083217","7.0948659360778","0.36566852997059","33.78","24.959849225462","253.84367550185","1.99","349.47","50.3","1.96","8.35","1.55","7.33","0.27","91011706.69","Bug'doy"
"NMNX-6067","0-20 sm","Loy","38.950912233341","23.554249072604","6.1686173665883","0.35826284737865","45.95","15.741007960794","160.71611807846","2.17","341.57","73.86","1.05","7.9","2.3","10.16","0.8","1816383545.32","Bug'doy"
"NMNX-6188","0-20 sm","Loy","23.211742824621","21.34259616176","6.5105161877603","0.34289785217157","41.24","24.395672824352","288.10044201102","0.51","391.17","31.01","1.99","8.29","1.96","7.21","0.43","641182615.42","Bug'doy"
"NMNX-164","0-20 sm","Loy","36.844520811295","26.267073211801","6.2959338492766","0.28860912810222","45.09","28.104227091476","194.42664046483","1.76","373.53","45.25","1.2","8.16","0.53","9.57","0.4","","Bug'doy"
"NTXM-173","0-20 sm","Loy","20.463497679777","17.467321099508","7.2376311909572","0.4288763838778","25.54","23.878909313377","191.17038680084","1.98","331.46","","1.29","7.09","4.33","10.22","1.06","117047558.65","Bug'doy"
"NMNT-166","0-20 sm","Loy","32.738747525761","16.154870566298","7.3863002226139","0.41190566928049","23.22","24.328610552475","205.80557288011","1.21","301.82","43.36","1","8.94","1.54","11.37","0.74","1246576614.99","Bug'doy"
"NTXM-174","0-20 sm","Loy","35.636927185741","15.669773351142","6.9908902033128","0.54620111678622","19.01","25.744888230701","218.98879847963","1.67","","38.78","1.52","9.84","1.44","8.2","1.25","370884263.18","Bug'doy"
"TSPD-2023","0-20 sm","Loy","24.267503969148","22.57619658577","6.7187844893465","0.37984495379129","41.87","28.645633148108","252.70956071414","0.1","","52.08","1.78","8.15","4.63","","1.16","2457919513.02","Bug'doy"
"Karta-134","0-20 sm","Loy","38.959243459468","29.198087114895","6.1581404626964","0.23769290593291","51.72","16.716277372211","255.8509049289","1.13","336.07","62.78","1.68","9.92","0.55","11.11","0.85","209325408.42","Bug'doy"
"NTTM-136","0-20 sm","Loy","28.061231629752","15.638058717683","6.74692581112","0.44831468359075","15.86","28.216522893168","267.95079918408","0.74","287.96","48.77","0.41","7.99","2.07","8.37","0.76","976473293.71","Bug'doy"
"NMNX-6311","0-20 sm","Loy","25.686060026588","18.752702572618","6.1210305406894","0.52944954932335","19.74","21.196372141991","263.18006057756","1.88","334.74","64.8","0.81","6.35","1.13","11.7","1.03","208002055.08","Bug'doy"
"TSPD-2024","0-20 sm","Loy","37.990670716285","18.979643773434","7.4583489528666","0.48202036763043","63.45","15.188543005555","198.98765125389","1.21","","45.56","1.85","8.58","4.53","7.93","0.79","568950061.73","Bug'doy"
"Karta-135","0-20 sm","Loy","34.825959385065","20.16192656069","6.5155373957594","0.4333141695907","32.29","21.56422776404","279.22646688144","1.87","","42.12","0.73","7.7","2.82","10.53","0.41","1895221757.77","Bug'doy"
"NTTM-137","0-20 sm","Loy","27.255076237514","25.915830465321","7.2942813652924","0.44476145559409","12.52","16.523740499548","295.33875468952","0.76","296.99","45.88","1.23","6.64","4.02","9.95","0.63","1663991512.17","Bug'doy"
"NTXM-176","0-20 sm","Loy","26.377272620041","28.73748377814","7.4263249165197","0.48509196216924","55.44","22.296252847124","215.73139522957","0.79","398.99","57.56","1.71","6.01","1.39","6.7","0.89","125294348.67","Bug'doy"
"Karta-136","0-20 sm","Loy","23.375444817724","21.606530706864","6.2120143868459","0.29742732847627","30.11","27.835839635016","216.20678205189","1.67","335.54","54.62","1.75","8.02","1.07","11.69","0.65","1212914655.91","Bug'doy"
"NTTM-138","0-20 sm","Loy","32.556758492712","15.176017960515","6.8991147673065","0.29103291609371","33.81","20.906951607092","171.77122908332","1.3","362.14","60.19","0.76","10.76","1.16","10.2","0.92","1052028810.81","Bug'doy"
"NMNX-6916","0-20 sm","Loy","35.251101192254","26.107621432671","6.812262595786","0.3879440369672","22.42","21.548675330472","288.63242968767","0.96","294.4","61.01","1.72","7.6","1.2","","1.07","","Bug'doy"
"NTXM-177","0-20 sm","Loy","31.7672598988","20.622943738429","6.0842934894114","0.41492787427476","43.46","28.033400932952","154.1841400267","","354.6","52.44","2.17","9.06","2.75","9.57","0.75","1398919559.51","Bug'doy"
"TSPD-2026","0-20 sm","Loy","23.111661065258","23.39059681437","6.418429345739","0.44610681056707","59.87","18.043927775824","249.48536597668","1.98","411.63","37.54","1.73","8.55","3.73","12.39","1.26","","Bug'doy"
"Karta-137","0-20 sm","Loy","37.821425610511","22.298532871328","6.2910143936053","0.39913938529855","19.96","26.059773196912","277.86820704177","1.62","301.08","34.05","0.97","8.55","1.32","9.56","0.34","454222432.28","Bug'doy"
"NMNX-7037","0-20 sm","Loy","23.974041306521","20.70592803399","7.0662161083485","0.54898876843933","16.83","22.546005193698","297.85310843637","0.94","286.02","52.84","1.26","9.53","0.65","11.8","0.86","","Bug'doy"
"NMNX-7158","0-20 sm","Loy","26.296566118919","25.418636420094","6.2775480849255","0.26536174566327","49.52","28.086240331901","162.36708672612","1.02","360.77","43.96","1.81","7.38","0.51","9.44","1","422320266.72","Bug'doy"
"NMNX-159","0-20 sm","Loy","20.174740872888","17.851019837272","6.1610503495465","0.53600798715179","23.22","23.157569781391","242.25943619445","0.35","366.61","","0.7","9.46","4.87","12.21","1.01","","Bug'doy"
"NMNX-160","0-20 sm","Loy","24.095661585767","20.264817195434","7.3565005584284","0.46053738394184","33.24","19.126290162398","232.44340678459","0.9","282.03","78.03","1.88","7.6","2.11","8.7","0.68","","Bug'doy"
"NTTM-130","0-20 sm","Loy","39.241377138104","19.774908613304","6.8427861126407","0.27826279141325","53.37","24.326278807392","165.46638334579","1.53","347.12","50.07","1.83","8.29","4.01","8.66","0.75","820359340.28","Bug'doy"
"NMNX-6305","0-20 sm","Loy","33.783178750102","20.632234863779","7.1974654086373","0.37077360522246","17.38","28.987930489473","159.71584723275","1.09","303.65","","0.55","8.98","1.18","","0.78","359288959.66","Bug'doy"
"NMNX-6426","0-20 sm","Loy","35.336836068033","26.521972094612","6.7376386003115","0.2083337014392","50.68","25.81998585022","257.21565241124","1.62","340.11","63.5","1.25","10.5","2.11","5.77","0.95","580778043.83","Bug'doy"
"NMNX-161","0-20 sm","Loy","34.856652134747","18.826813739187","6.6838460061335","0.29867101309104","33.53","16.194784166493","281.43550352814","1.38","363.16","33.59","1.53","8.85","2.62","10.78","1.01","270872319.39","Bug'doy"
"NMNT-162","0-20 sm","Loy","26.289339308666","15.452129408425","6.0226431003152","0.28186499873783","19.1","23.19210183931","273.08698238008","1.34","250.42","49.55","1.22","6.47","0.54","10.06","0.64","","Bug'doy"
"NTTM-131","0-20 sm","Loy","30.342330111019","28.718584124727","7.4459246935733","0.42960048706275","33.84","24.372514727788","252.83591156595","0.94","358.92","35.95","0.61","6.92","2.63","8.54","0.76","40071344.09","Bug'doy"
"NMNX-6306","0-20 sm","Loy","38.887674073432","20.686119295001","7.0760761345858","0.48518596206056","9.82","19.520984862789","183.97033272923","1.15","357.57","","0.84","7.29","3.51","6.87","0.73","336942034.24","Bug'doy"
"NTXM-170","0-20 sm","Loy","28.806323870222","19.931494344674","6.8116652092635","0.20205709055451","53.36","29.573577341451","163.80761647402","1.22","390.28","43.89","1.68","5.91","4.05","8.19","0.9","189548843.03","Bug'doy"
"NMNX-162","0-20 sm","Loy","38.629695685278","26.611907102692","6.7546039481644","0.53383106670977","43.38","27.860051006986","272.86657705936","2.07","346.51","44.3","1.65","8.61","4.21","6.62","0.82","178891180.75","Bug'doy"
"NTXM-171","0-20 sm","Loy","23.238429473018","22.345777800253","7.4970670750204","0.30862316533611","46.25","19.984626940773","162.20914006673","","379.6","67.37","1.24","6.87","1.59","13.99","1.23","","Bug'doy"
"NTTM-132","0-20 sm","Loy","36.415041882948","28.04413685793","7.175958676502","0.39619614669288","58.16","22.848819412234","285.9575837263","1.49","406.09","69.41","2.26","8.64","2.22","5.94","1.24","","Bug'doy"
"NMNX-6307","0-20 sm","Loy","32.341936519574","15.480072452977","6.8039388252213","0.20634847447901","47.27","17.307829392108","176.55126818305","1.43","377.25","50.7","1.75","6.11","1.94","9.94","1.08","1412465815.43","Bug'doy"
"NTXM-171","0-20 sm","Loy","38.414983387375","20.98698196433","7.4305444805937","0.25173428291011","65.32","26.811511654906","218.93022576106","1.25","394.64","55.96","2.69","7.17","1.14","8.5","0.69","186196435.68","Bug'doy"
"NMNX-163","0-20 sm","Loy","30.633589068563","28.448367774132","6.5785897548893","0.40353889070828","16.02","24.452455607152","224.88185187879","0.91","351.18","63.87","1.05","","1.35","9.38","0.88","","Bug'doy"
"NTXM-172","0-20 sm","Loy","31.823497142579","20.098395216019","6.9475552433473","0.34216541955062","53.58","21.208301875364","194.06038142187","1.09","349.19","46.32","1.83","8.25","2.67","","0.75","769167727.58","Bug'doy"
"NMNT-164","0-20 sm","Loy","38.643057920763","19.751082668739","7.3709344665304","0.25996808677009","42.39","19.318387761857","279.63386130317","1.15","372.92","62.39","1.4","10.61","3.34","12.01","1.19","108878088.35","Bug'doy"
"NMNX-6429","0-20 sm","Loy","33.746066531262","22.024277312424","6.2424197180504","0.5410018779504","16.19","20.38489145548","291.382667273","0.75","279.62","45.14","1.32","8.36","4.94","8.08","0.79","43774795.1","Bug'doy"
"NMNT-165","0-20 sm","Loy","32.575498601457","16.82580628567","6.1119387736052","0.30151098167019","24.45","16.976042376098","293.57438340889","0.74","366.54","56.94","0.9","9.28","0.82","7.36","0.82","58497751.16","Bug'doy"
"NMNX-6430","0-20 sm","Loy","37.384933534626","16.289951513792","6.4860603652413","0.59020041270274","32.31","25.94312021603","174.65616096655","2.19","334.91","53.37","0.71","8.5","2.44","10.29","0.55","727899992.07","Bug'doy"
"NTXM-173","0-20 sm","Loy","28.400499987755","19.482396435345","6.6779330054065","0.37273281086316","16.94","24.223018501263","174.25948935037","1.12","","66.62","0.7","9.95","2.52","","1.14","30744101.5","Bug'doy"
"NMNX-165","0-20 sm","Loy","21.156493157173","29.250450770402","7.033354529223","0.58718018185932","51.14","26.700350044742","250.6599582281","1.46","400.21","42.82","1.27","8.14","4.8","7.57","0.86","1818576416.7","Bug'doy"
"NTXM-174","0-20 sm","Loy","32.479327086032","26.011596054651","7.4495501545152","0.44494060726601","19.04","25.832402250128","232.80568960521","0.86","275.64","57.3","0.67","9.04","4.78","7.06","0.89","36574923.53","Bug'doy"
"NMNX-6310","0-20 sm","Loy","21.031946095106","16.633310001924","6.2515610467461","0.45528403334646","45.57","16.257630351792","272.37075988923","0.94","341.11","63.3","1.4","7.03","1.78","8.68","0.76","232650281.2","Bug'doy"
"NMNX-6431","0-20 sm","Loy","38.766706490973","22.848128205215","7.3607735019464","0.41778695880392","26.96","26.566694314738","219.51617068048","1.03","354.72","45.58","1.21","","2.26","10.6","0.52","465066233.39","Bug'doy"
"NTXM-174","0-20 sm","Loy","33.454993965116","22.587236328153","6.5044567402897","0.23923471854732","32.76","21.399371541635","183.08423103361","0.95","334.35","45.56","1.61","8.31","2.35","9.59","1.06","","Bug'doy"
"NMNX-166","0-20 sm","Loy","32.273025715125","18.875488195846","6.9429796037188","0.33708153918229","30.8","22.207250850577","231.62737095988","1.18","317.73","56","1.06","7.14","2.76","9.4","0.56","1142288958.32","Bug'doy"
"NMNT-167","0-20 sm","Loy","24.62683327629","16.379883621532","7.1110950849692","0.45514546473785","25.86","17.855912503306","173.79058817836","","329.15","66.38","1.22","7.98","1.24","7.38","0.84","727096951.34","Bug'doy"
"NTXM-175","0-20 sm","Loy","25.996292082723","23.804013460322","7.2253742863727","0.43598401501768","49.29","22.622740665376","236.19223495652","0.83","","63.86","1.93","7.53","0.88","5.68","1.03","","Bug'doy"
"Karta-135","0-20 sm","Loy","28.513193085478","16.252740487547","6.4321778323995","0.35251848465952","65.91","23.898395669907","201.8750331136","1.59","413.99","48.31","2.53","10.15","0.64","8.16","1.02","143838312.13","Bug'doy"
"TSPD-2025","0-20 sm","Loy","36.99399377583","26.074475008385","6.9506739781822","0.51661066812281","48.68","27.245101555783","186.71890863582","1.7","","50.5","1.58","7.39","4.03","9.59","0.89","1310709081.07","Bug'doy"
"Karta-136","0-20 sm","Loy","35.674363672701","29.882494126743","7.230400629537","0.32552317202214","30.28","18.415920563577","267.17309568736","1.16","356.24","69.99","0.68","8.84","1.98","9.76","1.22","49358250.24","Bug'doy"
"NTTM-138","0-20 sm","Loy","25.179780267666","18.867276137721","7.225025454823","0.40157805269282","29.91","19.414652296524","159.33756174252","1.24","320.36","58.78","1.14","7.85","0.57","12.47","0.6","1178136836.19","Bug'doy"
"NMNX-6795","0-20 sm","Loy","33.321178882051","28.21654072441","6.5855052906335","0.28049637842971","60.13","21.56700597446","269.55677869348","","402.98","63.1","1.27","8","4.79","8.39","0.89","209748010.64","Bug'doy"
"NTTM-139","0-20 sm","Loy","32.892425201532","22.365267953886","7.2084584079787","0.39911252819942","40.6","22.91836751542","236.50882624284","0.86","383.4","36.93","0.45","8.56","2.37","9.71","0.62","594429448.63","Bug'doy"
"NTXM-178","0-20 sm","Loy","24.252306351606","21.570045532736","7.4743139884196","0.30665786153215","54.63","22.108807600815","232.10829158567","0.76","366.57","46.62","1.96","7.28","3.28","7.48","1.17","100234869.5","Bug'doy"
"TSPD-2027","0-20 sm","Loy","32.167077055656","24.348449730392","6.0671191103335","0.46116983568686","41.37","18.142700502442","190.23890406357","0.74","382.32","65.64","","7.77","4.79","8","1.11","","Bug'doy"
"Karta-138","0-20 sm","Loy","31.050955229384","29.24550313714","6.3340309380354","0.29823718416221","36.05","27.35383369588","249.77142370132","1.75","338.67","50.54","1.39","8.73","1.23","","0.92","922075671.43","Bug'doy"
"NTTM-140","0-20 sm","Loy","33.504074770175","27.260542000798","7.3333863246699","0.46372555050911","52.25","23.16346638798","264.38284523769","0.4","357.37","49.61","2.03","10.01","3.26","7.55","1.1","1244411146.72","Bug'doy"
"NMNX-7279","0-20 sm","Loy","22.120903455428","22.06903948887","6.6103147344549","0.42879514127658","46.78","27.94280491518","193.58023738535","0.73","319.03","46.13","1.04","6.75","4.73","10.48","0.93","1200701102.99","Bug'doy"
"NMNX-7400","0-20 sm","Loy","20.567522817058","16.370877457808","6.5197263087366","0.46029589894332","47.62","24.20609168457","208.36776839555","1.41","385.88","55.46","0.86","9.17","4.91","","1.28","762707786.14","Bug'doy"
"Karta-139","0-20 sm","Loy","28.598841316602","24.039250329595","6.2552391375373","0.25323001404878","37.09","15.8176966065","236.04586170048","0.34","368.56","51.48","1.42","6.22","1.51","10.14","0.9","1936020003.47","Bug'doy"
"NMNX-1255","0-20 sm","Loy","31.008492102111","25.413337620214","6.4163822225148","0.3955133927309","17.7","24.364425243616","276.45799794602","","311.75","66.33","1","9.49","4.52","6.15","0.82","","Bug'doy"
"NMNX-160","0-20 sm","Loy","26.929891545929","15.910367413363","6.0434410269605","0.42566336984564","56.44","18.856915172956","195.3494670731","2.17","393.06","46.35","1.33","7.95","2.14","10.35","1.03","179564036.49","Bug'doy"
"NTXM-169","0-20 sm","Loy","26.855160306613","20.237534330373","6.8901911204175","0.24553692425599","49.66","17.772637853291","203.87937629098","0.75","367.42","37.59","1.72","9.76","3.4","7.16","1.17","1592392233.6","Bug'doy"
"NMNX-161","0-20 sm","Loy","32.076994020015","22.833105876794","6.6173253326666","0.34372747052533","37.62","20.318536770425","285.50225674384","1.23","360.57","54.74","0.43","9.3","1.61","12.68","0.65","","Bug'doy"
"NTXM-170","0-20 sm","Loy","22.067305971799","25.691684325216","6.2019072162957","0.33494575057022","23.57","23.241584429526","247.5500648827","1.95","312.24","70.36","0.65","8.99","1.3","13.21","0.66","","Bug'doy"
"NMNT-162","0-20 sm","Loy","32.769424595595","15.063041156864","6.5125424240024","0.26893245812805","30.9","22.544295451879","167.64169958459","1","346.49","55.71","0.67","7.64","3.25","","1.23","672955420.15","Bug'doy"
"NMNX-6668","0-20 sm","Loy","39.99973026947","19.996921334118","7.0245022947355","0.37237888701337","61.86","19.499041992087","287.40304624526","1.68","389.88","55.58","2.63","","4.69","7.59","1","","Bug'doy"
"NTXM-170","0-20 sm","Loy","27.798072033991","25.34624289012","6.3782821434264","0.45314933928979","34.15","25.176186277506","198.58281952375","1.64","353.06","50.44","1.35","7.29","4.24","12.49","0.76","187214514.76","Bug'doy"
"NTXM-171","0-20 sm","Loy","28.916821774729","15.26876631065","7.487205561834","0.24945512239151","14.72","28.427310042174","169.38650220178","1.45","271.64","57.09","0.74","10.35","1.06","7.51","1.11","59573117.41","Bug'doy"
"NTTM-132","0-20 sm","Loy","26.863479874283","19.785771586125","6.7613751554125","0.47367965899377","45.6","16.715708937074","210.65185478856","0.61","328.43","46.42","1.44","8.72","1.45","6.27","1.18","781597710.75","Bug'doy"
"NMNX-6548","0-20 sm","Loy","31.31315672262","26.031698181309","6.8293700501179","0.49154457745988","33.6","22.350157070946","244.25279597897","1.59","335.33","54.65","1.42","6.73","2.6","6.9","0.97","1400031856.37","Bug'doy"
"NMNX-6669","0-20 sm","Loy","27.41090871111","29.347341422356","6.8206299706816","0.27747673300534","28.22","21.603645175845","210.35627784308","1.13","280.47","50.99","1.2","7.97","0.81","8.73","1.17","380274873.7","Bug'doy"
"NTXM-171","0-20 sm","Loy","25.158628260225","22.015454517367","6.8753158725236","0.23601308379436","19.05","19.428276822991","165.90140337567","0.57","310.07","65.92","0.85","8.05","2.95","11.74","0.54","662074681.27","Bug'doy"
"NMNT-164","0-20 sm","Loy","34.439146023808","21.94539602458","6.2246483528512","0.34235207196724","26.14","20.124096738607","200.78850272252","1.34","","30.26","0.93","7.24","3.26","6.67","0.9","423519960.82","Bug'doy"
"NTTM-133","0-20 sm","Loy","27.146927475756","21.059873839712","6.3740408441387","0.53825128062202","40.51","15.589871669744","243.22041901233","1.85","370.57","60.25","1.83","7.7","0.79","11.74","0.68","565718659.82","Bug'doy"
"NMNX-6549","0-20 sm","Loy","29.695608135333","29.208667409226","6.8354893613046","0.31304651866162","56.35","27.195103431088","196.07872296995","2.06","381.01","54.93","1.15","7.88","3.54","8.4","0.82","","Bug'doy"
"NMNX-6670","0-20 sm","Loy","37.803236123716","18.117903025965","6.2900270923539","0.37456517493163","32.1","22.283372781188","173.37856728563","0.67","318.08","","1.32","7.26","4.85","13.81","0.4","800387940.14","Bug'doy"
"NTXM-172","0-20 sm","Loy","21.313482278099","23.023227863249","7.1829191135453","0.58689962044487","60.71","27.720805560661","151.56202918836","1.63","387.56","61.59","2","8.16","2.08","12.04","0.84","1727175249.9","Bug'doy"
"NMNX-164","0-20 sm","Loy","39.833985946216","27.363887691866","6.7738502860446","0.555542240538","75.78","28.674026373056","190.7146702204","1.55","419.63","41.3","1.95","9.33","0.79","8.61","0.96","501546399.24","Bug'doy"
"NMNT-165","0-20 sm","Loy","20.986348841345","24.009037378685","6.9137429691833","0.5189471640412","28.55","16.967160247927","254.23591858968","1.1","337.69","61.24","0.59","7.77","2.66","12.16","1.02","355906984.48","Bug'doy"
"NMNX-6550","0-20 sm","Loy","39.727712439343","26.688379064889","6.3230063175945","0.24869409397319","20.39","20.568592689094","175.32065628227","0.96","355.06","45.6","0.65","12.47","4.18","12.32","0.73","200016699.74","Bug'doy"
"NTXM-173","0-20 sm","Loy","39.395763501367","29.32952865412","6.9674175790597","0.54433244139717","38.13","26.376598493599","230.05363877372","","322.64","37.35","1.61","7.94","3.34","","1.03","1800769858.66","Bug'doy"
"NMNX-165","0-20 sm","Loy","32.95520914643","16.773614320616","6.8706456729092","0.26260330641039","16.8","23.068062564733","298.69524403428","1.03","290.12","41.4","0.59","8.82","0.91","9.6","0.53","905371148.8","Bug'doy"
"NTXM-174","0-20 sm","Loy","30.789580369794","26.972023346927","6.3385851333825","0.22478869820236","51.61","15.794075457383","277.49536761047","1.78","390.68","48.03","1.43","10.14","4.54","7.1","0.5","146725376.41","Bug'doy"
"NMNT-166","0-20 sm","Loy","34.44399192469","21.018807341249","7.3706197283526","0.35593115868487","16.8","28.856550801288","230.69429189041","1.95","288.19","69.55","1.04","12.1","2.72","12.99","1.31","33856332.01","Bug'doy"
"NTXM-174","0-20 sm","Loy","21.088448579389","26.245435187735","6.2881650451548","0.21942987748156","60.72","17.666093991781","297.56603089666","0.71","353.5","42.05","1.4","4.5","4.39","10.45","1.08","196361869.53","Bug'doy"
"NTXM-175","0-20 sm","Loy","27.870605047853","17.103776837492","6.273493822951","0.36081571342752","58.27","20.032467726865","161.18504106415","1.77","329.87","71.68","1.5","4.55","2.24","7.21","0.67","200869701.77","Bug'doy"
"NMNT-167","0-20 sm","Loy","30.670246770758","27.045860724761","7.2061086970393","0.58053687634833","21.69","19.133371537971","208.40603386819","0.88","354.68","55.43","0.9","3.02","4.19","7.71","1.05","1981715545.11","Bug'doy"
"NMNX-6553","0-20 sm","Loy","35.79571119199","25.173485349887","6.015608557761","0.47581818078932","42.45","18.699537963127","262.37925120207","1.16","356.49","78.08","0.7","5.39","4.64","9.71","1","74881030.74","Bug'doy"
"NMNX-6674","0-20 sm","Loy","35.208974585356","18.82140280526","6.8391106311328","0.42284920174614","30.14","24.310755273647","184.96146278578","1.37","300.58","40.46","2.04","9.67","3.79","8.98","0.88","550035258.17","Bug'doy"
"NTXM-176","0-20 sm","Loy","24.107890070631","22.477832386381","6.7468200822933","0.24515938054065","22.67","19.956986543307","256.59733587375","1.5","297.1","75.22","0.82","6.89","2.32","5.66","0.52","36018976.8","Bug'doy"
"TSPD-2025","0-20 sm","Loy","33.429718906628","16.967568434361","6.2097314488598","0.49198474171102","9.82","16.785726783937","224.28409537147","","323.9","53.21","0.56","3.62","2.81","","0.63","297658578.33","Bug'doy"
"NTTM-138","0-20 sm","Loy","25.508452384876","23.110515573584","6.6511877585307","0.43275776960999","64.21","22.954934589675","294.473561069","","418.34","","2.17","5.57","0.95","13.92","0.67","1655906447.58","Bug'doy"
"NMNX-6795","0-20 sm","Loy","36.696770690139","16.599654276266","7.4889119210138","0.54558695822235","40.02","23.191670070136","244.48566442219","0.94","354.12","36.17","1.59","4.48","3.97","8.95","0.65","349224004.9","Bug'doy"
"NMNX-6916","0-20 sm","Loy","32.292847830766","29.219329017863","6.2651845985733","0.53716032065341","38.91","22.215049828802","188.37169836742","0.93","344.62","43.35","1.07","14.41","4.02","10.01","1.35","769820552.54","Bug'doy"
"NTTM-139","0-20 sm","Loy","24.604420605771","21.460856046222","7.0239837955618","0.46000886226646","14.98","29.288764671391","190.42812240085","2.27","286.28","60.87","0.35","9.5","1.84","10.82","0.84","1718394133.09","Bug'doy"
"NMNX-7158","0-20 sm","Loy","32.532130839481","29.973766134218","6.9471822756833","0.28748481845869","36.82","17.952461409989","214.78100089479","0.97","335.51","32.06","1.13","6.23","1.44","6.8","0.44","1207038437.74","Bug'doy"
"NTXM-178","0-20 sm","Loy","27.716484624396","23.129237280261","6.3253360208141","0.57459048022021","16.66","22.968786774046","227.24759404932","1.33","293.09","50.46","1.37","7.9","0.54","6.13","1.25","95143057.53","Bug'doy"
"NMNX-7400","0-20 sm","Loy","34.161489660888","17.28976388114","6.0843062068011","0.22942545012141","62.1","21.047729067076","198.71533886473","2.07","419.7","43.47","1.68","12.74","1.62","10.91","1.11","","Bug'doy"
"NTTM-141","0-20 sm","Loy","38.029750755379","23.496115718807","7.2769858250427","0.56631422765331","65.47","19.423774233173","246.35995390179","1.14","429.85","62.04","2.27","10.39","3.08","8.08","0.37","1309454562.64","Bug'doy"
"NMNX-7521","0-20 sm","Loy","37.302544855256","25.066476285193","6.3310886441387","0.49325232884533","56.88","26.449218698053","241.84350796168","1.3","382.87","44.06","1.17","7.01","4.28","8.85","0.71","","Bug'doy"
"TSPD-2029","0-20 sm","Loy","33.411475075884","26.980242165697","7.233667257112","0.36557888097282","40.23","20.432551310676","166.63994162236","0.6","364.38","56.8","2.03","5.82","4.2","9.2","1.05","416764520.4","Bug'doy"
"NTTM-142","0-20 sm","Loy","23.541648157128","28.414565468483","6.2785248182764","0.38968254206314","54.61","28.550455060993","277.64288544623","1.67","344.19","59.43","1.57","7.21","0.95","9.99","0.6","1224840897.34","Bug'doy"
"NMNX-161","0-20 sm","Loy","34.576734237232","23.618819772331","6.0133981060384","0.33048494620364","34.97","29.481735426246","225.24265135501","1.15","321.82","61.26","1.51","4","1.15","9.69","0.94","1874344702.18","Bug'doy"
"NMNX-162","0-20 sm","Loy","27.397359978449","24.933004246281","6.5952536545485","0.5608604405185","68.67","25.475112488724","275.141640762","0.84","393.53","","2.58","4.73","3.27","7","1.06","1674052745.91","Bug'doy"
"NTXM-172","0-20 sm","Loy","28.585035025659","27.949863123368","6.2981629826329","0.44383849074917","55.69","28.145796417379","280.71634867577","1.78","386.48","50.37","2.27","4.5","1.82","12.29","0.76","1527880328.25","Bug'doy"
"NMNT-164","0-20 sm","Loy","33.344304726669","23.906035938625","7.3190994685707","0.52719997956016","33.59","25.42367863709","260.3635977559","1.01","327.41","40.73","2.27","11.78","1.55","8.72","0.84","818080931.72","Bug'doy"
"NMNX-6790","0-20 sm","Loy","25.709439976331","29.690999624781","6.4741229624309","0.4820608109636","27.81","21.220299008073","261.41798905126","1.09","310.78","41.82","1.41","11.92","3.1","10.01","0.67","407880360.94","Bug'doy"
"NMNX-6911","0-20 sm","Loy","33.751813591189","22.811989781995","7.3096915264275","0.51461118991279","34.47","24.98091070019","235.32517763222","0.92","388.01","34.26","0.71","6.56","2.94","8.05","0.7","996935397.54","Bug'doy"
"NTXM-173","0-20 sm","Loy","23.603846321283","19.687163246518","6.2161249827519","0.47194556983065","68.7","29.052010831058","190.99795166575","1.31","404.11","51.49","2.78","11.93","4.41","6.45","0.6","1711642508.77","Bug'doy"
"NMNT-165","0-20 sm","Loy","30.284528000533","26.273279771661","6.2505975557898","0.37021649143015","45.13","29.575176624858","252.12638818003","0.73","380.86","71.64","2.42","9.27","1.19","8.72","1.14","223875868.95","Bug'doy"
"NMNX-6791","0-20 sm","Loy","30.669893601743","23.58284579012","7.0924635030755","0.4948397924281","18.38","25.862737356755","224.62686231043","0.97","307","57.27","1.39","3.65","3.36","11.8","0.81","520962271.45","Bug'doy"
"NMNX-165","0-20 sm","Loy","22.894455253099","24.645085813371","7.4542860283404","0.49798300717533","37.58","23.441206158294","287.71228243739","0.7","335.41","62.38","0.63","12.81","1.06","11.71","0.95","996782804.05","Bug'doy"
"NTXM-174","0-20 sm","Loy","36.026812082142","25.416333597172","6.28544716589","0.51310091724583","64.25","19.520773677379","263.26441307923","1.48","369.47","","1.75","13.72","3.16","10.45","0.82","734134390.96","Bug'doy"
"NMNX-6792","0-20 sm","Loy","38.68900819182","17.22837246694","6.3988986344855","0.31975713752239","25.73","20.025362492756","295.47371271627","1.9","323.87","65.61","0.96","11.15","4.73","11.24","0.56","","Bug'doy"
"NTXM-174","0-20 sm","Loy","27.078564256673","24.301100284574","7.3926244095378","0.28969224771098","51.7","27.08460483931","296.54109671565","2.22","332.38","40.46","1.8","4.46","3.15","8.33","1.01","819118404.57","Bug'doy"
"NMNT-167","0-20 sm","Loy","32.268912443834","26.285256825504","6.4577484373724","0.39625662847557","49.03","23.290064628801","299.03670054849","1.13","364.09","74.12","1.82","4.94","1.69","8.06","1.3","63053377.78","Bug'doy"
"NTTM-136","0-20 sm","Loy","23.825947447733","24.141108255261","7.4543366657977","0.27179526835728","59.93","22.453383988169","177.75533500218","1.1","372.16","54.19","2.08","14.37","4.17","10.11","1.05","1616553497.48","Bug'doy"
"NMNX-6793","0-20 sm","Loy","21.817821037646","19.389324979073","7.2039149977105","0.47606091611111","31.83","26.152062160309","218.34563577667","2.1","332.89","49.83","1.89","11.29","3.87","5.68","1.03","1793080825.72","Bug'doy"
"NTXM-175","0-20 sm","Loy","39.909934033554","23.670015394407","6.3571761054015","0.50970663038799","23.94","18.071142896372","298.68390048392","1.32","316.36","","0.94","12.5","1.61","11.02","1.25","715460276.39","Bug'doy"
"NMNX-167","0-20 sm","Loy","38.483473625367","22.503510745397","6.0936224612908","0.50747517051505","29.51","26.912705539126","242.23228571984","1.95","310.1","48.91","","9.78","0.6","7.99","1","590718544.85","Bug'doy"
"NMNT-168","0-20 sm","Loy","26.764450177806","18.155574588714","6.9297174211754","0.56005618705646","33.94","27.415943326781","193.83051192558","1.34","308.82","46.69","1.38","11.17","2.37","10.92","","","Bug'doy"
"NTTM-137","0-20 sm","Loy","25.024208892024","29.401854912882","7.3428444270741","0.34525192365159","45.9","24.89224156085","204.6553609832","1.24","367.28","58.99","1.8","9.46","0.9","8.82","0.79","","Bug'doy"
"NMNX-6794","0-20 sm","Loy","35.119632990415","27.438635590497","7.3891318846678","0.5515293000101","49.2","28.510068379756","200.65443094066","1.47","337.46","45.98","","7.69","4.81","7.79","0.47","1688147784.44","Bug'doy"
"NMNX-6915","0-20 sm","Loy","23.673443945262","20.677717582763","6.248584627331","0.59658753329306","23.14","26.268439144636","266.70173508122","0.95","362.54","64.46","0.92","12.13","1.11","8.77","0.85","63301169.67","Bug'doy"
"NTXM-176","0-20 sm","Loy","22.107629222152","18.820966761938","6.0718344325985","0.58070623990757","50.4","25.656529788899","290.30593456078","1.36","372.61","56.38","1.67","11.97","2.16","10.33","0.73","1459607388.85","Bug'doy"
"NTXM-177","0-20 sm","Loy","29.798574849488","23.263250964984","7.4473377740833","0.5642017313051","26.66","23.42989975604","187.28942991204","2.51","331.64","51.57","","14.48","2.14","","1.26","1369097315.5","Bug'doy"
"NMNT-169","0-20 sm","Loy","28.639339181498","16.949773993564","6.1841534135499","0.4970291459771","24.38","24.917251519534","208.19705416432","1.61","336.69","47.45","1.65","12.25","1.36","12.61","0.78","172347503.35","Bug'doy"
"NTTM-138","0-20 sm","Loy","27.058299796829","26.821455543887","6.5155382060082","0.26724889287866","24.63","24.192316720567","252.49672489028","1.58","329.05","60.9","0.93","13.53","2.38","9.54","1.23","1425841262.79","Bug'doy"
"NMNX-6795","0-20 sm","Loy","33.692528590067","16.635638936995","6.8175082555117","0.41345552239172","37.21","23.243415853396","291.35917342498","1.59","321.29","53.65","1.16","10.21","3.52","9.58","0.33","709405177.35","Bug'doy"
"Karta-137","0-20 sm","Loy","32.547646793368","20.538355925297","6.5031432271593","0.40267616293483","23.1","20.091797261405","241.03376499862","2.02","317.35","55.44","1.16","13.26","0.9","9.05","0.8","1184175038.92","Bug'doy"
"NTTM-139","0-20 sm","Loy","32.707240732196","23.149927386503","7.2053944869833","0.5244506141893","35.77","17.903816469008","179.47838833784","2.01","357.92","45.67","","6.81","2.65","9.98","0.68","","Bug'doy"
"NMNX-7037","0-20 sm","Loy","29.642169966392","23.857930272941","7.0779585665219","0.2419088854285","24.63","16.364416271305","273.36077625686","1","311.81","70.48","0.41","9.92","4.42","7.08","1.2","1516063797.16","Bug'doy"
"NMNX-7158","0-20 sm","Loy","32.885239097306","26.759453381154","6.4049454385481","0.37267563619376","46.69","24.326764295674","192.41402960443","1.11","338.54","67.65","2.33","3.52","4.31","10.2","0.79","","Bug'doy"
"NTXM-178","0-20 sm","Loy","20.288480960465","27.430271501062","6.2737008191586","0.22077675169219","46.54","18.260342823644","282.60044597003","0.34","","39.78","","14.09","2.45","13.72","0.8","224344576.09","Bug'doy"
"Karta-138","0-20 sm","Loy","34.824159805826","28.92907123529","6.8253487195179","0.35799747810823","25.19","16.7001198608","241.37496977109","0.8","284.97","63.16","1.24","10.77","2.6","11.66","0.9","1271819736.41","Bug'doy"
"NTTM-140","0-20 sm","Loy","28.341834153683","23.990213078107","7.3308159448504","0.26768931281925","39.65","27.466214901277","229.52834787671","1.7","353.65","68.26","0.76","10.9","2.62","11.57","0.65","1108344276.72","Bug'doy"
"NMNX-7400","0-20 sm","Loy","30.283143780841","20.03054161809","7.3481717843069","0.34150721252899","48.16","28.787820891922","233.72816669865","1.39","340.68","29.41","1.29","13.28","2.32","8.56","0.87","170371512.23","Bug'doy"
"NTXM-179","0-20 sm","Loy","35.03300038864","18.900017819705","6.2228996749735","0.58003276444432","17.45","23.571634975646","296.34030939265","1.76","298.55","42.35","1.14","5.56","1.94","12.79","0.89","258408451.22","Bug'doy"
"TSPD-2028","0-20 sm","Loy","27.369757742837","16.434071268478","6.9708816645971","0.39352755261806","16.52","15.583165247756","267.29150277681","1.41","360.12","62.35","1","13.09","3.29","9.33","0.77","789777328.98","Bug'doy"
"Karta-139","0-20 sm","Loy","29.065875627136","21.23278409753","7.2256908976785","0.46337018633207","35.16","15.321038708086","254.06907144807","1.6","375.57","29.27","1.58","14.21","0.87","12.18","1.21","322375154.7","Bug'doy"
"NTTM-141","0-20 sm","Loy","31.038088306056","20.534299668319","7.1903061630447","0.24776511049207","25.83","28.406845187816","216.17328332291","0.56","245.69","","0.3","5.52","0.93","9.6","0.54","388670917.48","Bug'doy"
"TSPD-2029","0-20 sm","Loy","27.358121548244","22.186801795925","6.4861293163631","0.43885581877223","24.28","22.763509563546","165.71849635552","2.4","299.53","51.98","1.14","","1.06","9.18","1.2","826476976","Bug'doy"
"NMNX-7763","0-20 sm","Loy","26.751100798906","16.796066863094","6.9090863907483","0.35196861233226","27.53","26.604223403995","230.64960809997","0.78","315.43","76.55","0.43","5.56","4.63","10.95","0.87","1974735506.64","Bug'doy"
"NMNX-7884","0-20 sm","Loy","34.776271615998","29.144580066982","6.5041636514297","0.38642995477236","32.29","20.78616891487","167.59818292534","1.31","376.88","69.89","0.89","3.65","2.06","8.57","0.73","1065348316.04","Bug'doy"
"Karta-141","0-20 sm","Loy","37.150043942211","20.671468115892","7.0390260602997","0.46968628184569","64.31","16.889107648168","225.94477317069","0.64","431.75","56.22","2.04","","3.95","7.1","1.14","","Bug'doy"
"NMNX-1257","0-20 sm","Loy","22.349478733796","29.807917275813","6.6967622192324","0.42200386597691","42.48","23.163898995799","169.03130351183","0.55","365.91","61.63","0.74","11.62","1.98","7.77","1.25","529418796.87","Bug'doy"
"NMNX-162","0-20 sm","Loy","38.403521851766","23.697335102288","6.9191035594634","0.32730157322058","9.41","17.907693271344","189.050853693","0.98","296.7","31.88","0.62","4.86","3.35","7.17","0.95","1629965384.07","Bug'doy"
"NMNX-163","0-20 sm","Loy","31.222828961203","25.62658088445","6.4846133958296","0.59593363966601","42.92","26.349852703815","182.17817307796","1.01","329.11","32.42","2.41","14.31","4.75","8.87","0.59","1037295471.73","Bug'doy"
"NMNT-164","0-20 sm","Loy","39.93975280754","21.778834541657","7.4333255508527","0.37522514845192","12.11","29.331703911302","297.06521391826","0.58","322.19","61.96","0.49","4.45","4.52","10.73","0.64","204858059.87","Bug'doy"
"NMNX-7152","0-20 sm","Loy","23.795746238516","15.403203430044","7.2508324493905","0.52878443266234","30.18","19.696357289341","167.77102185243","1.18","367.6","44.49","1.71","3.97","1.96","11.02","0.37","135012598.86","Bug'doy"
"NTXM-172","0-20 sm","Loy","25.710075854237","15.432967980851","6.3539868912181","0.3071877664178","36.66","22.645877123616","199.36641910561","2.4","334.2","35.94","1.04","14.41","2.41","8.24","0.98","1357860694","Bug'doy"
"NTXM-173","0-20 sm","Loy","31.802102492516","28.599123773712","7.3885919213096","0.33038105689366","33","29.517879964269","297.01405758996","2.06","314.42","51.16","2.07","12.68","2.35","10.84","0.48","1105876908.88","Bug'doy"
"NTXM-173","0-20 sm","Loy","29.759302190655","15.363639037124","7.0336798709022","0.4087732349647","41.25","24.394515086396","209.3158785929","1.17","333.32","37.75","0.71","11.31","4.08","12.1","","","Bug'doy"
"NMNX-165","0-20 sm","Loy","38.308891273423","16.993825535743","7.009916669628","0.53754605877874","61.77","20.190580470058","277.75086023013","0.38","364.13","45.33","2.55","14.63","2.64","8.71","1.14","1865572111.54","Bug'doy"
"NTXM-174","0-20 sm","Loy","22.96399290132","21.214751256243","6.2318541452961","0.50158204632137","25.24","21.500485382728","153.32630954511","1.21","321.59","58.46","0.96","11.78","4.56","10.13","0.45","1724483259.44","Bug'doy"
"NMNX-7033","0-20 sm","Loy","39.926689502744","24.576118038555","6.7697155229828","0.34222454283399","34.05","27.127834403679","174.46039948412","1.39","360.13","66.39","1.17","7.57","0.58","12.33","1.22","169807865.35","Bug'doy"
"NMNX-7154","0-20 sm","Loy","38.015119586437","26.958795543484","6.2836145640603","0.40318565282284","21.74","23.837935218853","150.18783593874","1.12","323.18","62.88","1.32","14.07","0.93","11.13","1","572886516.89","Bug'doy"
"NMNX-166","0-20 sm","Loy","36.407267264371","15.888955712048","6.414546209784","0.38843289540088","43.06","24.278784754678","247.69089546935","0.74","365.1","44.12","2.03","12.9","3.12","9.79","0.65","","Bug'doy"
"NMNT-167","0-20 sm","Loy","33.724807841288","22.887654216837","7.3192384369309","0.28177136368779","26.72","25.415394534822","194.1254495301","0.9","316.33","61.33","0.37","13.25","0.71","10.18","0.62","100709543.98","Bug'doy"
"NMNX-7155","0-20 sm","Loy","26.673128270094","29.026964343908","6.1444264138422","0.43648344951841","31.03","19.339917070286","211.80865625803","0.92","289.07","32.9","0.68","10.85","1.72","11.63","0.59","","Bug'doy"
"NTXM-175","0-20 sm","Loy","26.771476816884","24.184449489642","6.8257697364125","0.20417867273164","27.48","27.956555471983","193.1764115415","1.29","334.07","66.93","0.73","9.75","1.88","10.03","0.43","105297239.34","Bug'doy"
"NMNX-167","0-20 sm","Loy","27.784199472967","28.377931352959","6.5138703333672","0.34689900004046","34.73","17.103325671036","267.85444973584","1.24","296.93","51.96","1.92","12.26","2.34","7.73","1.08","857317153.26","Bug'doy"
"NTXM-176","0-20 sm","Loy","26.546019203304","24.769466234223","7.0121194911686","0.3446410524656","23.88","16.830933683614","150.88842447479","1.18","356.31","60.98","0.91","3.33","1.43","12.8","0.99","503687826.47","Bug'doy"
"NTXM-177","0-20 sm","Loy","24.871926533118","19.904367419409","7.0901104451223","0.40381948282148","20.48","17.085917586589","279.92251282054","1.43","298.5","56.38","0.98","14.48","3.26","7.45","0.23","1260258603.2","Bug'doy"
"NTTM-138","0-20 sm","Loy","21.038158691971","24.532967692359","6.6880100965528","0.43156785891879","31.23","17.235935325599","189.79639335828","0.65","371.08","62.85","1.51","12.1","1.16","10.01","0.74","","Bug'doy"
"NMNX-7157","0-20 sm","Loy","21.545020265055","29.640086359952","7.1946529794184","0.3685874334962","20.04","23.90669576707","293.22960626994","0.5","318.65","44.24","","11.55","2.85","11.35","0.98","1840729907.6","Bug'doy"
"NMNX-169","0-20 sm","Loy","26.270981692868","21.804122373636","7.2736823567438","0.21078797528154","34.06","20.552242755222","260.37533574182","1.05","","37.89","","5.58","4.37","7.82","0.69","","Bug'doy"
"NTXM-178","0-20 sm","Loy","20.265964217299","19.567457008777","6.9765743212529","0.30713754512402","20.79","28.014399861237","208.16109990322","2.03","328.54","46.19","0.46","4.68","1.33","7.16","0.83","750391269.54","Bug'doy"
"NMNX-7158","0-20 sm","Loy","26.938694747993","26.841473565891","6.8693888599435","0.32080479118265","40.9","23.825051024803","154.934208723","","383.65","67.38","0.94","8","0.89","9.8","0.92","","Bug'doy"
"NTXM-178","0-20 sm","Loy","36.575336765347","16.368969689773","6.8759172970612","0.46229643152129","26.96","28.804846844511","151.03304866849","1.26","308.14","","1.4","5.28","3.84","9.98","1.27","465944849.41","Bug'doy"
"Karta-138","0-20 sm","Loy","23.756545496375","16.856956736945","6.9510824164748","0.39224310609758","55.51","27.039035269317","181.09574081995","0.59","355.88","37.01","2.46","6.51","4.13","8.37","0.96","469426151.08","Bug'doy"
"NTXM-179","0-20 sm","Loy","30.135813374214","15.339334421075","7.2664107873283","0.40791079962592","41.31","21.980175966398","153.62412174471","1.18","334.16","58.24","0.82","13.69","1.13","11.45","1.03","138013593.41","Bug'doy"
"NMNX-7521","0-20 sm","Loy","39.160063314841","29.339980877017","7.4448092458522","0.25662054782582","28.72","21.345892313713","207.71130634095","1.03","317.59","68.81","1.88","7.8","1.98","9.1","0.73","102725212.56","Bug'doy"
"NMNX-7642","0-20 sm","Loy","27.183722921402","15.542358692795","7.4255822335718","0.59072516189498","21.51","24.176506501561","236.26529415108","1.03","314.2","65.05","0.7","6.21","0.55","13.39","1.26","","Bug'doy"
"TSPD-2029","0-20 sm","Loy","30.169258581462","15.204347960415","6.3788452595669","0.44642238741975","31.31","17.248773723345","150.49255210224","1.49","358.25","43.43","1.21","11","2.3","11.55","0.85","1267407139.79","Bug'doy"
"Karta-140","0-20 sm","Loy","31.198243594084","23.622393103393","6.9064338426305","0.23050975566105","26.88","21.774033079916","212.47164338938","0.38","329.77","62.36","1.12","9.34","3.19","11.09","0.96","257131353.51","Bug'doy"
"NTTM-142","0-20 sm","Loy","37.950566836777","17.380640111916","7.1896754878644","0.24017536897103","22.27","24.906963293457","175.37903570064","2.34","275.22","50.02","0.94","8.51","1.83","8.27","0.62","1280285056.97","Bug'doy"
"NMNX-7763","0-20 sm","Loy","31.056494871831","18.276678750777","6.6625464223034","0.48633881547059","24.25","25.055125887543","188.71678506453","1.48","278.64","37.63","2.03","4.01","2.81","10.01","0.93","531090200.53","Bug'doy"
"NTXM-181","0-20 sm","Loy","20.161725908705","19.6198028693","6.5417380818471","0.39291146175602","13.16","19.881611575741","225.64060697006","0.62","328.61","50.59","0.5","3.15","4.39","7.28","0.77","91739897.78","Bug'doy"
"TSPD-2030","0-20 sm","Loy","35.138647492056","19.572845546681","6.6451239860164","0.49327368951499","34.29","25.885222502764","224.53908358047","0.73","339.84","59.55","1.94","10.33","1.66","10.61","0.72","1402267267.82","Bug'doy"
"Karta-141","0-20 sm","Loy","24.516029466426","15.946782196748","7.2636608506856","0.59986063515783","38.07","20.128471884305","150.84213960487","1.41","311.23","45.41","1.5","13.54","4.36","8.8","1.05","459227610.47","Bug'doy"
"NTTM-143","0-20 sm","Loy","30.634967005748","22.460143924546","7.2227749016175","0.28928765348433","69.18","28.292358462916","250.15605259768","1.71","432.88","47.42","1.54","10.98","1.42","7.57","1.05","980518222.12","Bug'doy"
"NMNX-8005","0-20 sm","Loy","21.704361696041","17.142207386536","7.0771425938663","0.51616961082459","24.35","24.955776891002","215.83926451179","2.04","298.38","48.36","1.63","","3.13","9.03","1.07","796181011.78","Bug'doy"
"TSPD-2031","0-20 sm","Loy","21.20934666339","17.55614386682","6.151954312179","0.56959640834743","35.45","18.672553529814","239.75071204132","1.18","364.26","35.94","2.07","13.74","0.72","10.12","0.7","1068567370.8","Bug'doy"
"Karta-142","0-20 sm","Loy","38.272319917177","18.597171575985","6.0278171954679","0.36237848127616","37.18","17.223562121087","235.33236236717","1.9","368.54","42.12","0.93","11.64","2.29","7.84","0.98","253606077.35","Bug'doy"
"NTTM-144","0-20 sm","Loy","27.690303834752","23.301834082626","6.1150577450945","0.31458063380422","31.61","18.056092800086","295.04365483658","2.5","354.67","58.61","1.15","7.37","1.39","7.03","0.65","287317013.99","Bug'doy"
"NMNX-1258","0-20 sm","Loy","31.495736536452","25.087441688293","6.7081848536432","0.45897210580896","49.41","28.901095108773","258.60212244179","0.52","356.69","70.84","1.09","6.25","2.16","9.44","1.12","65881034.27","Bug'doy"
"NMNX-163","0-20 sm","Loy","34.330387083772","23.657185981428","7.1061721409934","0.32604724234964","26.8","17.757635926646","155.42824713479","","350.14","48.16","1.13","6.25","2.52","10.11","0.6","39834140.77","Bug'doy"
"NTXM-172","0-20 sm","Loy","32.571910007448","29.91935784968","7.048269630292","0.22256445430488","45.82","25.10904651948","157.17801800201","","358.32","40.01","1.46","3.75","4.06","10.25","1.03","1315907645.41","Bug'doy"
"NTXM-173","0-20 sm","Loy","27.058491270838","19.598987907765","6.1538502056912","0.47862411106326","37.71","28.901447817113","189.60500258719","","375.63","53.39","1.35","3.2","3.43","10.65","0.9","1340658551.46","Bug'doy"
"NMNT-165","0-20 sm","Loy","38.892580422267","23.192236541222","6.8748079335227","0.49778486917732","53.48","28.746224485059","182.45742378315","","350.76","51.95","2.26","13.73","0.76","9.95","0.79","681551777.97","Bug'doy"
"NTTM-134","0-20 sm","Loy","26.166869464741","23.178286612314","7.0727526378543","0.28486742330456","53.81","17.336118935335","195.31621580386","","353.71","48.49","1.59","3.41","3.85","7.67","1.19","390593946.44","Bug'doy"
"NMNX-7394","0-20 sm","Loy","27.57934416721","21.47300437241","6.4807539242396","0.24302283823718","22.31","29.223562709093","237.504087119","","338.51","72.2","0.65","9.13","1.36","12.77","1.12","","Bug'doy"
"NMNX-165","0-20 sm","Loy","26.442449977553","20.237413221321","7.0033393336822","0.42805089770483","21.34","18.438221854971","252.28098868779","","334.23","65.52","0.98","6.98","3.86","8.84","0.9","1333972361.95","Bug'doy"
"NTXM-174","0-20 sm","Loy","22.553368759522","26.869436610111","7.4959972318883","0.28022721224228","65.81","22.468809903861","195.54789823194","","386.81","","1.66","13.16","2.77","4.77","1.28","236578111.23","Bug'doy"
"NMNX-7274","0-20 sm","Loy","28.967861587968","26.848684503168","6.1977684494583","0.58632427539737","19.3","24.957248386691","163.70503386306","","326.78","53.23","","8.27","2.37","8.32","0.89","","Bug'doy"
"NMNX-7395","0-20 sm","Loy","23.84611355968","16.84009247816","6.1572448482812","0.39537584658372","38.02","16.428570651078","264.68846807522","","335.64","39.4","1.58","8.41","3.84","9.31","0.79","58057230.14","Bug'doy"
"NMNX-166","0-20 sm","Loy","22.149914851528","21.545413471898","6.8437653602705","0.51819280441381","46.88","21.784329160457","247.41711398422","","330.83","63.07","1.22","3.4","4.09","9.55","1","","Bug'doy"
"NTTM-136","0-20 sm","Loy","39.71983073818","16.6214497678","6.9659684494968","0.36308885541564","45.22","23.277175682802","233.76031061247","","346.15","62.63","1.23","5.82","3.82","10.16","1.02","1457133589.92","Bug'doy"
"NTXM-175","0-20 sm","Loy","28.696130657645","15.52685972206","6.2959520468395","0.49856194314203","60.45","27.902449160245","154.32564821016","","393.87","35.88","1.14","8.98","3.31","8.14","0.42","151929609.45","Bug'doy"
"NTTM-137","0-20 sm","Loy","25.288086192021","26.278826362094","6.1173964809759","0.38032040333222","17.92","18.013564435004","275.61412758855","","317.14","59.91","0.96","12.31","2.92","","0.65","622036014.39","Bug'doy"
"NMNX-7276","0-20 sm","Loy","22.537164727361","18.390310861236","6.0462989115838","0.30882400520444","40.73","18.529212704613","227.59247829637","","320.83","54.6","2.36","6.12","3.55","6.99","0.72","129432315.74","Bug'doy"
"NTXM-176","0-20 sm","Loy","25.421454154681","26.509449926715","6.9394031876423","0.45170690924131","22.45","23.301663640408","236.11493652617","","340.37","59.58","1.44","3.05","0.79","11.4","0.66","66555980.47","Bug'doy"
"NTXM-177","0-20 sm","Loy","33.050283496454","25.37468158554","6.006604426182","0.23928608335147","57.2","19.316358353848","168.83921976597","","404.78","66.44","2","5.08","3.66","8.93","1.06","1248347814.92","Bug'doy"
"NMNX-7398","0-20 sm","Loy","34.279200748138","23.628156385482","7.1895446697788","0.5587699189899","45.26","25.760221958819","239.91819975815","","345.99","73.18","0.83","7.62","2.57","12.44","1.16","796321337.95","Bug'doy"
"NTTM-139","0-20 sm","Loy","22.351260703246","20.999544043572","7.2101730189727","0.55941053178175","23.03","19.042405571105","247.27486814178","","298.98","65.94","0.77","12.8","1.52","7.24","1.08","74179402.33","Bug'doy"
"NMNX-7399","0-20 sm","Loy","37.339506123249","17.917130857748","6.6421348074816","0.41263912335469","19.99","20.783990618936","216.68356733026","","343.11","56.87","1.23","10.39","1.06","9.46","1.06","1290149735.92","Bug'doy"
"NTXM-179","0-20 sm","Loy","34.568150316285","24.279661803062","6.166587516512","0.47851243564293","58.13","16.495572033979","227.29605982905","","331.5","48.86","2.36","8.52","2.53","11.21","1.01","1632155547.18","Bug'doy"
"NMNT-171","0-20 sm","Loy","27.957275096623","19.10344699185","6.3605095819698","0.44591171135483","37.52","20.427485166996","179.2748408751","","349.12","69.67","0.31","4.29","0.88","10.28","0.9","327514902.28","Bug'doy"
"NTTM-140","0-20 sm","Loy","20.547117688406","21.712205080913","7.426979961348","0.39974966777022","32.52","23.687260210592","295.08256677496","","362.64","55.78","0.82","4.01","1.33","8.15","0.91","36407435.25","Bug'doy"
"NMNX-7400","0-20 sm","Loy","22.159179250142","22.2781396832","7.342580523016","0.47945131879577","56.24","20.815041764946","186.9923461368","","383.1","50","2.09","10.61","","8.14","1.14","45423935.88","Bug'doy"
"NTXM-179","0-20 sm","Loy","26.632686382714","19.659886779531","6.3955465112846","0.26715092829165","41.07","26.32974672901","162.54284523912","","360.35","35.02","1.16","7.73","0.94","11.41","0.4","1222720612.77","Bug'doy"
"TSPD-2028","0-20 sm","Loy","27.918220486736","22.976666852945","7.3038740578273","0.51701164254886","56.25","19.1687063154","251.97931930303","","342.89","50.55","1.79","14.2","1.54","8.34","0.55","621044524.41","Bug'doy"
"Karta-139","0-20 sm","Loy","27.343464002368","26.365780789929","7.4628025405371","0.33990424930774","12.47","17.683812669437","235.1128551434","","272.36","60.48","0.96","10.75","2.04","7.74","0.99","666165712.92","Bug'doy"
"NTTM-141","0-20 sm","Loy","21.694958098714","15.329228769792","7.3704049245561","0.44047638912673","28.51","15.69338878718","294.18153985452","","311.04","61.03","2.05","12.31","1.2","6.45","0.82","","Bug'doy"
"NMNX-7521","0-20 sm","Loy","33.406257799441","17.88403896515","6.2941159711926","0.43432736983173","32.47","20.230602725271","288.09910651206","","302.22","56.39","","5.18","1.69","9.93","1.14","369364823.59","Bug'doy"
"NMNX-7642","0-20 sm","Loy","39.708878634246","27.165591343886","6.0322324377029","0.51451186159623","20.97","22.251242538991","234.7620276402","","359.27","60.13","0.89","5.39","2.18","8.3","0.59","45374497.69","Bug'doy"
"TSPD-2029","0-20 sm","Loy","39.471456981729","21.282198120623","6.5389076178335","0.43432522592294","24.89","16.770343807205","253.91258808243","","310.78","66.04","1.53","13.16","2.19","8.61","0.91","496138954.26","Bug'doy"
"NMNX-7763","0-20 sm","Loy","22.858496617931","24.206995937238","6.6411454078749","0.52784629829883","29.41","19.549333255945","239.02047546893","","305.48","43.71","1.01","12.76","","9.57","0.91","971748448.41","Bug'doy"
"Karta-141","0-20 sm","Loy","38.50767856616","16.20458306761","7.2335051112045","0.34431895755247","25.76","22.303345541509","287.16933054739","","308.4","61.83","1.59","10.61","1.23","7.25","1.07","","Bug'doy"
"NMNX-8005","0-20 sm","Loy","37.478965566779","21.47656520199","7.0885471703401","0.21798932459363","43.37","26.040680587015","214.79473029382","","352.8","56.37","1.8","12.94","1.75","9.94","1.15","1222317269.32","Bug'doy"
"NMNX-8126","0-20 sm","Loy","31.446222016375","19.057798672833","7.1509268953553","0.35216293775925","29.42","16.7519817383","230.6325239743","","368.27","58.68","0.45","10.31","1.44","9.2","1.03","576782361.8","Bug'doy"
"NTXM-182","0-20 sm","Loy","39.269742366111","16.440880046296","6.9399781474226","0.21369838317987","16.21","19.269017842915","213.05272973101","","368.02","55.55","1.89","4.71","2.38","8.21","0.99","501024971.74","Bug'doy"
"TSPD-2031","0-20 sm","Loy","24.05173927137","21.682995158051","6.5642228391678","0.52463052292872","12.33","20.410712869886","230.33654792295","","295.16","54.68","0.39","11.3","","10.84","1.24","467224713.39","Bug'doy"
"Karta-142","0-20 sm","Loy","35.573773199513","20.031371746308","6.7893647785561","0.32149167002017","29.38","20.503977101255","203.42426060623","","347.29","68.67","1.26","9.96","0.96","8.61","0.98","111488139.73","Bug'doy"
"NTTM-144","0-20 sm","Loy","36.197844229357","21.3140526013","7.1977453246047","0.39043640237684","33.05","21.734945079365","180.02776279352","","367.01","50.3","0.9","14.67","1.46","","0.62","599327705.41","Bug'doy"
"NTXM-183","0-20 sm","Loy","31.23215524481","24.915388675845","7.4806146370205","0.477475073334","42.23","18.931659059937","213.2252909354","","377.04","64.71","1.98","11.46","1.79","8.82","0.61","49477989.85","Bug'doy"
"NTTM-145","0-20 sm","Loy","34.566812605194","27.97584510928","7.3084063720429","0.21065841073941","43.15","23.716494474586","275.41231461731","","349.23","59.81","1.42","13.22","0.97","9.99","1.2","171500856.01","Bug'doy"
"NMNX-1259","0-20 sm","Loy","28.247841897765","15.828228866079","6.5579377030108","0.55320433688784","54.53","20.348405279131","240.50969282486","","372.2","54.36","1.94","3.74","2.35","9.39","0.35","78814448.54","Bug'doy"
"NMNX-164","0-20 sm","Loy","31.259451572508","24.356566293455","7.4874391225749","0.46096291947974","18.91","25.442839580755","256.04654107609","","260.48","58.49","0.29","14.03","2.13","9.47","0.42","1742902274.81","Bug'doy"
"NTXM-173","0-20 sm","Loy","32.005274571995","18.226587870635","7.4697306699018","0.58895757623013","25.33","24.927110538931","246.82489333467","","311.69","51.77","1.34","10.26","2","7.79","1.1","163089057.32","Bug'doy"
"NMNT-166","0-20 sm","Loy","27.162988684343","26.235398989572","6.2090899262147","0.45846680494848","34.03","16.731767951067","212.12520807686","","362.96","58.06","0.44","9.58","0.63","13.71","0.96","1384245215.45","Bug'doy"
"NTTM-135","0-20 sm","Loy","33.913220577259","23.219925470283","6.5574316236076","0.26468652127384","27.74","29.462752955367","169.79849986498","","303.05","","1.03","7.28","1.92","9.31","1.19","796112562.38","Bug'doy"
"NMNX-7515","0-20 sm","Loy","33.546220377029","16.38318408564","7.1085972056826","0.39870545899946","50","20.886071944836","251.06506364814","","365.66","50.06","1.76","14.99","3.29","7.93","1","231386087.81","Bug'doy"
"NMNT-167","0-20 sm","Loy","24.451186982729","20.268961205912","6.9589467640709","0.2206180833793","46.98","16.917518424807","179.03714647908","","348.05","50.15","1.77","8.71","1.62","11.06","1.07","175100693.59","Bug'doy"
"NMNX-7637","0-20 sm","Loy","22.222468082531","29.718879947776","7.1270769106933","0.42785832608553","22.41","17.529190800497","221.71839184603","","327.47","56.09","0.97","9.57","1.69","5.7","","786305588.03","Bug'doy"
"NTXM-175","0-20 sm","Loy","31.208143445468","25.717068726941","6.2473988220274","0.20614542821359","36.3","28.725551341536","224.39106975987","","348.21","68.95","0.65","13.72","2.41","6.66","0.88","40615738.4","Bug'doy"
"NMNX-167","0-20 sm","Loy","34.966426515258","18.832633589597","6.2167832493456","0.2397344365065","33.9","16.380294587433","287.01841353912","","328.33","","1.64","8.2","1.76","7.09","0.76","213846354.34","Bug'doy"
"NTXM-176","0-20 sm","Loy","21.587781470972","16.073597909965","6.5792178294146","0.21093209515721","59.39","27.876132979598","186.27679135231","","386.11","46.26","1.13","4.66","2.95","8.9","0.5","532404007.91","Bug'doy"
"NMNX-7517","0-20 sm","Loy","26.608816656776","23.337815876077","6.5680476665089","0.22865618619183","39.48","21.641647263994","256.1299872166","","371.26","53.1","1.53","6.27","1.95","10.11","0.99","1425798057.71","Bug'doy"
"NTXM-176","0-20 sm","Loy","36.96613572942","22.884087104113","6.9604577257413","0.26698867881241","69.55","24.969558496282","229.61293763733","","406.6","41.01","1.85","6.88","1.26","8.29","0.96","726632726.44","Bug'doy"
"NMNX-168","0-20 sm","Loy","29.205867841668","21.068121974918","7.4647601248618","0.20459413387822","40.05","28.875923148101","186.39489545357","","365.28","51.59","0.84","13.41","0.92","9.78","0.78","1674097659.03","Bug'doy"
"NTXM-177","0-20 sm","Loy","27.511175206345","28.199550626729","6.5638810502484","0.4466428641517","46.2","24.828343968797","261.30453078599","","325.2","51.11","1.8","12.31","1.38","9.66","0.85","1420639435.15","Bug'doy"
"NMNX-7518","0-20 sm","Loy","36.391451118806","22.588817872111","6.8325160624295","0.35946985509464","29.61","18.543120021765","290.0160370316","","323.98","53.8","","3.96","2.61","9.41","1.04","414656155.88","Bug'doy"
"NMNX-7639","0-20 sm","Loy","31.482786569693","18.915909913212","6.6308408321906","0.51500848945332","19.66","25.90013143341","151.78976456845","","343.76","57.2","1.41","7.89","2.08","10.38","1.18","1748213192.65","Bug'doy"
"NTXM-177","0-20 sm","Loy","30.289339917773","21.497543817365","7.2216871353985","0.39063716704964","29.89","19.817088486902","204.48115780958","","363.31","54.72","0","3.52","","10.92","0.8","","Bug'doy"
"NMNX-169","0-20 sm","Loy","25.439581367962","15.426894685289","6.5005263517357","0.31029393972943","38.89","28.038787567928","186.87812477399","","361.07","67.42","1.2","5.36","1.43","10.96","0.83","231903685.78","Bug'doy"
"NMNT-170","0-20 sm","Loy","24.580369000184","20.663101281455","7.1854028206471","0.56867064217049","70.42","24.940275440397","297.1413131617","","394.38","49.6","2.88","13.24","0.95","9.19","0.8","","Bug'doy"
"NMNX-7519","0-20 sm","Loy","29.915121224119","29.186380644059","6.9902437198375","0.27066949095311","55.46","24.678988307162","289.4181493887","","357.13","43.25","2.57","10.65","1.69","12.01","0.92","193379778.3","Bug'doy"
"NMNX-7640","0-20 sm","Loy","24.48254136454","26.957239443047","6.3424552584725","0.49079156632574","35.25","16.336505065109","179.18147107279","","344.13","68.21","1.47","13.75","1.42","10.53","0.61","62579808.76","Bug'doy"
"NMNX-170","0-20 sm","Loy","23.148473112895","25.473514338624","6.6549686632316","0.47179552680185","20.63","22.300010930921","269.60828454198","","295.74","60.68","0.17","3.4","1.02","8.05","0.51","304251188.63","Bug'doy"
"NTXM-179","0-20 sm","Loy","26.556828642217","22.40291424535","7.077997937813","0.28624350057084","21.52","19.380383031522","168.31746753969","","289.33","51.24","1.13","14.47","1.86","8.48","1.19","176822207.1","Bug'doy"
"NMNX-7641","0-20 sm","Loy","38.778069005693","20.245291314452","6.3298155749436","0.49487354799434","55.33","24.289433896823","199.93170540118","","396.71","35.02","1.57","10.77","0.98","","1.14","1300681468.6","Bug'doy"
"NTXM-179","0-20 sm","Loy","38.938146277679","25.884391945292","6.8732047358564","0.2786962390028","22.6","15.355328424382","273.85688031703","","319.96","60.64","0.54","10.71","1.45","10.6","0.64","403754113.58","Bug'doy"
"NMNX-171","0-20 sm","Loy","34.634338526662","29.419639277849","6.4674552900671","0.33831053342595","40.87","29.893726915165","165.04796728456","","355.69","70.88","1.78","7.32","2.73","11.19","0.81","1818933376.73","Bug'doy"
"NMNT-172","0-20 sm","Loy","34.138408533043","20.285693230143","6.7970163945252","0.26614594260941","59.71","21.277693342617","280.53483767593","","376.76","77.4","2.04","3.99","","7.61","1.26","1624508832.02","Bug'doy"
"NTTM-141","0-20 sm","Loy","29.345369331315","27.003829616183","6.4210609843468","0.35405756423506","28.47","24.261810628816","247.13515413655","","342.36","56.19","0.93","12.56","","9.27","0.67","371814306.33","Bug'doy"
"NMNX-7642","0-20 sm","Loy","36.232859033132","26.618036154441","7.0628259077306","0.26641839134807","17.7","15.281064234157","270.37628232704","","319.88","58.89","1.45","4.07","","9.49","0.93","541038444.62","Bug'doy"
"TSPD-2029","0-20 sm","Loy","38.312611599947","21.6713202475","6.1809087728325","0.26953644182944","43.5","26.934320664284","159.48840041961","","322.05","67.97","0.97","8.3","","9.72","0.97","37131292.27","Bug'doy"
"Karta-140","0-20 sm","Loy","20.929124201765","20.677724704736","7.2208568824594","0.26189904574043","49.7","25.311924286651","203.15479112866","","386.51","41.31","1.47","4.19","","10.47","0.71","1178283880.79","Bug'doy"
"NTTM-142","0-20 sm","Loy","25.138231844102","21.387039791698","7.2483495881073","0.41325682526191","17.68","21.67864005212","183.620760681","","322.82","46.73","0.71","14.29","","11.22","0.86","1527356412.76","Bug'doy"
"NMNX-7763","0-20 sm","Loy","24.699409613337","15.813862348334","6.1288822898749","0.26478106005012","25.98","26.012344679879","153.62764667602","","359.02","58.6","0.85","9.83","","6.32","1.15","853888078.3","Bug'doy"
"NMNX-7884","0-20 sm","Loy","25.508857590851","22.281703986589","6.8749291158339","0.49905336735035","19.9","15.760068000829","151.78185260484","","318.46","61.67","1.07","13.72","","10.71","0.83","511508694.57","Bug'doy"
"TSPD-2030","0-20 sm","Loy","24.657397684451","21.09020522468","6.6323387501095","0.59265222745906","37.87","25.243209559036","287.37469089435","","297.15","34.88","1.87","9.68","","7.52","0.22","1605423069.06","Bug'doy"
"NTXM-182","0-20 sm","Loy","33.105541341019","18.396751161914","7.2534483232918","0.35483904248958","30.97","27.717101040079","194.0586789426","","352.31","59.25","0.97","4.21","","7.22","1.26","173602479.85","Bug'doy"
"Karta-142","0-20 sm","Loy","31.735785118429","19.801169465466","7.1721796886049","0.38201244106317","38.1","28.170168544239","198.21449654287","","355.49","37.17","1.06","4.97","","9.68","0.24","1809522670.21","Bug'doy"
"NTTM-144","0-20 sm","Loy","35.975388317448","17.404953932654","6.3226208031907","0.43065076055704","18.58","16.220946976062","228.12788318453","","309.37","72.51","1.65","6.48","","11.61","0.83","","Bug'doy"
"NMNX-8247","0-20 sm","Loy","29.4409436973","16.526799896281","7.1416642188056","0.31090960403856","14.31","29.802376156883","173.87918045012","","321","60.33","","13.65","","8.25","0.9","1488465484.26","Bug'doy"
"Karta-143","0-20 sm","Loy","35.288601352583","21.580875195643","7.1253538115408","0.3298398194782","52.51","20.408965612026","236.0298469459","","349.9","66.21","2.3","13.21","","10.56","","296931319.39","Bug'doy"
"NTXM-184","0-20 sm","Loy","36.689993261366","18.691019243467","7.0874553292477","0.31647278666321","45.8","18.629592979825","245.10004115244","","384.88","","1.59","12.08","","10.8","0.92","769910389.84","Bug'doy"
"TSPD-2033","0-20 sm","Loy","22.212808349567","26.229768351954","7.4402788599409","0.41865612689869","12.68","20.365735988172","276.57832531039","","295.65","56.02","1.12","6.33","","12.29","1.18","497218252.01","Bug'doy"
"Karta-144","0-20 sm","Loy","24.166708069852","20.842749684751","6.2154214851848","0.28485124475127","25.62","18.606087696628","201.37154384021","","316.55","58.35","0.67","8.63","","8.4","0.7","1653948507.66","Bug'doy"
"NTTM-146","0-20 sm","Loy","22.465817339512","26.25003687775","6.3867378021449","0.50366005687402","58.95","17.831795305992","219.02528973223","","342.72","47.14","1.6","6.6","","7.32","1.12","1731612006.41","Bug'doy"
"NMNX-165","0-20 sm","Loy","36.722346426583","22.257515389479","6.2109746342761","0.37057505731501","13.47","21.623960132511","195.27648155185","","318.44","64.45","","12.01","","10.1","0.91","63249529.66","Bug'doy"
"NTXM-174","0-20 sm","Loy","30.280540155312","22.943863228411","6.5982019505776","0.31224502084023","29.98","24.918569533249","196.88960798084","","334.32","57.3","1.6","11.28","","7.84","0.8","1493291917.51","Bug'doy"
"NMNX-166","0-20 sm","Loy","21.765604278644","24.393242991044","7.0876535143522","0.41469532514084","34.93","15.427835308133","166.22839938783","","316.32","63.51","0.69","4.84","","8.07","1.15","118962878.12","Bug'doy"
"NTXM-176","0-20 sm","Loy","26.936834116954","29.255274747437","6.0719944328732","0.36570327189131","50.19","20.285289052583","192.81314772074","","376.74","428.32","1.48","13.17","","8.35","1.07","498272323.54","Bug'doy"
"NMNX-7758","0-20 sm","Loy","32.780433026926","17.409238114838","6.1550548046359","0.30478305022812","44.18","27.147418664332","243.6324867238","","325.81","435.49","2.19","12.3","","9.23","1.08","1777392336.36","Bug'doy"
"NTXM-176","0-20 sm","Loy","35.808032200329","19.550747400687","7.198415446018","0.46541147545021","33.45","15.722722237734","176.45371600958","","358.21","382.8","","14.55","","7.7","0.76","869559198.44","Bug'doy"
"NMNX-168","0-20 sm","Loy","24.497076374531","16.938867147086","6.8791679217823","0.24737099383688","22.64","17.663024766386","270.42075167058","","314.11","444.96","1.08","11.72","","9.23","1.03","523853649.95","Bug'doy"
"NMNX-7759","0-20 sm","Loy","22.257931355566","25.515605488706","6.2449374463029","0.52851912563318","59.67","26.317097203058","274.77405715221","","431.7","419.22","2.31","6.69","","7.59","1.06","698710997.96","Bug'doy"
"NMNX-7880","0-20 sm","Loy","34.165992544277","21.603821941605","6.7067416402925","0.26067462284639","18.28","26.243479563342","291.8745824471","","326.47","398.41","1.41","12.21","","7.76","1.24","1148569637.71","Bug'doy"
"NTTM-139","0-20 sm","Loy","25.705490428163","22.395182292471","6.1219302449923","0.44617779209594","31.86","17.373633332727","154.25761398204","1.41","326.84","398.38","1.82","4.26","","10.33","0.78","634019426.34","Bug'doy"
"NMNX-7760","0-20 sm","Loy","32.486476908121","26.059767293248","6.1036896930022","0.28123409227179","42.12","28.567261274041","260.92040979269","1.32","336.48","477.77","1.78","8.25","","8.67","0.96","179010817.6","Bug'doy"
"NTXM-178","0-20 sm","Loy","","","6.502985292000001","","39.72","42","43","","329.38","423.44","1.54","5.1","0.40","8.75","0.85","328855247.76","Makkajo'xori"
"NMNX-134","0-30","Qum","","1.27","7.038096361","1.19","20.61","58","41","0.49","315.52","434.22","0.46","13.69","0.41","12.29","0.95","602592063.77","Makkajo'xori"
"NTXM-143","0-20 sm","Qum","42.05","","7.840207144","1.5","30.5","55","44","0.87","315.96","442.19","0.91","5.16","0.46","8.74","1.33","1231543924.17","Makkajo'xori"
"NTTM-104","0-30","Qum","39.76","1.33","","0.61","14.96","35","40","0.9","287.11","415.93","1.5","","0.50","9.79","0.77","1801341413.28","Makkajo'xori"
"","20-40 sm","","38.05","","7.628472891","1.45","19.51","42","42","1.55","","388.29","1.11","8.64","0.40","9.15","0.56","194551347.08","Makkajo'xori"
"NMNX-134","0-30","Qumoq","39.64","","7.073453503","1.46","54.2","","42","1.45","402.22","416.8","","6.31","0.42","9.51","1.11","293007394.13","Makkajo'xori"
"NTXM-144","0-20 sm","","","","5.70080568","3.42","64.99","55","38","0.57","424.27","410.2","","8.68","0.46","10.84","1.04","826021811.5","Makkajo'xori"
"NMNT-136","0-30","Qum","34.36","1.33","5.718627177999999","2.62","33.7","53","40","1.23","329.7","448.05","3.25","4.85","0.39","7.74","0.94","646874438.7","Makkajo'xori"
"NMNX-135","20-40 sm","Gill","26.51","1.52","6.98435366","1.73","53.87","56","36","1.31","367.63","450.71","3.98","8.65","0.45","8.71","1.14","","Makkajo'xori"
"NTXM-144","0-30","Loy","26.45","1.27","6.94801983","2.23","42.89","50","37","1.16","315.73","433.21","2.91","14.14","0.40","10.29","0.53","1176268541.14","Makkajo'xori"
"NMNX-136","0-20 sm","Qumoq","36.89","1.26","","1.96","16.86","48","39","1.23","297.46","423.55","1.45","13.19","0.42","11.96","0.9","339112670.33","Makkajo'xori"
"NTXM-145","20-40 sm","Qum","45.59","1.34","6.2490506560000005","2.47","47.14","38","41","1.11","343.97","431.6","3.53","","0.39","9.2","0.93","892375648.06","Makkajo'xori"
"","0-30","Gill","33.01","1.48","","2.93","58.44","","39","1.91","386.49","427.27","3.25","9.41","0.41","9.02","1.26","","Makkajo'xori"
"NTXM-145","20-40 sm","Qumoq","25.6","1.35","5.953933276","2.66","21.26","38","36","1.94","351.72","451.42","1.01","6.88","0.43","7.88","1.14","114666141.88","Makkajo'xori"
"NMNX-16","0-20 sm","Qumoq","30.24","1.4","5.85393208","4.39","27.38","","40","0.84","317.62","419.17","3.24","10.93","0.13","12.27","0.67","1211754269.09","Makkajo'xori"
"NMNX-17","20-40 sm","Qumoq","30.61","1.27","","1.81","26.96","45","36","1.23","326.07","388.99","1.85","10.28","0.10","7.97","0.96","92462874.54","Makkajo'xori"
"NMNX-138","0-20 sm","Qumoq","20.78","","5.070175667","1.2","38.53","40","43","0.5","360.47","409.43","2.55","7.04","0.17","11.49","0.88","1093789586.12","Makkajo'xori"
"NTXM-147","0-20 sm","Qumoq","28.3","1.34","6.012632591","0.53","28.34","59","41","0.64","322.98","412.32","0.52","14.41","0.12","7.49","","499228432.96","Makkajo'xori"
"NMNX-139","0-20 sm","Qum","11.71","1.29","6.254028451","2.87","16.68","41","43","0.82","347.88","407.58","3.22","7.54","0.18","10.54","0.63","142207007.48","Makkajo'xori"
"NTXM-148","0-20 sm","Qumoq","24.11","1.41","7.375482851","0.89","30.19","47","37","0.33","351.32","447.29","2.33","9.36","0.11","13.91","1.08","248213923.18","Makkajo'xori"
"NTTM-109","0-20 sm","Loy","15.91","1.36","7.778915154","1.12","21.91","53","41","1.12","363.59","440.5","2.12","12.74","0.17","11.52","0.92","2040185720.25","Makkajo'xori"
"NTXM-148","0-20 sm","Qum","25.6","1.26","6.2865001760000006","1.28","31.6","59","43","","337.67","370.38","0.74","5.02","0.16","10.02","0.37","1988557031.53","Makkajo'xori"
"NTTM-110","0-20 sm","Yengil qum","21.4","1.25","7.070959995","3.31","39.33","50","41","1.03","","425.58","3.69","11.17","0.10","10.44","1.02","280135284.84","Makkajo'xori"
"NMNX-261","0-20 sm","Yengil qum","27.83","","6.244841491","3.07","33.44","49","44","2.2","370.67","436.39","3.88","7.13","0.14","11.39","0.54","72704572.33","Makkajo'xori"
"NMNX-503","0-20 sm","Qumoq","15.41","1.46","6.043304899","1.97","51.16","51","35","2.11","363.32","411.36","0.71","14.15","0.37","8.42","1.11","852118673.41","Makkajo'xori"
"NMNX-624","0-20 sm","Yengil qum","25.21","1.33","5.824709117","0.69","22.91","57","41","1.05","359.57","471.3","2.03","4.69","0.25","7.47","0.66","73904059.05","Makkajo'xori"
"Karta-111","0-20 sm","Qumoq","12.37","1.4","6.3573893660000005","0.64","50.66","35","40","1.05","387.71","420.94","3.18","3.71","0.13","12.93","1.15","126013452.6","Makkajo'xori"
"NTTM-113","0-20 sm","Qumoq","15.63","","6.364134967999999","2.03","60.07","37","39","2.32","373.75","416.28","3.97","11.03","0.44","12.64","0.76","261845601.31","Makkajo'xori"
"NMNX-866","0-20 sm","Yengil qum","17.19","","5.01450727","3.31","34.85","53","38","2.02","302.44","467.07","1.99","","0.53","8.43","0.6","","Makkajo'xori"
"NTXM-152","0-20 sm","Yengil qum","17.92","1.24","6.149410611","1.74","31.54","54","44","0.81","325.25","359.57","3.52","5.58","0.51","11.72","1","153158299.48","Makkajo'xori"
"NTXM-153","0-20 sm","Qumoq","25.84","1.36","5.950660556","2.94","62.65","","42","0.71","400.9","417.5","1.42","9.83","0.49","10.9","0.81","","Makkajo'xori"
"Karta-113","0-20 sm","Qumoq","13.58","","5.960370061","3.67","48.85","57","35","1.12","379.63","389.51","3.85","6.5","0.40","9.11","1.12","294897458.74","Makkajo'xori"
"NTXM-143","0-20 sm","Yengil qum","21.21","1.44","5.561398642","1.52","20.39","39","36","1.34","350.21","376.04","3.98","7.08","0.71","11.93","0.69","659074706.41","Makkajo'xori"
"NTXM-144","0-20 sm","Yengil qum","29.69","1.51","7.416245107000001","0.94","38.02","43","44","1.23","324.25","456.91","2.83","13.08","0.89","8.71","0.99","1159712230.78","Makkajo'xori"
"NMNX-376","0-20 sm","Yengil qum","18.84","1.25","5.583370042","1.45","35.64","44","41","2.14","331.36","428.93","2.42","6.3","0.28","8.45","1.19","49608012.11","Makkajo'xori"
"NTXM-144","0-20 sm","Yengil qum","25.22","1.31","6.430010215","3.34","27.56","42","36","0.54","309.66","","3.49","8.91","0.20","12.11","1.07","321800545.15","Makkajo'xori"
"NMNX-136","0-20 sm","Yengil qum","17.86","1.28","5.534878156","1.87","32.76","45","43","1.11","319.33","451.56","1.34","3.7","0.14","10.03","0.56","443219983.72","Makkajo'xori"
"NTXM-145","0-20 sm","Yengil qum","17.86","","6.903985986","1.8","56.79","60","36","0.51","378.45","428.77","2.75","9.87","0.10","8.02","0.23","","Makkajo'xori"
"NMNX-256","0-20 sm","Qumoq","28.85","1.26","6.271478837999999","1.12","62.14","40","40","1","375.63","446.66","0.72","4.94","0.32","6.7","1.2","531535228.3","Makkajo'xori"
"NMNX-377","0-20 sm","Yengil qum","15.96","1.29","7.224285503","1.94","42.33","52","45","0.53","353.52","439.79","2.63","3.64","0.16","","","157436585.49","Makkajo'xori"
"NMNT-138","0-20 sm","Loy","18.9","1.26","6.13428721","0.78","91","35","38","1.84","328.02","468.64","1.45","7.32","0.44","10.77","0.65","1143842341.75","Makkajo'xori"
"NMNX-138","0-20 sm","Qumoq","25.76","1.38","","1.37","76","49","42","1.9","297.91","439.65","3.01","6.197","0.10","12.34","0.92","47619282.93","Makkajo'xori"
"NMNX-379","0-20 sm","Qumoq","25.18","","7.782051312999999","1.33","74","39","38","0.85","316.78","418.76","2.88","6.298","0.10","9.66","0.81","496402321.01","Makkajo'xori"
"NMNX-139","0-20 sm","Yengil qum","21.85","1.36","7.062779015","3.53","","43","39","1.42","383.34","381.45","3.73","6.399","0.38","10.75","0.93","182779198.28","Makkajo'xori"
"NMNT-140","0-20 sm","Yengil qum","20.51","1.3","7.730367824","3.07","88","55","45","2.02","379.72","","0.96","6.5","0.47","8.47","0.96","693816204.51","Makkajo'xori"
"NTXM-149","0-20 sm","Loy","13.7","1.28","5.286203711000001","0.54","60","36","43","1.79","374.5","","1.94","6.601","0.30","8.39","1","142586740.44","Makkajo'xori"
"NMNT-141","0-20 sm","Qumoq","15.19","1.29","6.766240045","0.84","76","60","39","0.36","281.86","48.69","1.1","6.702","0.40","10.32","","1455090961.01","Makkajo'xori"
"NMNT-142","0-20 sm","Loy","23.71","","7.382762603","1.52","93","","42","0.87","345.18","44.16","2.98","6.803","0.12","9.05","0.63","564011589.27","Makkajo'xori"
"NTTM-111","20-40 sm","Qumoq","16.14","1.47","5.658169482000001","4.03","65","60","43","1.3","347.64","50.84","3.11","6.904","0.17","7.65","1.2","1362217820.35","Makkajo'xori"
"TSPD-1999","0-30","Loy","19.99","1.37","5.543360237999999","2.45","95","52","36","2.42","392.53","51.44","1.08","7.005","0.41","10.05","1.11","579791401.95","Makkajo'xori"
"Karta-110","0-30","Yengil qum","17.06","1.41","6.215109715","0.82","75","38","39","1.01","298.44","48.06","0.86","7.106","0.41","12.28","0.58","1519655754.09","Makkajo'xori"
"NMNX-503","0-30","Qumoq","15.23","1.27","7.120272972","2.29","74","54","38","2.45","393.22","67.24","1.54","7.207","0.35","8.75","","818242642.31","Makkajo'xori"
"","0-20 sm","Yengil qum","27.75","","5.950647577000001","1.54","91","36","45","1.87","350.83","52.28","3.88","7.308","0.69","10.56","0.8","1640645854.47","Makkajo'xori"
"TSPD-2000","0-20 sm","Yengil qum","15.14","1.34","7.236705436","0.76","71","46","40","2.1","357.42","48.72","3.68","7.409","0.52","13.24","0.8","413898133.37","Makkajo'xori"
"NTTM-113","0-20 sm","Yengil qum","12.93","1.24","6.501697816","1.82","99","55","35","1.54","380.58","58.64","1","7.51","0.10","7.93","1.06","728492064.95","Makkajo'xori"
"NMNX-745","0-20 sm","Yengil qum","29.54","1.43","7.592490617","2.99","72","40","38","1.31","411.27","369.92","3.35","7.611","0.12","9.72","1.19","1825068416.31","Makkajo'xori"
"NTXM-152","0-20 sm","Yengil qum","16.24","1.24","5.875345751","3.99","83","58","45","1.18","410.85","381.05","3.68","7.712","0.12","8.48","1.21","1541072300.22","Makkajo'xori"
"Karta-112","0-20 sm","Yengil qum","19.71","1.28","6.932400225","0.56","93","58","38","2.85","389.42","435.49","1.66","7.813","0.13","11.24","0.73","","Makkajo'xori"
"Karta-113","0-20 sm","Loy","22.8","","6.9462098810000015","1.11","70","36","42","1.37","421.56","493.39","3.81","7.914","0.14","9.7","0.52","859859443.4","Makkajo'xori"
"NMNX-1350","0-20 sm","Qumoq","24.58","1.39","5.739175027000001","1.43","76","47","42","1.71","391.16","382.8","2.66","8.015","0.10","8.12","0.42","269969831.07","Makkajo'xori"
"NTXM-154","0-20 sm","Loy","28.79","","6.738652179","0.65","99","41","36","1.12","419.36","444.96","1.88","8.116","0.11","8.94","","1571722437.75","Makkajo'xori"
"Karta-114","0-20 sm","Qumoq","27.32","1.34","5.5948196260000005","0.56","99","54","37","0.78","447.89","386.34","2.62","8.217","0.18","12.4","1.02","1251952566.12","Makkajo'xori"
"NTTM-116","0-20 sm","Loy","28.21","","6.946636369","2.8","86","59","35","1.21","390.21","398.41","3.5","8.318","0.12","8.57","1.09","","Makkajo'xori"
"NMNX-1230","0-20 sm","Qumoq","28.39","1.5","5.012139669","2.29","69","46","41","2.76","437.24","505.41","1.3","9.46","1.22","11.4","1.22","1537652071.27","Makkajo'xori"
"NTXM-145","0-20 sm","Qumoq","14.68","1.3","6.363472207999999","0.78","91","56","37","0.45","417.37","442.19","1.46","9.34","1.43","6.6","0.98","","Makkajo'xori"
"NMNT-137","0-20 sm","Yengil qum","12.74","1.48","6.880431223","0.75","61","52","41","0.31","424.34","410.25","2.01","","0.31","10.86","0.68","156728698.67","Makkajo'xori"
"NTXM-145","0-20 sm","Loy","22.56","1.31","7.300410836","2.25","67","45","38","0.84","403.6","448.05","2.59","","0.51","7.91","1.24","265787050.83","Makkajo'xori"
"NMNX-137","0-20 sm","Qumoq","26.34","1.36","","1.14","79","42","37","2.06","426.83","433.21","3.65","9.35","0.10","9.27","0.53","147029749.19","Makkajo'xori"
"NTTM-107","0-20 sm","Loy","22.37","","7.283736617000001","1.88","78","43","42","1.93","377.5","423.55","3.39","8.76","0.17","13.77","0.81","1706719658.62","Makkajo'xori"
"NTXM-146","0-20 sm","Loy","29.45","1.27","7.023936392","0.69","","54","36","0.84","483.79","431.6","3.37","6.46","0.32","8.36","0.62","1550050392.78","Makkajo'xori"
"NMNX-138","0-20 sm","Loy","14.75","1.24","6.939083505","3.59","97","36","45","1.56","467.17","470.9","0.78","8.59","0.11","13.13","0.89","915807155.87","Makkajo'xori"
"NTXM-147","0-20 sm","Yengil qum","25.95","","7.868474653","1.38","67","47","44","1.66","374.85","419.17","0.81","9.56","0.22","8.45","0.55","143566516.69","Makkajo'xori"
"NTTM-108","0-20 sm","Qumoq","26.96","","5.005306977","2.98","73","35","38","0.97","469.92","388.02","2.81","","0.12","11.2","0.72","","Makkajo'xori"
"NMNX-499","0-20 sm","Qumoq","17.76","1.3","6.136131869","1.75","77","36","37","1.06","404.73","407.58","2.37","9.73","0.16","10.52","0.89","860338578.49","Makkajo'xori"
"NMNT-140","0-20 sm","Yengil qum","18.79","1.31","7.5240800760000015","0.79","81","41","38","2.25","450.13","447.29","2.67","9.36","0.18","10.51","0.92","","Makkajo'xori"
"NTTM-109","0-20 sm","Yengil qum","18.55","1.35","5.706943251","0.87","68","57","43","0.96","414.07","380.14","1.06","","0.11","8.39","0.81","1752597646.04","Makkajo'xori"
"NMNX-500","0-20 sm","Qumoq","29.66","","5.758506323","4.38","72","45","35","1.29","398.24","425.58","0.86","9.43","0.25","8.79","1.13","831899012.97","Makkajo'xori"
"NMNX-621","0-20 sm","Yengil qum","12.59","1.47","6.349606327","1.7","61","53","43","1.42","435.98","406.82","1.1","6.35","0.55","9.12","0.67","","Makkajo'xori"
"NTXM-149","0-20 sm","Loy","21.22","","5.9999690260000005","0.56","67","43","39","2.04","413.34","436.39","2.8","7.94","0.13","10.18","0.66","340437818.53","Makkajo'xori"
"NMNX-501","0-20 sm","Yengil qum","15.47","1.26","5.453592032","1.77","67","58","39","1.14","365.92","471.3","1.96","8","0.10","11.02","0.83","","Makkajo'xori"
"NTTM-111","0-20 sm","Qumoq","14.39","1.32","6.372576327000001","3.65","66","60","38","0.59","433.77","369.73","2.6","7.62","0.11","10.55","0.6","","Makkajo'xori"
"NMNX-502","0-20 sm","Qumoq","29.29","1.33","5.105588355","1.97","82","43","38","0.37","419.3","440.95","0.76","8.33","0.22","9.56","0.78","","Makkajo'xori"
"NTTM-112","0-20 sm","Qumoq","29.28","1.28","5.9353444060000005","1.26","84","50","44","1.35","440.7","","2.96","","0.14","8.91","0.4","86608668.19","Makkajo'xori"
"NMNX-503","0-20 sm","Qumoq","17.41","1.3","5.17782304","1.79","81","53","42","2.96","400.43","417.58","3.01","","0.18","8.2","0.98","510437218.91","Makkajo'xori"
"NTXM-151","0-20 sm","Qumoq","16.48","1.38","6.462391607000001","0.55","91","50","40","2.15","","456.91","3.75","9.35","0.10","10.34","1.13","1622263557.29","Makkajo'xori"
"TSPD-2000","0-20 sm","Loy","20.46","1.24","7.069172227","3.24","93","53","38","1.52","448","431.65","1.07","8.4","0.10","10.78","0.95","","Makkajo'xori"
"Karta-111","0-20 sm","Qumoq","28.9","1.3","7.473134377","1.29","90","44","38","1.49","412.43","428.77","3.09","9.75","0.32","7.28","0.81","139058776.46","Makkajo'xori"
"Karta-112","0-20 sm","Qumoq","23.85","1.34","6.158376967000001","0.78","81","45","35","0.76","","446.66","3.69","","0.19","6.72","1.15","260540832.83","Makkajo'xori"
"NMNX-987","0-20 sm","Qumoq","13.76","1.24","7.549873681","0.88","78","40","38","2.14","410.38","406.68","1.75","9.11","0.79","8.77","0.98","1096575808.32","Makkajo'xori"
"NTXM-153","0-20 sm","Yengil qum","22.22","1.33","6.028321557999999","2.12","60","51","36","1.32","425.8","402.92","1.99","8.74","0.10","8.23","1.04","369010461.44","Makkajo'xori"
"Karta-113","0-20 sm","Loy","16.38","1.41","","3.01","88","46","42","1.64","393.87","396.16","1.11","8.46","0.16","9.36","0.95","723804312.16","Makkajo'xori"
"NMNX-1229","0-20 sm","Qumoq","17.9","","6.500343222000001","2.73","93","47","37","0.58","420.5","419.27","3.91","8.93","0.14","10.36","0.22","677362316.11","Makkajo'xori"
"NMNX-1350","0-20 sm","Qumoq","15.86","1.45","5.935745417000001","2.75","","55","45","0.11","445.83","488.3","3.95","8.76","0.44","7.38","0.69","484413156.84","Makkajo'xori"
"TSPD-2003","0-20 sm","Yengil qum","17.55","1.4","7.072655622","2.73","78","35","44","1.9","448.28","446.15","2.16","8.06","0.56","6.87","0.57","1700323809.12","Makkajo'xori"
"Karta-114","0-20 sm","Loy","15.93","1.3","5.333322606","0.59","65","37","40","1.06","394.58","433.55","3.15","7.62","0.38","7.79","0.99","159620239.02","Makkajo'xori"
"NTTM-116","0-20 sm","Yengil qum","22.95","1.37","5.7499144210000015","2.08","71","54","16","2.1","404.04","418.02","3.64","6.8","0.58","8.54","1.02","492423482.92","Makkajo'xori"
"NMNX-1471","0-20 sm","Qumoq","18.97","1.47","6.931756557999999","1.33","61","44","17","0.62","441.81","406.14","2.83","6.44","0.48","10.22","","962318970.64","Makkajo'xori"
"NTXM-155","0-20 sm","Loy","25.76","1.3","6.657964753","0.94","80","43","16","1.85","351.2","405.21","3.48","10.12","0.36","8.42","0.63","","Makkajo'xori"
"TSPD-2004","0-20 sm","Loy","24.25","1.34","6.596060648","2.61","73","58","21","0.57","465.37","405.75","2.6","8.3","0.31","11.38","1.12","511386213.22","Makkajo'xori"
"Karta-115","0-20 sm","Loy","14.28","1.27","5.970458434","1.58","61","38","20","0.6","419.45","391.73","2.24","","0.22","11.6","1.02","62406268.43","Makkajo'xori"
"NTTM-117","0-20 sm","Qumoq","14.49","1.47","6.158830619","1.98","68","41","16","1.17","410.82","373.52","3.04","","0.46","8.09","0.74","","Makkajo'xori"
"NTTM-107","0-20 sm","Qumoq","23.48","1.37","6.047906679","0.86","93","41","17","0.48","461.66","","1.77","8.64","0.21","9.58","","408356348.53","Makkajo'xori"
"NMNX-860","0-20 sm","Loy","26.35","1.33","5.852607099","2.07","70","44","19","1.66","429.64","435.57","1.52","","0.46","","1.15","","Makkajo'xori"
"NMNX-138","0-20 sm","Qumoq","13.98","1.31","6.4725232870000005","1.03","90","49","21","","447.58","","0.87","8.43","0.55","12.27","0.79","1710334291","Makkajo'xori"
"NTXM-147","0-20 sm","Qumoq","21.6","","6.9670577620000005","3","62","52","16","0.67","396.29","480.62","2.91","","0.23","7.8","1.07","413179689.06","Makkajo'xori"
"NMNX-740","0-20 sm","Loy","29.52","","6.082973754","0.6","92","44","16","0.52","464.36","439.22","1.08","10.27","0.35","10.47","0.8","84572546.4","Makkajo'xori"
"NTXM-148","0-20 sm","Qumoq","16.36","1.49","5.919045532","1.48","66","54","21","","431.66","391.3","3.48","10.95","0.47","8.5","1.1","1576955085.02","Makkajo'xori"
"NTTM-109","0-20 sm","Loy","18.93","1.46","6.204747652999999","4.47","63","58","22","2.1","448.66","411.91","2.26","8.96","0.45","8.9","0.52","1571020518.41","Makkajo'xori"
"NMNX-741","0-20 sm","Qumoq","15.74","1.25","6.600827017","2.18","70","47","17","1.41","","412.67","0.91","9.32","0.51","11.02","0.98","1829577791.12","Makkajo'xori"
"NTXM-148","0-20 sm","Qumoq","20.9","1.29","6.021902237000001","0.85","61","41","17","1.67","441.4","395.23","1.98","8.65","0.50","8.39","0.87","272145752.43","Makkajo'xori"
"NMNT-141","0-20 sm","Qumoq","15.87","","6.033550195","1.4","66","53","19","1.21","404.36","448.47","1.93","8.26","0.64","8.86","0.97","62794300.09","Makkajo'xori"
"NMNX-742","0-20 sm","Loy","26.92","1.36","","4.58","74","55","19","1.28","414.68","448.18","3.12","","0.58","5.18","1.24","71785121.95","Makkajo'xori"
"NMNX-863","0-20 sm","Yengil qum","18.52","1.29","6.550563822999999","1.31","77","57","21","1.19","407.46","386.53","1.5","9.19","0.52","12.02","0.49","1823996202.59","Makkajo'xori"
"NTXM-150","0-20 sm","Yengil qum","15.66","1.41","5.573286437","4.03","99","50","15","0.77","394.98","428.28","1.3","8.63","0.56","9.15","1.03","898844768.83","Makkajo'xori"
"NMNT-142","0-20 sm","Yengil qum","14.82","1.46","6.829199275","0.82","74","56","22","1.16","424.83","456.82","3.38","8.92","0.51","7.77","1.12","1480222126.83","Makkajo'xori"
"NTTM-111","0-20 sm","Qumoq","15.69","","5.716222912","1.83","83","45","21","1.06","421.44","397.6","2.84","7.86","0.53","9.71","1.21","402404894.35","Makkajo'xori"
"NMNX-743","0-20 sm","Yengil qum","17.38","","5.54990242","1.79","100","48","16","1.43","463.43","396.22","3.26","9.27","0.36","9.99","0.81","733123364.81","Makkajo'xori"
"NTXM-150","0-20 sm","Yengil qum","11.62","1.35","6.586244581","2.43","79","51","16","0.69","478.99","433.12","0.65","9.07","0.54","8.86","0.35","265872221.84","Makkajo'xori"
"NMNT-143","0-20 sm","Loy","24.02","1.44","5.893093135","0.55","94","39","18","0.98","403.43","395.51","3.48","9.18","0.37","9.42","0.77","234186333.55","Makkajo'xori"
"NTTM-112","0-20 sm","Qumoq","22.81","1.29","5.918263801","3.82","75","49","15","1.58","453.48","474.97","2.2","8.02","0.27","9.94","1.01","566621437.9","Makkajo'xori"
"NMNX-744","0-20 sm","Qumoq","17.89","1.29","5.588650585","1.38","78","48","22","1.48","471.84","362.64","3.55","8.87","0.34","10.67","0.77","211940580.12","Makkajo'xori"
"NTXM-151","0-20 sm","Yengil qum","24.42","1.28","6.576418207000001","2.7","87","54","20","1.46","425.27","400.1","1.1","7.42","0.25","7.91","","1474188019.58","Makkajo'xori"
"NMNX-143","0-20 sm","Qumoq","10.47","1.27","6.178056304","1.21","","35","25","0.78","464.1","391.23","1.41","8.8","0.40","7.95","0.71","981570881","Makkajo'xori"
"NMNX-745","0-20 sm","Yengil qum","22.54","1.26","6.641906353","2.26","63","43","19","1.13","415.39","453.49","2.4","9.83","0.48","7.56","0.54","","Makkajo'xori"
"TSPD-2001","0-20 sm","Loy","24.96","1.34","6.489040367","1.05","84","57","25","1.72","412.86","407.32","3.53","10.85","0.42","9.57","0.38","","Makkajo'xori"
"Karta-112","0-20 sm","Qumoq","27.92","1.26","5.680361037999999","1.37","64","35","23","0.96","429.79","448.36","2.66","9.05","0.45","8.17","0.74","875291879.35","Makkajo'xori"
"NMNX-1108","0-20 sm","Qumoq","16.92","1.39","6.625404347999999","1.86","60","46","22","0.94","389.78","417.76","2.69","10.01","0.35","7.15","0.92","99608017.14","Makkajo'xori"
"NTTM-115","0-20 sm","Qumoq","25.56","","6.524478032","1.22","98","44","21","1.09","373.44","386.26","2.87","","0.30","9.08","0.72","1297134764.57","Makkajo'xori"
"NMNX-1350","0-20 sm","Qumoq","17.48","1.32","5.696205468","3.69","75","56","18","1.75","436.37","441.57","1.19","7.49","0.30","9.47","0.7","561720478.72","Makkajo'xori"
"NTXM-154","0-20 sm","Yengil qum","29.16","","6.803931519","1.18","86","55","21","0.87","433.9","377.18","3.2","9.66","0.30","9.57","0.58","1236358236.82","Makkajo'xori"
"NMNX-1471","0-20 sm","Yengil qum","22.77","1.47","6.252797547999999","0.99","98","35","18","0.65","417.35","379.26","1.02","8.26","0.29","","0.92","211056705.22","Makkajo'xori"
"Karta-115","0-20 sm","Qumoq","16.95","","6.092725883","2.81","76","57","18","1.1","442.04","434.48","0.7","8.42","0.34","11.11","0.95","1431024732.15","Makkajo'xori"
"NTTM-117","0-20 sm","Yengil qum","23.95","1.34","6.234330356","0.97","99","56","17","0.68","462.41","418.69","3","8.09","0.25","8.37","1.17","173405931.7","Makkajo'xori"
"NMNX-1713","0-20 sm","Qumoq","19.28","","5.722579819","3.35","60","44","23","","427.94","405.62","1.59","7.52","0.67","7.93","1","86937863.11","Makkajo'xori"
"NTXM-156","0-20 sm","Qumoq","28.97","1.31","6.430616465","0.78","74","48","17","0.78","438.2","400.1","2.43","","0.52","","0.68","272702918.38","Makkajo'xori"
"NTXM-146","0-20 sm","Qumoq","26.79","1.36","5.983952675","1.78","89","60","17","0.72","437.47","39.3","2.23","8.29","0.46","12.39","0.83","37168340.37","Makkajo'xori"
"NTXM-147","0-20 sm","Loy","15.76","1.29","6.80163854","4.05","69","51","23","0.39","412.9","40.22","2.89","8.95","0.40","12.21","0.81","546351177.16","Makkajo'xori"
"NMNX-1102","0-20 sm","Yengil qum","18.22","1.31","6.499936446","1.3","96","46","22","1.66","","34.81","0.88","9.14","0.43","8.66","0.71","847988368.46","Makkajo'xori"
"NMNX-139","0-20 sm","Qumoq","29.46","1.29","6.265564338","2.4","61","60","15","1.95","456.68","41.76","3.7","9.55","0.58","","1.16","108562400.62","Makkajo'xori"
"NTXM-148","0-20 sm","Qumoq","23.59","1.34","6.727303282","1.48","74","58","18","","395.08","33.45","1.76","9.92","0.24","5.77","0.94","","Makkajo'xori"
"NMNT-140","0-20 sm","Loy","14.84","1.27","6.325235159","0.84","74","43","23","0.88","398.52","40.49","3.82","6.8","0.22","10.78","1.01","227398087.12","Makkajo'xori"
"NTTM-109","0-20 sm","Qumoq","23.42","1.39","6.807487794","1.06","63","43","17","1.19","382.74","37.72","","9.96","0.44","13.99","0.98","854676502.74","Makkajo'xori"
"","0-20 sm","Yengil qum","18.35","1.37","6.671085817000001","0.88","99","36","20","0.91","402.86","31.22","0.54","6.34","0.33","9.94","0.73","858588668.63","Makkajo'xori"
"NMNX-983","0-20 sm","Yengil qum","27.87","1.27","6.648725327","1.53","77","36","23","0.75","412.82","37.42","0.6","9.54","0.59","8.5","0.94","392769180.07","Makkajo'xori"
"NMNX-1104","0-20 sm","Yengil qum","25.43","1.41","6.439071996","0.72","87","60","23","0.41","388.9","45.21","1.69","7.48","0.28","12.01","0.85","551560098.03","Makkajo'xori"
"NTXM-150","0-20 sm","Loy","21.77","1.25","6.474476516","2.52","60","38","17","1.35","443.27","33.04","1.89","10.15","0.33","7.36","1.06","1956920166.18","Makkajo'xori"
"NTTM-111","0-20 sm","Yengil qum","22.32","1.3","5.871647806","1.62","94","54","17","1.55","430.74","31.93","3.31","10.64","0.44","7.06","0.75","1541772979.32","Makkajo'xori"
"NMNX-142","0-20 sm","Qumoq","14.02","1.34","5.730617109","1.82","95","38","22","1.92","399.91","43.8","3.65","9.18","0.35","5.68","0.3","421682336.7","Makkajo'xori"
"NTXM-151","0-20 sm","Qumoq","18.27","1.25","5.850439831","1.15","84","44","21","","363.53","33.59","2.79","9.52","0.44","8.16","0.89","1226032480.17","Makkajo'xori"
"NMNX-143","0-20 sm","Qumoq","13.86","1.34","5.791649933","4.79","77","58","19","0.51","408.22","34.61","1.86","","0.48","8.39","0.93","2309295055.7","Makkajo'xori"
"NMNX-986","0-20 sm","Yengil qum","15.94","1.51","6.740000687999999","3.07","66","44","20","1.58","406.35","","1.05","8.83","0.76","9.71","1.05","172113528.18","Makkajo'xori"
"NMNX-1107","0-20 sm","Qumoq","12.07","1.31","6.272417541","0.63","63","35","16","2.35","359.06","40.96","","10.63","0.49","10.48","1.34","81915013.41","Makkajo'xori"
"NTTM-114","0-20 sm","Loy","22.86","","5.715208817000001","1.68","79","45","20","0.72","467.2","35.36","","7.21","0.53","","1.12","457100413.26","Makkajo'xori"
"NMNX-987","0-20 sm","Qumoq","17.4","","5.773454729","1.85","72","60","25","1.89","391.31","38.02","","9.32","0.70","6.15","1.15","93028164.84","Makkajo'xori"
"NTXM-153","0-20 sm","Qumoq","27.48","","5.584171461","1.06","67","51","24","1.02","397.03","38.74","","7.44","0.39","10.35","1.09","","Makkajo'xori"
"TSPD-2002","0-20 sm","Loy","16.87","1.25","5.787268394","1.04","86","36","24","0.56","447.39","34.44","","8.18","0.46","7.16","0.94","1065220022.31","Makkajo'xori"
"Karta-113","0-20 sm","Qumoq","23.53","1.42","5.77597783","3","76","48","18","2.07","397.5","37.47","","8.04","0.54","13.21","1.11","1265143469.79","Makkajo'xori"
"NMNX-1229","0-20 sm","Qumoq","17.86","1.33","6.864793607","3.11","75","53","18","1.24","409.62","30.88","","8.04","0.51","","1.22","233063978.02","Makkajo'xori"
"NMNX-1350","0-20 sm","Qumoq","27.32","1.38","6.192360002999999","0.9","81","45","23","1.91","407.03","40.64","","7.41","0.47","7.59","1.11","420676289.88","Makkajo'xori"
"NTXM-154","0-20 sm","Loy","17.21","1.27","6.636803222999999","1.37","73","45","21","1.06","365.53","42.96","","8.51","0.16","7.51","0.96","991206803.58","Makkajo'xori"
"Karta-114","0-20 sm","Yengil qum","28.06","1.41","5.826426917","3.8","71","35","24","","407.17","36.65","","9.05","0.14","6.27","0.64","219829311.53","Makkajo'xori"
"NTTM-116","0-20 sm","Qumoq","23.64","","6.960358276","1.97","96","54","22","2.17","393.38333333333","34.05","","7.83","0.11","6.9","0.98","367277475.02","Makkajo'xori"
"NMNX-1471","0-20 sm","Qumoq","29.02","1.48","6.11275104","0.55","99","39","18","0.65","393.45333333333","35.11","","9.09","0.10","11.74","0.86","1211712544.95","Makkajo'xori"
"","0-20 sm","Yengil qum","28.59","","6.708446922","0.94","62","48","20","1.79","393.52333333333","","","10.19","0.45","8.4","0.85","615014121.69","Makkajo'xori"
"NTTM-117","0-20 sm","Qumoq","27.16","1.29","5.561510732","0.89","86","37","16","1.31","393.59333333333","44.84","","10.3","0.44","12.04","0.22","1738840512.14","Makkajo'xori"
"NMNX-1834","0-20 sm","Yengil qum","15.62","1.42","5.873242491","0.62","94","","19","1.12","393.66333333333","","","8.84","0.25","12.32","0.92","1339134064.66","Makkajo'xori"
"Karta-116","0-20 sm","Qumoq","18.71","","6.995843776","0.96","76","39","24","1.66","393.73333333333","","","8.52","0.15","10.45","0.41","2055820432.79","Makkajo'xori"
"TSPD-2006","0-20 sm","Loy","20.33","","5.714799723","0.67","77","52","17","1.64","393.80333333333","","","8.2","0.67","13.92","1.18","915822363.07","Makkajo'xori"
"NTXM-148","0-20 sm","Yengil qum","17.21","1.32","6.78073637","1.49","74","39","23","1.31","393.87333333333","30.19","","10.32","1.16","8.95","1.15","","Makkajo'xori"
"NMNT-140","0-20 sm","Loy","27.42","1.35","5.513697923","3.9","81","49","20","1.43","393.94333333333","43.55","","","0.67","8.08","0.86","804152157.25","Makkajo'xori"
"NTXM-149","0-20 sm","Qumoq","22.32","1.34","5.798423907999999","0.78","63","42","21","0.84","394.01333333333","42.21","","10.92","0.39","8.85","0.76","549967516.04","Makkajo'xori"
"NMNT-141","0-20 sm","Qumoq","25.75","1.38","6.352471866","2.58","99","38","21","1.6","394.08333333333","39.55","","8.82","0.29","9.69","1.21","2069762980.1","Makkajo'xori"
"NMNX-1345","0-20 sm","Qumoq","28.17","1.3","6.822586546","1.19","90","52","25","1.55","394.15333333333","36.23","","7.54","0.21","8.72","0.77","662752246.93","Makkajo'xori"
"NTXM-150","0-20 sm","Yengil qum","17.63","1.29","6.655426355","1.55","68","40","19","1.03","394.22333333333","37.05","","8.98","0.22","8.72","1.26","754312671.27","Makkajo'xori"
"NMNX-1346","0-20 sm","Yengil qum","18.84","1.27","6.1212940410000005","2.22","60","57","24","1.58","394.29333333333","42.67","","7.37","0.23","11.02","0.76","466927083.79","Makkajo'xori"
"NMNX-143","0-20 sm","Yengil qum","22.66","1.25","5.790770202999999","2.63","71","52","18","","394.36333333333","44.84","","8.44","0.28","","1.25","478084708.47","Makkajo'xori"
"NMNX-144","0-20 sm","Yengil qum","29.06","1.31","6.47444292","0.58","61","59","17","2","394.43333333333","38.16","","10.77","0.41","12.61","1.21","285696177.08","Makkajo'xori"
"NTXM-153","0-20 sm","Loy","22.41","1.37","6.455116637000001","0.73","88","38","15","1.62","394.50333333333","39.92","","9.33","0.17","","1.19","876608814.25","Makkajo'xori"
"NTTM-114","0-20 sm","Yengil qum","14.98","","6.6069840860000015","1.45","65","60","22","0.86","394.57333333333","41.96","","9.54","0.30","","1.11","","Makkajo'xori"
"NMNX-1228","0-20 sm","Yengil qum","17.21","1.32","6.330554389","2.74","78","37","22","1.78","394.64333333333","32.66","","6.15","0.61","","1.16","","Makkajo'xori"
"NMNX-1349","0-20 sm","Qumoq","14.67","1.4","6.5286312660000005","0.96","78","58","15","1.6","394.71333333333","35.45","","8.95","0.54","","0.75","55521987.94","Makkajo'xori"
"NTXM-154","0-20 sm","Loy","29.66","1.35","5.721667141","1.66","92","60","23","0.97","394.78333333333","40.02","","9.03","0.41","","1.01","80044750.57","Makkajo'xori"
"NMNT-146","0-20 sm","Qumoq","16.58","1.25","6.644205485","2.61","79","59","17","1.72","394.85333333333","38.77","","8.14","0.50","","1.12","1232517284.85","Makkajo'xori"
"NTTM-116","0-20 sm","Yengil qum","11.14","1.45","6.376651091","2.8","91","55","15","0.92","394.92333333333","38.72","","9.22","0.35","","0.64","716812072.43","Makkajo'xori"
"NTXM-155","0-20 sm","Yengil qum","22.38","1.44","6.247040422","0.9","76","51","18","1.91","394.99333333333","39.76","","8.29","0.53","","1.23","1246998695.34","Makkajo'xori"
"TSPD-2004","0-20 sm","Yengil qum","","1.37","6.656730007999999","2.43","87","48","25","0.84","","42.2","","10.14","0.77","","1.11","1175403778.13","Makkajo'xori"
"NTTM-117","0-20 sm","Qumoq","","1.44","6.2048017","0.69","71","60","22","2.13","","36.62","","9.01","0.38","","1.01","301086931.26","Makkajo'xori"
"NMNX-1834","0-20 sm","Qumoq","","1.39","6.158860284","2.23","90","57","24","0.93","","38.42","","8.99","0.37","","1.27","1280340069.73","Makkajo'xori"
"NTXM-156","0-20 sm","Qumoq","","1.27","6.385684213999999","0.63","67","35","22","0.71","","41.83","","7.87","0.18","","0.77","1312425515.82","Makkajo'xori"
"TSPD-2005","0-20 sm","Loy","","","6.417820493","1.02","60","54","19","0.8","","32.55","","9.03","0.12","","1.01","944474457.68","Makkajo'xori"
"NTTM-118","0-20 sm","Loy","","","6.381201909","2.72","83","58","23","","","","","","0.17","","0.77","587689555.61","Makkajo'xori"
"NMNX-2076","0-20 sm","Loy","","1.39","6.877869005","1.05","83","57","19","1.04","64.43894690599","23.45","4.283908106986","10.29","0.15","10.81","1.33","1489178296.14","Sabzi"
"TSPD-2006","0-20 sm","Loy","18.89","1.35","7.485996067","3.49","40","72","77","0.93","51.601383914952","25.22","3.5212064727613","7.73","0.16","10.22","0.88","","Sabzi"
"Karta-117","0-20 sm","Qumoq","17.83","1.24","6.920251378","4.11","23","72","84","1.77","27.41775939586","17.86","3.3097429364525","8.87","0.26","10.24","1.2","","Sabzi"
"Karta-235","0-20 sm","Yengil qum","15.06","1.31","5.9969320370000005","1.97","39","58","85","1.09","42.745087159787","52.59","1.5724649506681","8.81","0.15","8.2","0.36","800949853.77","Sabzi"
"NTTM-237","0-20 sm","Yengil qum","21.38","","6.391173589","1.24","22","72","85","","26.357783797835","67.39","2.7364406928134","10.99","0.12","8.12","0.79","501224423.86","Sabzi"
"NMNX-1351","0-20 sm","Qumoq","19.76","1.28","7.152811172000001","2.07","36","67","77","1.09","41.975874949458","61.97","3.9555368967522","8.27","0.43","7.87","0.97","1340934079.99","Sabzi"
"NTTM-285","0-20 sm","Qumoq","34.96","1.31","5.988992796000002","0.55","32","73","81","1.47","27.503979631471","50.94","2.7421186000654","7.91","0.26","11.64","0.32","","Sabzi"
"NMNX-42369","0-20 sm","Qumoq","34.83","","6.231049027999999","1.23","58","70","84","2.17","40.331519595124","60.32","6","9.79","0.24","8.26","0.97","471508561.85","Sabzi"
"NMNX-42490","0-20 sm","Loy","33.67","1.29","7.228963452","0.71","25","78","76","0.84","41.787092535998","44.1","4.38775420779","6.94","0.14","9.66","1.13","57542674.11","Sabzi"
"NTXM-324","0-20 sm","Yengil qum","36.26","1.27","6.492546046","2.77","31","70","77","","29.75525576233","49.12","4.9600602299994","9.5","0.19","9","1.01","287285319.99","Sabzi"
"TSPD-2173","0-20 sm","Loy","16.35","1.34","7.528599957000001","1.07","26","80","83","0.18","54","44.12","1.2","6.51","0.11","9.09","1.03","1279009161.61","Sabzi"
"Karta-284","0-20 sm","Yengil qum","30.98","1.34","7.701446446","1.46","25","68","77","1.08","28.771263403607","49.85","5.6957725044416","8.22","0.10","9.06","1.31","975840403.73","Sabzi"
"NTTM-286","0-20 sm","Qumoq","20.29","","8.519975748","0.77","31","78","76","1.58","70","51.63","4.1021762051409","9.23","0.10","11.69","1.11","572146572.34","Sabzi"
"NMNX-42611","0-20 sm","Qumoq","16.22","1.27","6.620900869","3.45","60","","83","1.7","41.833082548292","51.22","2.6204511334813","8.79","0.11","10.28","1.06","","Sabzi"
"NMNX-42732","0-20 sm","Loy","24.86","1.34","8.104396057999999","3.08","59","62","83","1.16","38.28348399625","50.31","5.0641567420845","","0.12","8.31","0.76","797166775.75","Sabzi"
"NTXM-325","0-20 sm","Yengil qum","38.58","1.29","6.204090835","2.05","22","67","78","1.02","37.277527701809","","3.1242643248659","10.02","0.15","9.42","1.06","1534530376.83","Sabzi"
"TSPD-2174","0-30","Qumoq","28.06","1.5","6.051091339","1.59","36","65","80","0.89","45.294288954983","44.03","6","8","0.17","7.04","0.48","","Sabzi"
"Karta-285","0-20 sm","Loy","39.15","1.32","7.690962337999999","0.73","59","60","84","1.11","48.780029046961","67.04","4.1798140775646","9.41","0.15","8.67","0.98","","Sabzi"
"NTTM-287","0-20 sm","Yengil qum","24.55","1.33","7.8292111439999985","0.75","54","77","85","3.52","21.054259802129","74.72","4.5508065290588","8.45","0.13","11.08","0.79","511007513.18","Sabzi"
"NMNX-42853","0-20 sm","Yengil qum","35.87","","6.761599706","1.07","43","68","81","0.76","40.182255668062","46.08","2.9510226515054","10.08","0.17","","1.13","","Sabzi"
"NMNX-42974","0-20 sm","Loy","38.09","1.24","6.654425315","1.96","28","76","82","1.99","32.044537979955","45","2.8663060327481","9.33","0.14","10.92","1.04","146855281.45","Sabzi"
"NTXM-326","0-20 sm","Yengil qum","35.13","1.32","6.129533877","2.15","42","79","85","1.24","24.004909835056","43.33","3.7971346540654","","0.22","7.74","0.96","","Sabzi"
"TSPD-2175","0-20 sm","Yengil qum","25.13","1.41","8.829273328","0.82","32","60","83","0.89","31.463139213855","29","2.7768404035507","8.94","0.28","11.86","0.88","","Sabzi"
"Karta-286","0-20 sm","Loy","18.76","1.28","8.621662982","4.56","22","78","76","1.44","45.157153496474","26.31","3.6122852111445","9.56","0.26","8.12","1.07","215784700.6","Sabzi"
"NTTM-288","0-30","Loy","24.54","1.24","8.204862075","0.86","31","79","75","1.15","15","27.04","3.2607021331466","8.42","0.37","9.43","0.6","192545324.22","Sabzi"
"Sample-SL225","0-30","Loy","26.24","1.48","6.18042747","1.55","28","58","81","3.62","38.397104134415","22.5","4.0634898747217","9.41","0.21","7.66","1.12","457236019.63","Sabzi"
"NMNT-564","0-30","Loy","27.9","","7.978996755","1.85","57","58","77","1.54","54","26.53","1.4903693948132","9.89","0.15","5.93","1","537573040","Sabzi"
"NTTM-533","0-30","Yengil qum","29.48","1.48","7.863113671","1.49","49","55","78","4.11","25.406838516108","22.26","2.647996445995","9.8","0.14","7.5","1.03","1247562391.23","Sabzi"
"NMNX-50088","0-30","Yengil qum","13.29","1.26","6.967843048","0.54","46","76","","4","43.258212777463","25.77","6","9.72","0.19","7.19","1.15","315818943.26","Sabzi"
"Sample-SL226","0-30","Yengil qum","27.51","1.27","6.206582192999999","4.16","54","61","77","3.81","30.043913380822","27.88","5.5254122262393","","0.15","9.04","1.04","43886007.68","Sabzi"
"NMNT-565","0-30","Yengil qum","28.4","1.41","8.868741443","0.56","38","60","76","4.14","37.542263906843","28.85","1.0601887330862","","0.30","7.55","1.07","","Sabzi"
"NTTM-534","0-30","Yengil qum","17.62","1.43","8.766128654","0.78","59","55","79","1.47","44.226704585967","23.09","3.9696064712713","9.04","0.25","10.66","0.91","1594469047.15","Sabzi"
"NMNX-50089","0-30","Qumoq","19.93","1.27","8.736337905","0.77","36","76","75","3.84","34.328876141487","25.34","2.4892712994716","8.6","0.21","12.09","1.16","321875707.48","Sabzi"
"Sample-SL227","0-30","Yengil qum","29.79","","8.081095263","3.96","57","68","81","1.82","31.004427815771","19.62","4.6565166563695","9.19","0.19","8.48","1.17","1190773686.51","Sabzi"
"NMNT-566","0-30","Loy","11.64","1.52","6.138243973","2.23","35","66","81","0.83","60","27.97","5.0111745960121","9.12","0.28","7.8","1.14","98733325.27","Sabzi"
"NTTM-535","0-30","Loy","23","1.33","7.496645259","2.18","35","64","78","0.58","29.854078542619","22.91","6","9.08","0.52","8.51","1.09","","Sabzi"
"NMNX-50090","0-30","Loy","21.29","1.39","8.380185271","0.66","52","60","79","3.3","49.681789908782","22.32","2.198511214145","8.93","0.28","7.97","0.88","205865623.91","Sabzi"
"Sample-SL228","0-30","Gill","28.85","","6.289614016","1.56","27","76","83","3.22","42.897311929684","26.03","2.0100769879745","9.61","0.34","7.45","1.16","","Sabzi"
"NMNT-567","0-30","Yengil qum","16.74","","6.586777189","4.11","57","60","84","4.54","68.597883735588","22.74","2.9485069723929","8.56","0.29","","1.19","128154225.07","Sabzi"
"NTTM-536","0-30","Yengil qum","15.87","1.55","6.89655198","0.82","52","68","78","2.23","23.348262581447","25.31","4.0267678704946","6.4","0.21","9.92","1.06","1310334792.71","Sabzi"
"NMNX-50091","0-30","Qumoq","15.05","1.31","7.8067476560000015","0.76","43","79","79","4.35","33.220976439071","25.39","1.3168081987041","8.11","0.20","9.72","0.95","115871482.68","Sabzi"
"Sample-SL229","0-30","Qumoq","18.79","1.29","7.150681303","1.57","44","74","85","2.37","46.761759697331","22.29","1.6800346106526","","0.25","7.62","1.09","452119967.97","Sabzi"
"NMNT-568","0-30","Gill","26.03","1.4","6.64919573","0.94","24","55","78","3.67","39.071778840794","25.68","3.5495626806913","8.46","0.31","9.45","1.11","223879638.69","Sabzi"
"NTTM-537","0-30","Loy","20.56","1.25","7.778591617999999","2.58","29","77","75","1.99","26.790725452273","26","4.219972279318","8.33","0.29","8.81","0.93","329027851.23","Sabzi"
"NMNX-50092","0-30","Loy","26.63","1.41","6.358740355","","20","60","78","0.83","22.773281967976","28.15","3.1287285705503","","0.31","9.05","1.05","35899029.66","Sabzi"
"Sample-SL230","0-30","Loy","18.26","1.26","8.255450758","1.11","56","67","78","1.02","24.883059989653","21.69","1.8526439128101","8.22","0.40","12.03","1.11","369329940.59","Sabzi"
"NMNT-569","0-30","Loy","23.07","1.5","6.456148474","0.94","37","66","85","2.19","47.599032359458","20.63","4.321951446854","9.9","0.62","8.91","1.13","282148243.82","Sabzi"
"NTTM-538","0-30","Gill","23.85","1.3","6.613072145","1.43","49","71","76","3.48","41.709338335452","29.11","2.7531980031486","10.23","0.81","12.13","0.41","1936351647.83","Sabzi"
"NMNX-50093","0-30","Yengil qum","27.18","1.33","8.165359297","1.91","59","69","80","0.8","39.941922760015","22.96","4.2139345193417","7.31","0.78","9.17","0.82","749477179.86","Sabzi"
"Sample-SL231","0-30","Gill","25.24","1.4","7.64867466","1.14","20","79","77","1.18","31.648991471323","22.21","5.5934985553964","8.63","0.25","7.79","0.95","416628941.72","Sabzi"
"NMNT-570","0-30","Qumoq","18","1.29","6.545888558","1.67","24","56","85","1.61","59.420103763971","26.55","3.9826984501972","9.61","0.43","7.75","1.01","170419033.11","Sabzi"
"NTTM-539","0-30","Loy","27.3","1.33","7.1042247970000005","0.96","51","72","75","4.06","22.639356244424","28.86","6.1327345808494","9.03","0.30","7.84","1.16","452321881.3","Sabzi"
"NMNX-50094","0-30","Gill","18.85","1.31","","4.32","57","73","85","3.04","43.719938115708","27.82","4.0836379153221","10.08","0.44","8.72","1.14","117867789.56","Sabzi"
"Sample-SL232","0-30","Loy","15.34","1.58","6.4740245000000005","4.07","22","64","82","2.89","46.548379363494","23.11","2.9383100125137","7.95","0.82","9.55","0.66","1158173159.82","Sabzi"
"NMNT-571","0-30","Loy","28.03","1.49","7.840339388999999","4.07","52","73","79","4.87","44.311143816005","24.66","6","9.42","0.20","12.99","0.88","","Sabzi"
"NTTM-540","0-30","Loy","17.91","1.44","7.985417393","1.77","34","76","80","3.71","40.725710565406","22.44","4.7501055870931","10.02","0.62","10.76","1.2","1134782902.45","Sabzi"
"NMNX-50095","0-30","Qumoq","21.94","1.25","7.545258424","0.69","42","74","83","4.16","45.564030912014","27.14","1.2","7.83","0.20","","0.92","417084678.08","Sabzi"
"Sample-SL233","0-30","Loy","15.66","1.25","7.728998197","1.41","34","71","79","4","55.744958488442","24.35","1.2","9.1","0.27","8.87","0.67","1064461043.8","Sabzi"
"NMNT-572","0-30","Qumoq","16.41","1.52","7.354973451","1.5","27","73","79","2.58","48.458250475322","28.13","2.1696268920309","8.36","0.19","8.31","0.41","1618850810.27","Sabzi"
"NTTM-541","0-30","Loy","18.14","1.31","7.313122235","3.21","30","70","79","4.03","53.483154611561","25.35","4.0978756017991","9.73","0.21","13.02","1.01","39424753.23","Sabzi"
"NMNX-50096","0-30","Yengil qum","13.2","1.32","7.785039076","0.89","57","57","75","4.42","45.752900949366","29.21","4.7524189679216","9.04","0.31","8.17","0.38","1844684158.71","Sabzi"
"Sample-SL234","0-30","Yengil qum","29.83","1.45","6.307004922999999","2.61","27","79","82","1.46","21.069611343269","25.36","5.2282517964602","9.34","0.21","12.07","0.8","1801541069.76","Sabzi"
"NMNT-573","0-30","Yengil qum","12.63","1.4","6.4039823160000005","1.23","32","71","85","3.23","32.6260160384","25.97","4.6219819512201","10.23","1.40","6.3","0.53","30341123.23","Sabzi"
"NTTM-542","0-30","Yengil qum","15.15","1.42","7.599279991","1.94","31","76","82","1.44","32.951066244221","29.15","3.4332161734523","9.77","0.28","10.36","0.53","688715998.16","Sabzi"
"NMNX-50097","0-30","Gill","9.22","1.25","7.217018459","3.17","33","75","84","1.08","20.34338989791","18.79","3.0028960604023","7.36","0.33","8.1","1.26","","Sabzi"
"Sample-SL235","0-30","Qumoq","29.79","1.26","7.561108006","0.6","47","80","77","3.88","39.018328529461","28.37","6.2384936502676","9.11","0.85","10.76","0.74","152093595.04","Sabzi"
"NMNT-574","0-30","Yengil qum","29.78","","7.489545074","0.94","54","62","80","4.13","31.162895831152","29.13","2.5636003882286","9.2","1.90","10.1","1.02","456733038.9","Sabzi"
"NTTM-543","0-30","Yengil qum","19.87","1.39","6.609696734","1.64","47","79","78","4.68","33.498352948536","29.02","1.2","10.28","0.49","12.09","1.16","","Sabzi"
"NMNX-50098","0-30","Loy","22.33","1.36","7.476800943","1.25","35","57","83","2.33","14.986321280835","27.32","2.7448908979004","8.5","0.28","9.16","0.7","","Sabzi"
"Sample-SL236","0-30","Qumoq","15.63","","7.325451279","1.07","53","73","77","0.74","48.04685331324","28.18","5.260409069799","","0.15","10.22","0.99","1119052162.08","Sabzi"
"NMNT-575","0-30","Yengil qum","23.44","1.41","6.489389282","1.13","45","61","78","4.1","33.062441500068","23.17","5.0237390473046","9.75","0.21","9.73","1.04","219690165.09","Sabzi"
"NTTM-544","0-30","Gill","20.72","1.24","7.786366322","1.99","37","78","79","3.9","40.429290956574","26.14","3.4961893377918","9.6","0.31","13.22","1.26","295394010.95","Sabzi"
"NMNX-50099","0-30","Yengil qum","26.04","1.35","6.4084378860000015","0.53","30","75","81","3.82","17.096309747229","26.5","5.3543130859154","7.52","0.29","11.31","0.98","","Sabzi"
"Sample-SL237","0-30","Loy","22.64","1.28","8.423873703","0.88","37","55","82","4.04","31.570110460807","28.06","3.2506219279941","9.75","0.21","8.59","1.1","","Sabzi"
"NMNT-576","0-30","Loy","13.89","1.29","8.719960893","0.63","53","65","76","1.78","45.230877162646","22.83","4.1166541619225","9.62","0.32","10.29","1.3","54000436.48","Sabzi"
"NTTM-545","0-30","Loy","22","1.35","7.811997977000001","3.56","22","60","85","2.08","15","28.49","1.8008088474675","10.17","0.82","11.89","1.19","103556451.66","Sabzi"
"NMNX-50100","0-30","Loy","20.02","1.65","6.317153205","0.74","60","61","78","3.95","46.925793679165","29.46","3.9051536436814","9.97","0.10","12.78","1.06","1526972175.04","Sabzi"
"Sample-SL238","0-30","Loy","23.4","1.61","7.114405288","4.03","42","67","77","1.4","25.943050781524","","1","8.67","0.16","11.41","0.68","","Sabzi"
"NMNT-577","0-30","Yengil qum","25.81","1.36","8.135900726000001","3.67","39","76","76","0.94","23.937774428797","","3.4210384935949","9.74","0.24","9.4","0.64","","Sabzi"
"NTTM-546","0-30","Loy","19.01","","7.714153037999999","0.94","35","63","76","3.2","37.823806768342","","2.8587383836033","9.52","0.21","7.96","0.99","325503985.35","Sabzi"
"NMNX-50101","0-30","Yengil qum","26.1","1.25","7.103798069","2.23","30","65","82","1.17","60","23.14","4.8841204900856","9.85","0.52","11.85","0.91","478497331.59","Sabzi"
"Sample-SL239","0-30","Gill","19.73","1.36","8.861479668","0.68","57","56","78","0.71","38.833983489737","22.46","3.8556629207489","7.64","0.34","6.77","1.09","161134749.98","Sabzi"
"NMNT-578","0-30","Qumoq","27.85","1.33","7.861128148","0.56","48","65","78","0.87","30.784362659707","24.41","3.5340894219767","10.36","0.25","10.38","1.06","718517298.73","Sabzi"
"NTTM-547","0-30","Loy","13.63","1.41","7.4526709","1.73","36","56","83","3.29","57.583351298106","19.03","6","8.76","0.88","12.38","0.9","1347077597.24","Sabzi"
"NMNX-50102","0-30","Yengil qum","17.95","1.53","7.168096055","1.35","40","58","75","2.28","34.40063628838","28.74","1.8642177290065","7.35","0.11","8.74","1.14","80481379.94","Sabzi"
"Sample-SL240","0-30","Gill","21.16","1.55","7.26311855","1.96","49","69","82","3.11","15","29.59","4.4771051569458","7.09","0.28","8.1","1.05","465746582.35","Sabzi"
"NMNT-579","0-30","Qumoq","14.5","1.33","5.68597166","1.43","13","60","25","3.86","54.246100776054","26.82","1.7195971827903","9.62","0.25","6.25","1.04","830644382.58","Sabzi"
"NTTM-548","0-30","Gill","10.49","1.24","5.759237003","0.75","25","70","16","1.59","44.689207149882","26.44","3.7947912759298","7.78","0.23","9.72","0.91","","Sabzi"
"NMNX-50103","0-30","Yengil qum","15.89","1.46","5.873171894","1.09","31","55","22","2.09","30.764879170051","29.41","3.4279079813511","9.12","0.24","9.33","1.07","1490854255.15","Sabzi"
"Sample-SL241","0-30","Loy","23.95","","5.748190462999999","0.76","28","58","24","2.7","70","20.1","1.9934063090017","9.41","0.17","6.25","0.59","487083462.82","Sabzi"
"NMNT-580","0-30","Gill","17.05","1.31","5.566522896","4.62","25","57","19","1.88","38.053232240646","24.88","2.8242843229962","10.4","1.77","7.13","1.17","131833485.64","Sabzi"
"NTTM-549","0-30","Yengil qum","23.92","1.31","5.809419584","1","28","80","17","0.68","47.303913352717","29.55","3.5830425688255","9.58","1.84","6.91","1.08","579165113.98","Sabzi"
"NMNX-50104","0-30","Gill","20.2","1.36","5.887263027","1.24","25","60","22","3.89","20","24.84","3.4876310148247","7.43","0.76","","0.9","569744081.39","Sabzi"
"Sample-SL242","0-30","Loy","17.26","1.57","","3.37","12","78","23","2.08","50.008241232384","28.27","3.1760054014294","9.77","0.22","8.17","0.81","1987195210.86","Sabzi"
"NMNT-581","0-30","Yengil qum","11.51","1.51","5.792744849","1.01","6","77","25","3.58","45.868562173578","25.53","5.5781956680593","","0.27","10.01","0.85","93803352.94","Sabzi"
"NTTM-550","0-30","Qumoq","29.61","1.7","5.912289889","1.11","22","79","17","2.99","38.82688502134","28.6","3.464552904887","9.1","0.46","8.16","0.74","48495054.12","Sabzi"
"NMNX-50105","0-30","Yengil qum","28.6","1.32","5.7883869510000014","1.28","27","80","15","2.26","38.170293046131","29.86","3.1412099630091","7.64","0.17","10.85","1.28","217704451.97","Sabzi"
"Sample-SL243","0-30","Qumoq","19.5","1.55","5.728233081","1.38","10","55","23","0.7","38.890236523418","28.56","2.7019908177478","10.03","0.40","7.04","1.21","1955377957.85","Sabzi"
"NMNT-582","0-30","Yengil qum","24.58","1.35","5.833940084","0.97","23","65","20","3.64","49.648621721558","27.44","5.342396428137","","0.22","9.96","1","1760030537.44","Sabzi"
"NTTM-551","0-30","Loy","15.64","1.41","5.967533236","0.57","19","78","16","3.53","41.936515271452","27.04","5.8739937308677","9.17","0.22","9.42","1.09","791727191.49","Sabzi"
"NMNX-50106","0-30","Gill","29.91","1.35","5.6250964460000015","1.84","19","65","25","0.95","43.791988972984","25.46","5.8677340254146","","0.40","9.59","1.04","45142638.51","Sabzi"
"Sample-SL244","0-30","Loy","15.56","1.25","5.515615023","0.98","22","70","19","1.29","40.125296974445","29.78","2.6331248996176","9.31","0.64","13.33","1.11","182701144.02","Sabzi"
"NMNT-583","0-30","Yengil qum","23.14","1.67","5.954665349","0.7","37","64","22","3.78","37.933734650208","24.39","3.7065835744473","8.21","0.30","6.25","","294441783.9","Sabzi"
"NTTM-552","0-30","Yengil qum","26.33","1.36","5.74644777","2.63","11","71","17","1.84","36.080871645479","24.82","3.9114943690567","9.77","0.18","9.68","0.96","","Sabzi"
"NMNX-50107","0-30","Gill","12.12","1.5","5.877347515","1.35","18","79","20","4.18","20.020335225637","21.97","7","9.12","0.10","12.12","1.05","438557348.1","Sabzi"
"Sample-SL245","0-30","Yengil qum","18.27","1.76","5.979973965","0.83","21","63","17","1.39","26.239751428585","29.88","3.6648264536838","9.11","0.38","11.88","0.9","","Sabzi"
"NMNT-584","0-30","Gill","16.7","1.73","5.635993966","2.45","24","80","22","0.83","25.330193396818","20.74","3.8499407828025","9.8","0.41","10.94","0.39","866712796.04","Sabzi"
"NTTM-553","0-30","Qumoq","12.1","1.41","5.635231778","3.31","34","60","22","3.72","39.55199512691","26.4","4.759896282534","","0.48","10.69","0.45","466773382.54","Sabzi"
"NMNX-50108","0-30","Loy","10.78","1.28","5.679224346","1.26","16","75","21","1.58","36.673069912302","25.31","6","9.1","0.26","11.53","0.81","168843756.31","Sabzi"
"Sample-SL246","0-30","Yengil qum","17.94","1.36","5.670062975","0.53","17","77","23","0.99","34.277427013426","22.96","1.8422594482161","9.94","0.36","13.31","0.96","218937104.95","Sabzi"
"NMNT-585","0-30","Loy","18.4","1.57","5.724242065","1.31","37","72","18","1.5","26.823854832739","29.58","4.7773957201283","9.42","0.39","12.32","1.25","1931750982.64","Sabzi"
"NTTM-554","0-30","Loy","13.52","1.31","5.811314232000001","0.69","40","73","20","3.89","48.323379295268","29.72","4.1823829843867","8.87","0.27","8.96","0.65","196345271.44","Sabzi"
"NMNX-50109","0-30","Gill","19.09","1.53","5.783425416","0.65","9","77","17","2.32","19.958079489242","27.75","5.7125917847601","8.26","0.34","9.98","1.02","131242808.82","Sabzi"
"Sample-SL247","0-30","Yengil qum","12.84","1.63","5.607808432000001","3.41","1","62","23","1.76","23.84789603268","27.47","4.8371543220951","","0.30","8.59","1.1","184014151.36","Sabzi"
"NMNT-586","0-30","Loy","13.11","1.38","5.946999529","2.12","33","59","22","4.03","50.884230792554","27.37","1.5","9.33","0.38","9.4","0.38","1029727188.12","Sabzi"
"NTTM-555","0-30","Qumoq","22.68","1.71","5.852046999","2.58","23","59","19","1.24","64.625350157826","29.58","3.7594565764001","9.23","0.48","10.46","1.12","353997115.89","Sabzi"
"NMNX-50110","0-30","Yengil qum","22.92","1.65","5.824090984","1.9","6","62","22","2.7","36.499491602511","25.84","3.989610787537","8.18","0.36","9.47","","389480408.38","Sabzi"
"Sample-SL248","0-30","Yengil qum","23.5","1.58","5.502999119","1.38","25","63","20","2.69","42.895455948708","26.12","3.5710029130174","8.41","0.26","9.86","0.73","1517701514.95","Sabzi"
"NMNT-587","0-30","Gill","14.17","1.59","5.821649914","0.94","7","79","23","0.66","70","27.1","4.0079503914239","7.95","0.58","11.53","1.08","2288060392.83","Sabzi"
"NTTM-556","0-30","Loy","29.27","1.62","5.711439256","0.77","8","72","17","3.57","23.215623097141","23","2.8825383141151","8.18","0.61","7.65","","","Sabzi"
"NMNX-50111","0-30","Yengil qum","24.32","1.74","5.514927264","1.33","27","64","15","2.23","34.780660625001","26.26","1.1809953373337","10.52","1.08","7.74","0.67","2284425349.47","Sabzi"
"Sample-SL249","0-30","Loy","20.57","1.49","5.99616119","1.1","28","66","23","2.97","50.271801821889","27.25","3.1887455975266","10.11","0.30","5.88","0.38","186803287.78","Sabzi"
"NMNT-588","0-30","Yengil qum","27.88","1.29","5.695422862999999","3.12","32","","18","2.95","42.276600333902","27.28","5.1522531120492","10.17","0.45","10.03","0.89","170011099.94","Sabzi"
"NTTM-557","0-30","Yengil qum","17.52","1.38","5.833010957999999","4.76","27","56","22","3.77","52.436398571234","20.1","2.7723547139204","9.49","0.45","7.9","1.05","380320123.91","Sabzi"
"NMNX-50112","0-30","Gill","22.28","1.43","5.568456899","4.57","17","77","24","4.02","33.059435687971","24.26","5.4912899374271","7.33","1.14","11.29","0.62","1689074099.09","Sabzi"
"Sample-SL250","0-30","Qumoq","19.22","1.34","5.645435626","4.23","0","65","15","1.47","38.969397694108","29.78","6.7760997517075","9","0.27","11.35","1.13","441120616.31","Sabzi"
"NMNT-589","0-30","Qumoq","29.02","1.28","5.821194486","1.65","13","72","21","4.16","28.685384843861","27.36","5.0976062152273","","0.41","9.98","0.97","1013930798.55","Sabzi"
"NTTM-558","0-30","Yengil qum","25.56","1.42","5.659254981","4.52","34","60","23","1.34","60","26.84","2.8346506032119","","0.40","7.82","1.03","1419359962.68","Sabzi"
"NMNX-50113","0-30","Gill","15.56","1.38","5.945465949","1.67","9","80","19","3.2","32.305536426579","24.81","6","9.61","0.31","8.67","1.25","756988786.06","Sabzi"
"Sample-SL251","0-30","Yengil qum","24.24","1.55","5.9511774520000005","1.58","11","72","20","3.81","27.21171725439","29.06","5.0063529503106","8.97","0.74","8.29","0.88","","Sabzi"
"NMNT-590","0-30","Yengil qum","29.39","1.28","5.520880013999999","1.97","3","67","24","3.09","40.744988275876","24.81","4.6218620559759","","0.24","8.8","0.66","2117468506.97","Sabzi"
"NTTM-559","0-30","Qumoq","28.54","1.31","5.578410206","4.23","35","69","23","3.47","60","24.45","1","8.65","0.48","6.78","0.55","286777645.39","Sabzi"
"NMNX-50114","0-30","Yengil qum","24.6","1.72","5.608165195","4.2","3","77","25","2.37","36.199501826455","25.16","1.9582648547335","10.02","0.15","11.16","1.11","2136791046.11","Sabzi"
"Sample-SL252","0-30","Loy","12.99","1.54","5.609435127999999","4.1","23","62","19","3.12","51.448928423276","27.24","3.5073350880336","6.92","0.26","8.32","1.05","214011765.55","Sabzi"
"NMNT-591","0-30","Loy","16.01","1.67","5.509295379","0.64","22","71","17","1.33","26.062218429219","29.14","5.0112017118951","7.75","0.14","7.89","0.83","704759403.12","Sabzi"
"NTTM-560","0-30","Yengil qum","12.77","1.79","5.902033406","3.65","","79","25","1.69","52.57947536182","25.75","5.7945757129743","7.56","0.34","","0.55","","Sabzi"
"NMNX-50115","0-30","Qumoq","27.35","1.36","5.744117663","1.87","34","59","18","3.94","41.46155220414","29.43","3.7528763411974","10.45","0.26","9.1","1.07","123277783.78","Sabzi"
"Sample-SL253","0-30","Gill","20.15","1.4","5.717143397","2.53","12","63","17","2.37","39.385709477747","28.97","5.5509709383012","9.82","0.30","12.06","","2222994796.4","Sabzi"
"NMNT-592","0-30","Loy","23.83","1.34","5.542690119","2.21","27","56","20","1.42","30.659766552187","24.55","1","8.13","0.70","7.89","","2361347971.38","Sabzi"
"NTTM-561","0-30","Loy","24.61","1.53","5.858617867","4.22","7","63","24","3.3","33.866139103093","22.97","3.2532727625028","10.16","0.40","11.97","0.97","","Sabzi"
"NMNX-50116","0-30","Qumoq","20.55","1.66","5.618844277000001","2.76","24","67","22","1.15","41.367574913226","24.7","2.7757655064806","7.58","0.82","8.03","0.76","358959954.45","Sabzi"
"Sample-SL254","0-30","Loy","17.75","1.46","5.6066203460000015","3.85","11","71","24","1.89","21.677943424115","28.24","6.6591329239725","","0.48","10.46","0.51","1662371362.13","Sabzi"
"NMNT-593","0-30","Qumoq","15.83","1.38","5.582178402","4.76","37","74","15","1.29","41.564114959235","23.75","2.6160046151136","7.37","0.98","7.07","1.18","369244499.42","Sabzi"
"NTTM-562","0-30","Loy","23.37","1.5","5.56503533","5.23","25","76","24","2.85","30.158888639556","28.67","2.0550132146676","9.51","0.38","9.24","1.18","306010181.96","Sabzi"
"NMNX-50117","0-30","Qumoq","18.02","1.58","5.889614577000001","1.3","34","66","17","2.42","39.366878348248","25.88","1.5970376898019","9.98","0.40","8.03","0.65","1583137737.66","Sabzi"
"Sample-SL255","0-30","Gill","16.23","1.56","5.934136378","2.6","20","69","15","2.02","21.537338357512","23.9","2.7364332849344","8.2","0.32","10.89","0.79","539649519.62","Sabzi"
"NMNT-594","0-30","Yengil qum","22.68","1.59","5.683548308","0.8","37","65","16","2.09","23.725323079536","29.68","5.4465531014644","9.62","0.36","8.35","0.99","2339817132.54","Sabzi"
"NTTM-563","0-30","Yengil qum","23.79","1.4","5.70836603","2.22","18","74","15","1.98","44.017767932067","25.33","6","10.77","0.20","8.03","0.5","290384637","Sabzi"
"NMNX-50118","0-30","Yengil qum","15.88","1.71","5.948164454","0.96","4","67","25","3.29","53.179384212026","21.45","6","8.92","0.53","11.61","0.53","2345513616.86","Sabzi"
"Sample-SL256","0-30","Yengil qum","21.6","1.67","5.774755143999999","3.84","37","56","25","2.73","50.119888634577","24.62","6.5513224343491","9.34","0.22","8.35","","326036718.64","Sabzi"
"NMNT-595","0-30","Qumoq","22.24","1.44","5.97229163","1.2","5","59","15","3.44","30.643706152364","28.39","6","9.05","0.69","6.88","1.01","66182679.57","Sabzi"
"NMNX-53864","0-30","Yengil qum","15.71","1.72","5.532100554","2.16","11","61","21","3.11","21.622376255339","28.72","4.6095562968169","8.59","0.31","10.46","1.19","168769190.07","Sabzi"
"NTXM-371","0-30","Loy","25.47","1.71","5.669560726","5.33","22","80","20","4.44","40.024781261204","26.9","5.6628591693246","10.08","1.14","7.98","","1345692177.05","Sabzi"
"TSPD-2220","0-30","Yengil qum","15.2","1.71","5.655726817000001","5.34","12","61","19","1.1","39.642291905101","21.94","4.4910196335899","8.18","0.59","9.7","","2459565643.98","Sabzi"
"Karta-331","0-30","Yengil qum","16.1","1.54","5.591704013999999","2.32","5","74","21","3.47","32.4699480482","27.13","4.7697146910814","9.81","0.26","9.7","","631084969.76","Sabzi"
"NTTM-333","0-30","Qumoq","23.54","1.49","5.932323085","0.95","27","69","22","1.96","15","23.05","2.9065538809331","10.23","0.40","12.66","","65571790.88","Sabzi"
"NMNX-1447","0-30","Gill","15.25","1.55","5.824208308999999","2.23","31","75","18","2.66","17.771288015713","26.73","1.8115925202594","9.85","0.63","8.83","1.8015651021384","66625358.38","Sabzi"
"NMNX-352","0-30","Qumoq","19.47","1.39","5.86442953","3.13","36","68","20","3.44","34.399338367534","29.92","4.2058188805733","8.94","0.41","9.95","2.0774025793054","421939866.33","Sabzi"
"NTXM-361","0-30","Yengil qum","20.66","1.62","5.866744372","0.87","5","65","16","1.96","15","25.49","5.97440776257","8.23","0.26","12.1","1.7322820946917","2859475047.56","Sabzi"
"NMNX-353","0-30","Yengil qum","26.81","1.47","5.706198621","3.2","32","79","15","2.55","34.602409212218","29.12","4.8592752864215","8.29","0.27","10.96","2.3193487380683","992880155.44","Sabzi"
"NTXM-362","0-30","Yengil qum","29.16","1.58","5.940546818","2.75","11","78","22","3.94","31.329210096555","28.68","6","9.15","0.26","11.12","1.9541174102453","851955299.49","Sabzi"
"NMNT-354","0-30","Loy","25.34","1.79","5.916779289","1.16","0","55","22","3.55","70","20.81","2.4742522290901","","0.26","9.11","2.4222492675613","2845123364.34","Sabzi"
"NTTM-323","0-30","Loy","21.45","1.69","5.779090476","4.5","14","59","15","3.2","21.419965858799","21.82","3.8062769998412","9.12","0.43","11.04","3.1276583936791","1283321787.11","Sabzi"
"NMNX-53011","0-30","Yengil qum","21.12","1.32","5.82738029","4.74","29","68","23","2.36","45.629668865301","28.66","1.5","9","0.47","12.49","1.4336700673838","180150779.69","Sabzi"
"NMNX-53132","0-30","Yengil qum","26.42","1.55","5.514234138","3.41","32","68","19","0.76","18.496531788054","29.91","3.393400926381","","0.45","12.5","1.7784475312346","810328931.37","Sabzi"
"NTXM-362","0-30","Loy","17.97","1.5","5.662699104","1.03","17","64","17","3.13","46.891374577974","27.98","5.2879664300235","","0.62","8.94","1.8581959792895","2039312426.41","Sabzi"
"NMNX-354","0-30","Yengil qum","26.6","1.53","5.86390397","5.33","13","69","19","3.89","38.496979959437","29.13","3.6084740868324","8.75","0.13","10.06","1.4868426539813","1341919379.8","Sabzi"
"NTXM-363","0-30","Yengil qum","16.57","1.47","5.624690247999999","3.18","14","67","22","1.12","37.395883587745","27.47","4.9469527338793","10.38","0.57","11.24","2.4590999280165","128853716.06","Sabzi"
"NMNT-355","0-30","Loy","28.87","1.78","5.591560999","4.09","9","69","20","3.31","47.854518181297","23.54","4.3482597579791","8.36","0.91","7.39","1.5053834756864","1256417720.55","Sabzi"
"NTTM-324","0-30","Yengil qum","26.83","1.58","5.976312537999999","0.84","20","73","22","4.41","48.715280435674","28.9","3.8953952548883","9.52","0.23","11.06","1.3545337936657","1308685340.87","Sabzi"
"NMNX-53012","0-30","Loy","21.97","1.55","5.669236258","2.9","40","78","20","2.48","54","22.98","5.5249564398685","9.71","0.54","11.4","2.93802012936","234352646.94","Sabzi"
"NMNX-53133","0-30","Yengil qum","15.66","1.69","5.961934481","0.73","27","72","23","1.34","28.820058445274","27.77","1.2","10.15","0.42","9.95","4","95733768.57","Sabzi"
"NTXM-363","0-30","Qumoq","25.62","1.69","5.690065688","1.29","14","67","15","0.63","59.85061759996","25.07","4.7977135797458","10.35","0.32","7.22","2.7904028540863","","Sabzi"
"NMNX-355","0-30","Gill","15.87","1.32","5.698371311","0.75","7","56","18","2.33","46.917143182125","23.07","3.7651637801384","8.73","0.76","7.22","1.6391322979576","42091405.12","Sabzi"
"NTXM-364","0-30","Loy","12.32","1.53","5.59503163","2.55","27","65","18","2.46","27.839873944888","29.19","2.2421533332221","10.52","0.82","7.33","2.2288408407021","","Sabzi"
"NMNT-356","0-30","Loy","16.53","1.47","5.5259045260000015","1.98","30","63","16","1.54","57.034071894297","27.49","6","8.94","0.44","8.04","1.5382391219035","749247413.32","Sabzi"
"NTTM-325","0-30","Qumoq","22.64","1.72","5.819403771","2.02","37","70","25","1.87","61.137240777266","26.49","4.9911244353438","7.3","0.58","11.18","2.1995969132932","819627855.61","Sabzi"
"NMNX-53013","0-30","Yengil qum","18.07","1.69","5.562201934","0.89","27","63","19","1.48","31.695640535289","22.93","2.0170769908991","8.79","0.33","11.15","2.3778117949689","424948892.46","Sabzi"
"NMNX-53134","0-30","Yengil qum","17.29","1.37","5.630664753","0.62","22","60","24","3.64","34.614588130044","25.34","1.4255914310723","7.8","0.38","6.82","2.2085556717447","","Sabzi"
"NTXM-364","0-30","Yengil qum","28.58","1.71","6.112305667","","24","130","195","4.18","31.668526535057","25.04","3.879850707425","8.36","0.41","7.9","1.6301255151668","557964437.39","Sabzi"
"NMNX-356","0-30","Loy","22.01","1.73","6.092241627000001","","13","144","204","1.73","33.04080433973","26.85","2.0562917723575","","0.69","7.49","2.4342210536319","1088685712.25","Sabzi"
"NTXM-365","0-30","Qumoq","18.26","1.76","5.896343436","","22","123","205","3.38","36.574991763326","27.44","6.0203057182985","7","0.38","9.77","2.7228807644167","156358867.17","Sabzi"
"NMNT-357","0-30","Yengil qum","15.16","1.28","6.15526103","","36","125","196","1.55","27.594915288852","22.8","1.346135801361","7.77","0.58","10.38","2.0450484755857","857372003.21","Sabzi"
"NTTM-326","0-30","Yengil qum","13.69","1.42","5.732453638","","24","131","196","2.53","52.21204426178","25.09","6.1433581528667","8.12","0.84","11.95","1.5456142378324","150246972.5","Sabzi"
"NMNX-53014","0-30","Qumoq","13.84","1.56","6.253034534","0.68","2","123","198","2.14","56.022871388731","25.52","2.4661536291398","9.39","0.61","8.93","2.8614503199501","198453468.51","Sabzi"
"NMNX-53135","0-30","Loy","20.71","1.32","6.106190557000001","2.69","35","140","197","1.04","52.543113744383","27.96","2.0091215945543","9.8","0.42","8.19","2.0394296447164","1227111256.1","Sabzi"
"NTXM-365","0-30","Yengil qum","26.07","1.56","5.647202395","2.84","11","122","195","4.4","34.737706532012","21.4","2.82698499933","","0.32","9.42","2.6228087661024","482110766.53","Sabzi"
"NMNX-357","0-30","Yengil qum","22.75","1.6","6.130310493","","6","123","203","4.09","","19.84","3.7864296801666","8.89","0.63","6.74","2.6479125033424","","Sabzi"
"NTXM-366","0-30","Yengil qum","29.31","1.53","6.499604931","1.35","17","134","204","4.01","54.528637440411","15.42","2.0534325916196","7.64","0.85","10.8","2.5346945665252","456199278.71","Sabzi"
"NMNT-358","0-30","Loy","22.3","1.71","5.554831977","1.22","25","130","197","3.33","38.470673388334","23.34","2.6480315387734","10.29","0.24","9.64","2.6588629138319","1591219617.54","Sabzi"
"NTTM-327","0-30","Yengil qum","22.21","1.55","5.800242694","2.12","27","145","205","2.39","48.228307992384","22.73","5.3253851125298","9.53","0.63","6.91","2.3187186292937","","Sabzi"
"NMNX-53015","0-30","Loy","28.76","1.45","5.570290539","1.38","9","122","201","2.74","25.452719675008","28.3","2.9389625953816","9.56","0.17","9.89","1.7899468730176","1120569605.97","Sabzi"
"NMNX-53136","0-30","Gill","15.77","1.54","6.27564088","2.48","16","139","203","4.05","29.064112966007","28.55","6","8.72","0.53","8.42","2.8364065447519","758597745.69","Sabzi"
"NTXM-366","0-30","Loy","18.43","1.34","5.536645599","2.96","32","141","204","4.92","22.238797430788","28.56","3.2971724466217","10.41","0.33","9.82","2.8500935930306","2280087059","Sabzi"
"NMNX-358","0-30","Loy","25.45","1.31","6.208196881","0.98","22","138","195","3.7","49.586688671112","22.73","1.2","8.49","0.26","8.34","2.1168098377445","889135720.84","Sabzi"
"NTXM-367","0-30","Yengil qum","20.01","1.31","5.870600622","","31","144","202","4.14","36.061951645274","27.86","3.4036595982027","10","0.23","9.89","2.4124401237398","313266375.67","Sabzi"
"NMNT-359","0-30","Yengil qum","29.99","1.65","6.334771461","","3","136","205","3.06","52.342186754878","27.53","4.9056746593583","9.7","0.26","8.24","1.6511022188875","","Sabzi"
"NTTM-328","0-30","Qumoq","27.83","1.36","5.856575335","2.26","28","122","197","1.75","34.229831882979","27.52","4.0755583236903","9.81","0.27","10.15","2.5271192534246","976294129.45","Sabzi"
"NMNX-53016","0-30","Loy","19.24","1.56","5.898944282","","4","136","204","3.46","36.450881375756","29.81","5.2240228622758","","0.32","8.1","3.6043716749138","184024120.42","Sabzi"
"NMNX-53137","0-30","Yengil qum","14.6","1.45","5.775600435","","39","145","201","4.1","44.066911726496","20.66","1.2","10.47","0.31","11.03","2.974704318119","","Sabzi"
"NTXM-367","0-30","Gill","12.23","1.5","5.931101816","","38","132","197","1.95","39.966164761246","27.62","1.5390437174633","","0.37","","3.1484753597344","1418213323.9","Sabzi"
"NMNX-359","0-30","Yengil qum","24.8","1.55","6.2286454","1.48","36","133","198","2.91","37.159988740968","29.76","4.9518370526444","9.18","0.43","8.29","2.0538755623262","2286256137.26","Sabzi"
"NTXM-368","0-30","Qumoq","27.01","1.33","6.417500829","4.3","5","126","197","1.67","36.319938988319","27.68","5.3332578488129","7.76","0.41","6.96","3.3401646346677","1489854156.88","Sabzi"
"NMNT-360","0-30","Yengil qum","23.57","1.48","6.234904253","1.24","30","120","200","3.81","53.827067030881","29.37","1","8.78","0.46","10.57","2.4186347991691","459796528.2","Sabzi"
"NTTM-329","0-30","Yengil qum","28.76","1.67","6.000573725","1.04","23","142","197","1.04","34.183026867697","26.17","5.2866493490388","10.41","0.44","12.7","2.5884537042447","329762194.15","Sabzi"
"NMNX-53017","0-30","Gill","16.72","1.56","5.6851027689999984","","26","135","203","1.24","33.185066535267","26.11","3.6588331261793","","0.93","10.29","3.2365099938447","2247269360.66","Sabzi"
"NMNX-53138","0-30","Qumoq","15.54","1.72","5.662140095","2.9","7","126","203","2.03","59.990405471489","27.23","4.2853871333197","10.22","0.35","7.88","1.724394618541","1108471335.19","Sabzi"
"NTXM-368","0-30","Gill","16.05","1.31","6.358186848","1.38","32","139","198","3.2","47.420018631259","20.02","3.3673399751348","8.14","0.48","11.66","1.2","2713820614.9","Sabzi"
"TSPD-2217","0-30","Yengil qum","24.84","1.54","6.119495295","","9","141","202","1.66","41.502122608267","26.9","1.3093939980258","8.43","0.28","","1.8771865408192","2042454650.54","Sabzi"
"Karta-328","0-30","Yengil qum","12.83","1.48","6.207600782999999","4.96","20","142","196","1.93","22.825493230384","25.51","2.9988773320135","6.46","0.35","10.5","2.4007468678751","1177958545.61","Sabzi"
"NTTM-330","0-30","Yengil qum","16.39","1.47","6.48754639","1.56","32","129","201","1.96","46.812845674623","18.45","1.2","7.63","0.50","7.8","2.9877717963884","522873915.85","Sabzi"
"NMNX-53259","0-30","Gill","12.85","1.66","5.81717753","2.85","3","134","199","3.22","40.955336314468","26.74","1","8.5","0.26","9.6","2.4217908169555","2055901166.34","Sabzi"
"NMNX-53380","0-30","Gill","26.87","1.55","6.325480034","2.31","38","138","204","1.13","60","23.53","4.4047601714603","8.73","0.34","9.85","2.6344775064797","","Sabzi"
"NTXM-369","0-30","Loy","26.04","1.64","5.562790949","2.12","14","131","198","3.28","37.117635922411","23.66","4.7788600421181","7.86","0.43","7.18","2.4610557736739","497270623.46","Sabzi"
"TSPD-2218","0-30","Yengil qum","25.92","1.49","6.487369687","3.49","20","122","204","3.03","41.644556877024","26.6","1.2","9.78","0.38","11.63","1.8289928538471","1594535875.03","Sabzi"
"Karta-329","0-30","Gill","15.28","1.44","6.116982944","5.27","40","126","201","2.15","23.724022132359","19.55","4.600651263624","7.39","0.37","8.73","4","2031868434.95","Sabzi"
"NTTM-331","0-30","Loy","28.93","1.62","5.695792761","3.73","36","128","204","1.11","30.105730537016","23.56","1.319945359938","","0.52","10.69","1.379636175914","1026966357.86","Sabzi"
"NMNX-53501","0-30","Loy","15.14","1.62","5.7343170070000005","0.81","11","132","197","3.12","56.985410606454","24.59","5.2898265175853","9.59","0.26","","2.5459787102815","58833964.16","Sabzi"
"NMNX-53622","0-30","Yengil qum","22","1.65","6.329499832000001","2.75","0","137","195","3.38","29.194953366003","21.89","3.1357973365191","10.02","0.45","8.68","3.1529203063498","2251709182.56","Sabzi"
"NTXM-370","0-30","Gill","21.44","1.48","6.167013532","","19","123","200","2.43","48.244784778392","28.48","5.5625567963127","8.88","0.30","11.04","1.5377874884076","264852875.89","Sabzi"
"TSPD-2219","0-30","Qumoq","27.01","1.59","5.653776057999999","0.94","31","136","197","1.36","61.285127396544","24.5","1.8021007774674","7.69","0.44","6.76","2.7762886110997","1015709738.34","Sabzi"
"Karta-330","0-30","Loy","18.55","1.4","5.840256272","","4","134","200","1.59","54","26.83","2.1676992863457","9.03","0.61","7.92","1.0661583467982","2586720807.16","Sabzi"
"NTTM-332","0-30","Yengil qum","18.82","1.44","5.5399808120000005","","39","139","201","0.79","42.722583282723","22.43","3.5735241584941","6.96","0.27","8.96","1.3261484674417","584401933.55","Sabzi"
"NMNX-53743","0-30","Gill","26.81","1.31","5.833302165","","8","127","196","3.54","35.200441065381","29.46","3.8140343071634","9.19","0.35","11.83","2.194009626665","165003458.27","Sabzi"
"NMNX-53864","0-30","Yengil qum","15.27","1.7","6.399433771","","39","138","203","0.98","43.679078432317","26.45","6","8.51","0.21","9.46","2.3858698035143","2170413955.1","Sabzi"
"NTXM-371","0-30","Loy","14.56","1.4","6.138958698","","32","120","204","4.56","42.806264140492","20.31","3.6545251965843","8.99","0.21","8","2.2544528205828","474316482.84","Sabzi"
"TSPD-2220","0-30","Yengil qum","27.84","1.58","5.972850837999999","","12","142","203","3.71","30.030878092419","28.3","3.1325611352393","9.43","0.19","7.67","2.2291833110688","666224113.65","Sabzi"
"Karta-331","0-30","Gill","16.82","1.64","6.456079585","3.5","8","133","195","2.36","34.639350521724","24.05","4.0232613853087","8.01","0.25","8.04","2.9515255139436","225180899.37","Sabzi"
"NTTM-333","0-30","Yengil qum","14.32","1.35","6.3364266670000005","","8","139","199","2.9","37.072930933312","26.42","6.9050373384421","","0.29","6.21","1.8702339913496","1028640456.54","Sabzi"
"NMNX-53985","0-30","Loy","25.49","1.4","6.425419926","0.74","21","134","202","3.39","25.840888900494","27.65","3.197845906575","10.49","0.16","12.59","2.7891914387948","1496624215.68","Sabzi"
"NMNX-54106","0-30","Loy","16.71","1.58","6.2943956760000015","3.67","40","140","195","3.32","56.587056689656","19.45","2.3301543657179","","0.19","10.83","2.7103330700511","2338128894.39","Sabzi"
"NTXM-372","0-30","Yengil qum","23.51","1.48","6.477768039","","39","127","202","4.19","54.40801301002","24.06","3.9746120586207","10.44","0.25","8.99","1.7650405776341","1198897263.12","Sabzi"
"TSPD-2221","0-30","Qumoq","15.01","1.33","5.931538447","2.23","19","120","195","3.72","35.430996014353","23.68","4.4334014620907","9.02","0.25","8.65","1","526105671.96","Sabzi"
"Karta-332","0-30","Yengil qum","14.14","1.34","5.980598579","","21","139","201","1.64","51.75911796304","26.07","3.0283125037898","9.36","0.13","7.45","3.3139781407835","1430989750.78","Sabzi"
"NTTM-334","0-30","Yengil qum","28.23","1.7","6.389783283","","17","136","195","3.99","59.691517210028","24.88","1.2","8.11","0.21","11.44","2.1673927999451","54522203.2","Sabzi"
"NMNX-1448","0-30","Loy","28.42","1.74","5.693287415","1.67","33","139","203","3.09","41.393623586113","25.31","1.2","8.54","0.21","8.19","3.3215928832604","1844012767.42","Sabzi"
"NMNX-353","0-30","Yengil qum","28.22","1.44","6.00299607","","22","133","201","2.01","42.000666119556","24.75","2.3656241745932","8.25","0.24","8.69","2.6495794311077","995039073.4","Sabzi"
"NTXM-362","0-30","Yengil qum","17.18","1.48","6.372959542","2.28","32","130","196","0.8","49.339595232339","21.88","6","","0.48","12.06","1.9055550164133","1451914324.52","Sabzi"
"NMNX-354","0-30","Qumoq","26.34","1.72","5.510924848999999","1.03","37","135","205","1.88","39.364737878216","21.12","3.7286314639808","8.72","0.26","9.54","2.6700079332913","843619241.87","Sabzi"
"NTXM-363","0-30","Gill","15.33","1.41","5.69945282","4.89","15","140","195","1.99","36.580444798459","27.95","1.5304724509477","9.97","0.44","9.74","2.2148787662628","883050190.9","Sabzi"
"NMNT-355","0-30","Yengil qum","16.28","1.5","5.778594403","3.42","39","132","196","0.95","70","28.78","1.657739843259","8.44","0.52","12.68","2.1163107565153","137553795.23","Sabzi"
"NTTM-324","0-30","Gill","14.21","1.74","6.315586313","1.6","40","121","199","3.17","44.06485675753","24.73","3.2205932747426","8.87","0.31","7.69","1.5815690385191","1478044052.3","Sabzi"
"NMNX-53253","0-30","Gill","25.4","1.43","5.9718130060000005","0.97","40","132","202","4.51","25.140373721193","28.04","1.6696336780804","7.56","0.26","9.04","2.5436201477902","","Sabzi"
"NMNX-53374","0-30","Yengil qum","11.1","1.75","5.891195653","4.98","29","142","203","3.1","47.959452678431","29.13","2.3450511717328","","0.21","7.96","2.7397974629274","2845290101.24","Sabzi"
"NTXM-363","0-30","Yengil qum","11.85","1.56","6.129812716","1.22","32","121","199","3.87","35.897584804921","22.06","7","9.19","0.25","8.77","1.8632742311944","282389470.84","Sabzi"
"NMNX-355","0-30","Qumoq","13.96","1.51","6.313085601","3.06","6","140","205","3.01","32.134873892625","24.05","3.5627887893526","9.82","0.22","7.94","2.7193657471903","2071785542.16","Sabzi"
"NTXM-364","0-30","Qumoq","21.53","1.65","6.053662544","0.86","8","120","196","3.3","42.93518131489","25.67","1.2","9.83","0.28","8.26","2.5507602378446","1421297930.73","Sabzi"
"NMNT-356","0-30","Qumoq","26.68","1.79","5.804799142","2.56","34","133","202","2.01","36.565850014557","21.07","3.859050946871","7.7","0.24","7.68","2.495721335169","581599732.37","Sabzi"
"NTTM-325","0-30","Yengil qum","23.02","1.62","6.400719746","2.49","35","135","199","3.28","50.000829632059","21.14","3.7095046085992","9.83","0.19","10.46","2.7799226096311","675986341.56","Sabzi"
"NMNX-53254","0-30","Yengil qum","16.45","1.34","5.953966361","1.58","16","145","199","1.77","42.20469037656","25.55","2.2176589610784","9.55","0.43","","1.217859258525","2668513359.19","Sabzi"
"NMNX-53375","0-30","Yengil qum","24.2","1.36","5.6092559920000005","2.43","8","136","201","4.2","30.846414343127","29.19","1","","0.28","10.9","3.5","295996899.46","Sabzi"
"NTXM-364","0-30","Yengil qum","14.95","1.44","5.777271492000001","1.57","25","129","195","3.67","66.624579758127","26.9","4.3455874518123","8.82","0.35","9.59","2.1004899472559","","Sabzi"
"NMNX-356","0-30","Gill","13.32","1.32","5.682395429","2.02","16","130","201","2.74","28.905436862037","20.15","1.2","9.83","0.20","7.18","3.4322442238348","","Sabzi"
"NTXM-365","0-30","Yengil qum","27.07","1.68","5.863996687","2.94","39","129","203","2.19","60.945150724629","22.95","1.3828885173284","8.84","0.38","10.86","2.4552543625156","1210069849.52","Sabzi"
"NMNT-357","0-30","Loy","23.1","1.68","6.444373116","2.02","38","135","203","1.91","371.04","49.01","","8.52","0.33","11.62","4","1676095592.64","Sabzi"
"NTTM-326","0-30","Loy","34.47","1.52","5.550832177999999","5.16","33","120","205","3.07","","65.74","","8.99","0.72","11.73","1.7834623379129","422167776","Sabzi"
"NMNX-53255","0-30","Yengil qum","","1.77","6.107741787999999","3.39","35","125","204","2.05","","58.65","","6.86","0.39","12.39","1.9968630420431","1394166849.3","Sabzi"
"NMNT-499","20-40 sm","Qum","","1.3","5.620745638","1.08","1","132","200","1.38","","65.75","","7.91","0.35","9.84","2.3084297119386","613391170.12","Sabzi"
"NTTM-468","20-40 sm","Qumoq","","1.47","6.349875906","4.2","39","140","203","4.06","","53.55","","8.66","0.45","14.16","2.2448154058451","1199163708.14","Sabzi"
"NMNX-87619","20-40 sm","Loy","","1.37","6.484323189","4.45","28","145","202","3.38","466.52","370.52","2.7027685750357","","0.32","8.96","2.1594630835358","652582127.65","Sabzi"
"NMNX-87740","20-40 sm","Loy","38.68","1.48","5.838748311","2.81","6","128","200","3.21","466.98","317.56","1.2","7.81","0.31","13.38","3.1056942779114","2494744633.01","Sabzi"
"NTXM-507","20-40 sm","Qum","38.26","1.71","6.29099842","1.36","6","139","199","1.75","394.87","344.53","2.5161658574213","7.26","0.32","12.87","2.6178612425427","1874610949.98","Sabzi"
"NMNX-545","40-60 sm","Qumoq","32.65","1.59","5.638328481","1.82","29","122","196","1.75","404.26","371.71","3.3515975814451","7.28","0.31","13.3","1.9526437158321","","Sabzi"
"NTXM-554","40-60 sm","Loy","39.94","1.42","6.415555956","3.9","37","144","197","2.94","424.15","342.93","6","9.97","0.69","12.73","2.9810678582807","1050177708.8","Sabzi"
"NMNT-546","40-60 sm","Loy","36.79","1.4","6.323722572","2.35","38","120","197","2.11","388.62","350.81","5.0226340120143","8.83","0.78","11.93","2.9658643892067","608518000.35","Sabzi"
"NTTM-515","40-60 sm","Qum","44.12","1.48","5.757009965","3.98","38","141","198","3.11","443.17","392.09","3.985624151218","9.8","0.39","11.71","4","2598427171.3","Sabzi"
"NMNX-98029","40-60 sm","Qum","39.51","1.33","6.1586894060000015","3.16","14","121","203","3.32","467.56","344.37","3.3070148152162","8.52","0.16","11.71","3.5","","Sabzi"
"NMNX-98150","40-60 sm","Qumoq","36.61","1.55","5.7335398070000005","3.87","6","125","204","2.11","357.97","366.51","2.2114581189322","10.47","0.53","","2.3474864132532","604270647.48","Sabzi"
"NTXM-554","40-60 sm","Qumoq","44.12","1.58","5.908724337000001","3.01","32","138","197","2.11","","","3.7381283035552","10.71","0.44","12.19","1.2708463534745","157835124.98","Sabzi"
"TSPD-2403","40-60 sm","Qum","44.12","1.33","6.361141107000001","3.92","11","124","204","2.11","","","4.0402984070569","9.55","0.46","13.53","3.2149307683116","1060880042.93","Sabzi"
"Karta-514","40-60 sm","Qumoq","44.12","1.45","5.96537863","0.61","23","138","200","2.11","","","3.5987244083946","8.77","0.35","11.07","2.9274742837028","1487857220.06","Sabzi"
"NTTM-516","40-60 sm","Qumoq","44.12","1.63","6.476757723","4.77","40","143","201","","384.92","56.79","","8.59","0.26","9.06","1.6072702234842","","Sabzi"
"NMNX-98271","40-60 sm","Qumoq","37.13","1.39","6.224542938","3.54","6","142","202","3.22","112.85","57.21","0.91","7.36","0.52","11.47","1.6522429705803","435850495.21","Sabzi"
"NMNX-98392","40-60 sm","Qumoq","33.53","1.54","6.209928251","2.48","37","124","195","1.37","304.08","66.35","2.72","9.88","0.46","17.93","2.879283476379","99728475.36","Sabzi"
"Jizzax-bax-1188","0-20 sm","Gill","24.7","1.37","5.841138354","3.88","35","134","204","5.02","267.81","69.69","1.29","8.4","0.24","19.8","1.5977926864764","1026354873.67","Sabzi"
"Jizzax-bax-1189","0-20 sm","Qumoq","24.8","1.63","6.283818329","1.43","119","25","51","4.67","339.03","43.09","1","8.87","0.45","14.96","1.6805502993273","1709257865.14","Sabzi"
"Jizzax-bax-1190","0-20 sm","Qumoq","30.79","1.76","6.818261382999999","4.42","119","19","55","1.39","186.95","59.96","2.4","8.99","0.50","10.4","1.5","443826949.16","Sabzi"
"Jizzax-bax-1191","0-20 sm","Qum","20.78","1.61","6.37620108","2.07","105","30","50","4.79","158.89","48.79","1.94","7.13","0.48","19.37","1.7854620213727","1814839760.55","Sabzi"
"Jizzax-bax-1192","0-20 sm","Loy","27.86","1.41","6.581587932000001","2.03","114","8","50","2.39","118.97","58.98","0.9","8.91","0.55","19.03","2.1673943855807","2062163865.25","Sabzi"
"Jizzax-bax-1193","0-20 sm","Qum","17.67","1.53","6.932739726","0.76","93","22","52","3.67","234.47","66.46","1.61","9.02","0.59","7.82","2.5911499128181","","Sabzi"
"Jizzax-bax-1194","0-20 sm","Loy","38.01","1.36","6.140099215","1.99","80","26","55","0.86","141.67","51.29","3.88","8.91","0.26","11.56","2.2512107900541","1183587501.17","Sabzi"
"Jizzax-bax-1195","0-20 sm","Qumoq","18.9","1.72","6.467095849","4.33","85","27","45","5.67","396.18","69.82","0.85","10.81","0.32","10.16","2.8660588033993","","Sabzi"
"Jizzax-bax-1196","0-20 sm","Loy","32","1.3","6.849471704","2.86","85","22","53","4.35","229.16","58.67","1.31","8.48","0.31","9.35","2.4877796643803","1471547109.47","Sabzi"
"Jizzax-bax-1197","0-20 sm","Gill","19.38","1.62","6.512196212","1.8","82","22","45","2.15","298.15","","3.55","8.08","0.48","17.46","2.6315456108244","2548039347.58","Sabzi"
"Navoi-pax-4784","0-20 sm","Qum","31.22","1.43","6.039584629","1.38","118","13","54","4.9","109.12","59.68","1.85","9.73","0.30","9.14","2.7760485360441","2966707291.06","Sabzi"
"Navoi-pax-4785","0-20 sm","Gill","29.2","1.47","6.057697106","4.86","83","25","53","1.23","329.26","41.92","2.01","8.4","0.48","","1.8701386350937","","Sabzi"
"Navoi-pax-4786","0-20 sm","Qumoq","32.6","1.74","6.423898762","1.28","86","15","47","5.27","159.94","62.17","3.51","6.71","0.42","18.88","2.5796845322481","1757576773.16","Sabzi"
"Navoi-pax-4787","0-20 sm","Qumoq","27.43","1.68","6.936997681","0.56","101","10","47","2.36","351.35","61.48","3.83","7.5","0.61","12.17","2.6247637792632","351895107.24","Sabzi"
"Navoi-pax-4788","0-20 sm","Qum","28.81","1.55","6.251286661","2.53","119","9","50","1.09","173.83","","0.97","8.43","0.36","15.68","2.3988250225093","291204263.9","Sabzi"
"Navoi-pax-4789","0-20 sm","Loy","21.79","1.36","6.190015912000001","1.91","104","17","46","1.27","307.71","54.64","2.76","9.13","0.21","9.14","2.1784989648841","","Sabzi"
"Navoi-pax-4790","0-20 sm","Qum","37.95","1.5","6.681606702000001","5.13","95","12","51","3.4","181.94","67.55","1.33","8.81","0.34","","2.1936211137021","1413701864.16","Sabzi"
"Navoi-pax-4791","0-20 sm","Loy","15.3","1.43","6.51075991","5.29","102","14","52","2.4","303.47","61.24","3.78","8.47","0.31","19.21","1.3665371206889","2503789070.13","Sabzi"
"Navoi-pax-4792","0-20 sm","Gill","34.91","1.66","6.419052193","1.48","105","14","50","3.69","154.41","70.58","1.17","9.54","0.36","18.92","2.1667890058502","1925498517.76","Sabzi"
"Navoi-pax-4793","0-20 sm","Qumoq","32.58","1.68","6.237861736","4.54","97","8","52","3.66","","63.69","0.9","8.49","0.44","14.91","1.9891470978358","2120345008.73","Sabzi"
"Navoi-pax-4794","0-20 sm","Qumoq","17.11","1.36","6.762471628999998","3.34","120","19","49","4.81","117.34","53.64","1.42","10.96","0.54","5.97","2.9338308604506","546010561.36","Sabzi"
"Navoi-pax-4795","0-20 sm","Qum","32.01","1.56","6.612847999","4.18","95","16","55","3.65","236.65","62.34","3.19","10.26","0.29","19.57","2.2401488688866","2264405246.1","Sabzi"
"Navoi-pax-4796","0-20 sm","Loy","27.17","1.37","6.704688865","2.7","83","29","52","3.58","151.27","44.86","3.52","9.87","0.35","16.38","1.9342839049437","459112551.96","Sabzi"
"Navoi-pax-4797","0-20 sm","Qum","29.69","1.31","6.049609892","1.9","83","9","45","","176.86","46.85","0.78","9.63","0.42","12.68","1.9021600713634","1434273336.62","Sabzi"
"Navoi-pax-4798","0-20 sm","Loy","28.05","1.65","6.762030215","2.21","91","21","50","3.35","227.31","69.94","3.56","6.83","0.12","10.69","2.9453939250605","1671684223.49","Sabzi"
"Navoi-pax-4799","0-20 sm","Qumoq","35.47","1.55","6.65398725","0.87","116","5","54","3.22","189.63","50.53","2.12","7.12","0.19","18.47","2.2639946232062","722304028.01","Sabzi"
"Navoi-pax-4800","0-20 sm","Loy","18.55","1.44","6.738030547","3.83","112","28","54","2.25","399.65","51.75","2.25","7.46","0.19","5.23","2.4641018526202","801292755.71","Sabzi"
"Navoi-pax-4801","0-20 sm","Gill","26.66","1.28","6.095689937","2.79","88","29","51","3.69","286.98","55.12","2.85","6.75","0.24","19.91","1.2062318537874","1048079433.3","Sabzi"
"Navoi-pax-4802","0-20 sm","Qum","28.24","1.43","6.538006356","4.24","118","15","45","","336.41","49.58","1.39","8.91","0.19","18.93","3.3890585692709","1613947021.48","Sabzi"
"Navoi-pax-4803","0-20 sm","Gill","35.95","1.28","6.377427122","4.54","92","21","48","3.62","126.48","64.12","3.18","8.14","0.28","13.69","2.3342680618353","245283202.03","Sabzi"
"Navoi-pax-4804","0-20 sm","Qumoq","37.23","1.6","6.417011754","0.94","106","14","45","4.48","311.2","37.18","1.95","7.11","0.16","11","1.6244551317614","832211394.29","Sabzi"
"Navoi-pax-4805","0-20 sm","Qumoq","28.79","1.36","6.649086972","1.94","99","5","47","3.53","248.63","69.78","","10.05","0.16","5.09","1.9341143024825","1661550188.06","Sabzi"
"Navoi-pax-4806","0-20 sm","Qum","24.6","1.45","6.25933595","4.3","98","8","51","2.06","397.44","55.28","0.9","9.22","0.20","19.32","2.7447593448478","2794736998.28","Sabzi"
"Navoi-pax-4807","0-20 sm","Loy","32.87","1.44","6.121168559","3.26","108","22","46","3.66","142.17","36.71","0.7","9.81","0.17","5.92","2.6044302967719","86393337.74","Sabzi"
"Navoi-pax-4808","0-20 sm","Qum","33.44","1.7","6.031424482","4.68","119","7","55","4.14","189.82","55.19","1.38","9.58","0.25","18.31","2.5268709444933","","Sabzi"
"Navoi-pax-4809","0-20 sm","Loy","35.12","1.51","6.835268183999999","2.48","117","27","48","2.77","141.95","58.9","3.81","8.19","0.49","15.69","2.6093006410759","2466734056.55","Sabzi"
"Navoi-pax-4810","0-20 sm","Gill","28.4","1.59","6.5517503060000015","1.15","109","10","53","2.8","360.95","37.44","2.95","10.4","0.21","8.43","2.0411905954103","117407263","Sabzi"
"Navoi-pax-4811","0-20 sm","Gill","24.61","1.61","6.940236218","0.92","80","16","46","2.7","296.86","55.46","3.45","8.63","0.49","9.44","2.8920111931559","","Sabzi"
"Navoi-pax-4812","0-20 sm","Qumoq","16.7","1.47","6.87606733","1.44","100","18","52","5.63","299.89","60.51","2.1","9.42","0.21","","2.5598617006608","","Sabzi"
"Navoi-pax-4813","0-20 sm","Qumoq","15.07","1.4","6.457216535","0.76","91","7","53","1.11","380.11","65.64","3.92","10.02","0.35","18.03","1.7634651655792","810740883.86","Sabzi"
"Navoi-pax-4814","0-20 sm","Qum","38.21","1.41","6.921847887999999","1.1","86","6","53","1.59","138.96","53.28","1.84","10.7","0.29","10.09","2.3766332548007","","Sabzi"
"Navoi-pax-4815","0-20 sm","Loy","31.24","1.51","6.8814257460000015","2.19","107","5","52","2.61","143.72","62.25","3.03","8.95","0.12","18.63","2.5161433749834","1744864499.09","Sabzi"
"Navoi-pax-4816","0-20 sm","Qum","24.96","1.57","6.915717008","0.92","103","16","49","0.86","386.12","66.19","3.67","10.55","0.16","8.14","2.7386055724894","","Sabzi"
"Navoi-pax-4817","0-20 sm","Loy","33.24","1.39","6.206247493999999","0.78","101","20","48","4.38","127.81","34.21","0.66","10.38","0.31","10.36","2.3969426671162","319935888.29","Sabzi"
"Navoi-pax-4818","0-20 sm","Qumoq","19.71","1.41","6.29542477","1.84","85","25","47","1.94","154.3","56.48","1.14","10.83","0.49","15.6","1.5503281489864","1307583687.91","Sabzi"
"Navoi-pax-4819","0-20 sm","Loy","17.74","1.51","6.399669044","2.18","84","7","51","1.72","354.52","46.71","3.52","8.62","0.28","19.15","2.463266116455","76227828.14","Sabzi"
"Navoi-pax-4820","0-20 sm","Gill","27.07","1.46","6.862157042000001","3.85","102","28","54","2.01","392.44","59.37","2.35","8.35","0.35","8.5","1.6647586133198","75560984.79","Sabzi"
"Navoi-pax-4821","0-20 sm","Qum","15.67","1.34","6.224066378","2.49","98","25","52","4.25","140.35","53.82","2.47","6.61","0.96","14.14","2.787945839913","101236203.63","Sabzi"
"Navoi-pax-4822","0-20 sm","Gill","31.28","1.45","6.093814669","3.58","97","25","50","0.93","355.09","62.03","1.67","9.74","0.74","18.53","2.3239292917828","","Sabzi"
"Navoi-pax-4823","0-20 sm","Qumoq","18.99","1.45","6.291540277999999","3.52","90","16","45","1.5","337.43","64.07","0.95","8.89","0.65","12.76","3.0711135239042","365400156.3","Sabzi"
"Navoi-pax-4824","0-20 sm","Qumoq","31.21","1.6","6.32281728","3.04","95","12","46","3.7","265.62","47.9","3.54","7.63","0.84","7.13","2.2321816047876","70076540.27","Sabzi"
"Navoi-pax-4825","0-20 sm","Qum","16.19","1.74","6.873283991","2.82","82","23","49","5.24","132.99","58.37","1.55","12.4","0.36","11.89","2.7464658576665","1146228594.05","Sabzi"
"Navoi-pax-4826","0-20 sm","Loy","36.32","1.43","6.074209622000001","3.07","82","25","51","4.15","223.61","66.11","2.85","7.84","0.12","19.65","2.6455665927211","813562713.54","Sabzi"
"Navoi-pax-4827","0-20 sm","Qum","19.32","1.62","6.49889585","3.59","110","28","46","4.79","238.85","55.8","2.45","7.88","0.16","14.76","3.4732485080584","","Sabzi"
"Navoi-pax-4828","0-20 sm","Loy","23.53","1.59","6.678805092","4.51","118","21","51","5.53","305.24","67","0.59","13.44","0.51","18.76","2.2695623266262","1080975367.27","Sabzi"
"Navoi-pax-4829","0-20 sm","Gill","16.04","1.28","6.114128685","1.72","120","20","45","2.52","393.86","","3.4","11.93","0.31","5.36","1.7338324122075","","Sabzi"
"Navoi-pax-4830","0-20 sm","Qumoq","38.52","1.37","6.405054243","5.02","91","7","52","3.81","207.97","45.24","3.02","14.97","0.45","16.21","2.551873767479","311678713.05","Sabzi"
"Navoi-pax-4831","0-20 sm","Qumoq","26.23","1.39","6.110142735","2.88","81","6","55","4.03","146.98","","2.86","5.5","0.37","16.19","1.2","475526667.66","Sabzi"
"Navoi-pax-4832","0-20 sm","Qum","19.85","1.68","6.828982708","0.71","101","13","54","5.66","205.97","71.12","1.54","9.07","0.31","","2.590870083889","812441958.56","Sabzi"
"Navoi-pax-4833","0-20 sm","Loy","34.21","1.64","6.451499763999999","2.85","101","17","55","1.28","185","58.24","3.91","6.03","0.54","15.5","1.2559391120598","840665470.36","Sabzi"
"Navoi-pax-4834","0-20 sm","Qum","31.77","1.5","6.313512998999999","5.24","111","6","53","4.34","398.02","53.18","1.67","13.01","0.26","5.37","2.3701596221662","2599903856.41","Sabzi"
"Navoi-pax-4835","0-20 sm","Loy","39.53","1.49","6.755192025","2.62","107","10","49","2.15","259.19","","2.72","7.57","0.40","7.84","3.3170528882343","93325165.08","Sabzi"
"Navoi-pax-4836","0-20 sm","Qumoq","25.28","1.43","6.623167177000001","1.28","115","11","46","2.07","381.7","54.86","3.22","6.22","0.66","19.36","3.0641285591211","95235409.42","Sabzi"
"Navoi-pax-4837","0-20 sm","Loy","31.45","1.38","6.12532356","1.56","84","25","52","4.64","203.28","64.06","0.74","12.88","0.37","18.95","2.9","584643643.09","Sabzi"
"Navoi-pax-4838","0-20 sm","Gill","33.39","1.49","6.653867608","4.4","120","7","47","1.08","141.73","59.56","3.88","10.43","0.60","17.93","1.9312268491436","2436627149.03","Sabzi"
"Navoi-pax-4839","0-20 sm","Qum","25.81","1.49","6.343942518","3.37","91","12","46","3.15","245.68","32.35","1.92","11.35","0.68","17.52","1.3834786558473","2030332721.34","Sabzi"
"Navoi-pax-4840","0-20 sm","Gill","22.95","1.49","6.217300786","4.48","89","22","52","1.42","298.23","58.61","3.41","10.66","0.42","6.29","2.2317944441792","615934700.69","Sabzi"
"Navoi-pax-4841","0-20 sm","Qumoq","17.9","1.49","6.286387658","1.97","113","19","46","1.34","337.31","55.9","0.84","4.4","0.45","5.08","2.5614423381707","124878538.74","Sabzi"
"Navoi-pax-4842","0-20 sm","Qumoq","17.57","1.26","6.769893799999998","4.51","97","22","50","","261.1","52.05","2.32","7.6","0.77","8.65","2.1280847200704","175175919.29","Sabzi"
"Navoi-pax-4843","0-20 sm","Qum","33.64","1.59","6.744966312000001","1.52","117","30","50","2.08","247.6","60.39","3.55","14.06","0.23","18.43","2.546001401785","2091106893.41","Sabzi"
"Navoi-pax-4844","0-20 sm","Loy","27.33","1.55","6.391858432","2.6","90","14","52","5.68","252.09","67.91","0.92","","0.47","6.47","1.9353016018638","1690108587.19","Sabzi"
"Navoi-pax-4845","0-20 sm","Qum","35.98","1.48","6.770434148","4.68","104","23","47","3.98","212.9","64.64","3.74","14.36","0.18","10.88","2.3128228914191","","Sabzi"
"Navoi-pax-4846","0-20 sm","Loy","17.18","1.53","6.727468157000001","4.47","81","16","45","2.78","364.7","64.7","2.29","11.06","0.36","12.6","2.0645373865634","1845656073.29","Sabzi"
"Navoi-pax-4847","0-20 sm","Gill","19.81","1.56","6.662244646","1.35","88","5","47","2.05","159.58","77.18","2.42","12.31","0.26","12.42","1.5315654841193","54391708.72","Sabzi"
"Navoi-pax-4848","0-20 sm","Qumoq","19.21","1.29","6.944640222","1.34","92","7","45","3.44","303.33","","0.76","4.22","0.20","9.03","2.9","1220632981.84","Sabzi"
"Navoi-pax-4849","0-20 sm","Qumoq","19.98","1.47","6.507110986","1.08","81","18","50","0.91","141.34","47.52","1.56","7.25","0.43","10.74","1.5320436553454","","Sabzi"
"Navoi-pax-4850","0-20 sm","Qum","38.11","1.48","6.520663422","1.37","111","5","55","2.75","361.67","53.77","3.96","14.87","0.93","14.7","3.5","978340054.38","Sabzi"
"Jomboy_2729","0-20 sm","Loy","28.85","1.2","6.106500787000001","5.19","108","23","51","3.76","301.32","62.72","3.36","14.47","0.55","10.83","2.3681839267295","","Sabzi"
"Samar_tt-1476","0-20 sm","Qum","33.5","1.63","6.277484042999999","1.16","113","30","50","3.17","120.1","","1.71","5.22","0.31","17.02","2.1789919839715","1708435630.25","Sabzi"
"Jizzax_bug_768","0-20 sm","Loy","29.71","1.65","6.195142279","3.59","83","10","53","2.5","193.36","60.26","3.22","11.49","0.50","8.36","2.1884644759132","1108327589.02","Sabzi"
"NMNX-2049","0-20 sm","Qumoq","21.09","1.33","6.792035575","2.98","101","11","51","1.46","313.84","57.72","3.5","13.48","0.45","19.02","2.2769773480936","1818528695.62","Sabzi"
"Jomboy_2730","0-20 sm","Loy","33.18","1.52","6.472756256","3.27","114","21","55","3.8","347.79","52.74","0.94","6.38","0.41","17.92","2.44419852996","","Sabzi"
"Samar_tt-1477","0-20 sm","Gill","22.16","1.21","6.000975617000001","1.21","99","6","45","2.39","344.1","50.76","3.8","14.29","0.21","6.05","1.7105074608509","889411497.62","Sabzi"
"Jizzax_bug_769","0-20 sm","Qum","16.58","1.47","6.5877912620000005","2.32","92","20","55","3","127.09","40.8","3.05","12.44","0.23","16.53","2.1068589378131","967916815.84","Sabzi"
"NMNX-2050","0-20 sm","Gill","23.17","1.26","6.956508826","2.86","92","7","48","1.02","228.42","53.84","1.83","","0.41","9.84","2.0880604264826","1462940104.09","Sabzi"
"Jomboy_2731","0-20 sm","Qumoq","19.74","1.47","6.259086582999999","2","91","24","55","4.87","242.46","60.24","0.91","4.41","0.18","5.71","1.5","672142666.85","Sabzi"
"Samar_tt-1478","0-20 sm","Qumoq","17.98","1.62","6.747537642","3.17","110","21","54","1.71","386.27","50.31","3.71","14.25","0.42","19.52","3.3090428411614","572448373.11","Sabzi"
"Jizzax_bug_770","0-20 sm","Qum","32","1.24","6.932537231","2.57","112","25","51","4.07","146.59","52.1","1.35","9.39","0.17","14.77","1.6782444838401","1796576654.13","Sabzi"
"NMNX-2051","0-20 sm","Loy","20.07","1.29","6.353107392999999","1.89","89","25","54","5.52","238.78","63.68","1","4.33","0.50","13.53","1.9898262434952","162095540.18","Sabzi"
"Jomboy_2732","0-20 sm","Qum","34.14","1.45","6.211748957","0.8","100","10","53","2.66","145.92","70.96","2.08","8.34","0.42","5.53","1.9936070214621","889649325.16","Sabzi"
"Jizzax-bax-1198","0-20 sm","Loy","34.97","1.64","6.277245253999999","4.84","83","22","54","5.04","133.98","72.77","2.98","12.05","0.46","16.02","1.5172028215975","","Sabzi"
"Jizzax-bax-1199","0-20 sm","Gill","37.35","1.47","6.560443519","1.93","95","14","50","2.94","247.08","51.46","2.95","9.53","0.32","12.92","1.7801500162366","592509769.57","Sabzi"
"Jizzax-bax-1200","0-20 sm","Gill","35.52","1.5","6.903020221","3.4","119","30","49","1.61","359.23","70.54","3.48","14.29","0.48","14.09","2.6987236962402","2383406359.82","Sabzi"
"Jizzax-bax-1201","0-20 sm","Qumoq","27.75","1.48","6.765094963999998","4.75","97","12","47","4.95","231.27","30.61","2.82","8.63","0.44","","2.2408885003848","","Sabzi"
"Jizzax-bax-1202","0-20 sm","Qumoq","33.27","1.52","6.189213927000001","0.81","110","7","45","5.63","306.72","45.76","0.61","3.26","0.63","12.91","4","1316318415.94","Sabzi"
"Jizzax-bax-1203","0-20 sm","Qum","19.98","1.25","6.904241707000001","2.76","96","18","50","2.24","368.54","38.06","2.55","11.88","0.45","10.57","2.0016232250271","2217741070.45","Sabzi"
"Jizzax-bax-1204","0-20 sm","Loy","32.78","1.22","6.463271076","1.37","83","23","55","4.33","103.78","53.06","1.63","6.75","0.48","5.81","1.6628670060302","2099191938.7","Sabzi"
"Jizzax-bax-1205","0-20 sm","Qum","18.72","1.3","6.260838965","4.34","120","24","47","5.43","170.25","75.81","1.31","8.03","0.45","6.29","2.4039489135127","2484497481.45","Sabzi"
"Jizzax-bax-1206","0-20 sm","Loy","23.14","1.28","6.776533055","3.3","115","17","55","4.07","267.84","53.49","1.62","5.27","0.88","17.41","3.3340646744731","","Sabzi"
"Jizzax-bax-1207","0-20 sm","Qumoq","21.02","1.59","6.528404377999999","3.44","114","27","48","3.63","160.55","48.73","1.61","7.84","0.59","14.04","1.5","1233476178.14","Sabzi"
"Jizzax-bax-1208","0-20 sm","Loy","16.05","1.3","6.750145572","1.96","101","25","52","2.56","235.79","","3.57","13.68","0.42","14.54","1.7214418765432","1683225245.41","Sabzi"
"Jizzax-bax-1209","0-20 sm","Gill","39.21","1.6","6.562832807","4.06","118","18","52","4.72","155.94","54.61","1.8","8.77","0.57","7.51","2.1647450321236","75051117.67","Sabzi"
"Jizzax-bax-1210","0-20 sm","Qum","23.32","1.29","6.117530021","4.01","95","26","45","4.15","226.26","55.65","2.12","9.42","0.34","12.48","2.5559740944603","665883459.56","Sabzi"
"Jizzax-bax-1211","0-20 sm","Gill","37.14","1.49","6.076459669","1.54","81","25","49","2.38","246.77","34.9","1.15","5.64","0.42","15.82","2.2029562295561","811000447.61","Sabzi"
"Jizzax-bax-1212","0-20 sm","Qumoq","33.83","1.28","6.293486295","2.9","117","24","53","3.16","136.59","34.6","2.8","13.54","0.41","11.35","1.2990878246691","909377648.61","Sabzi"
"Jizzax-bax-1213","0-20 sm","Qumoq","24.11","1.22","6.069171847000001","4.73","114","30","51","3.51","301.24","49.22","1.45","5.07","0.33","12.17","2.4048343565979","2562837227.48","Sabzi"
"Jizzax-bax-1214","0-20 sm","Qum","28.62","1.45","6.740983646","4.64","113","6","52","","305.6","52.15","1.66","6.4","0.52","12.49","1.6755076001048","204140446.23","Sabzi"
"Jizzax-bax-1215","0-20 sm","Loy","16.88","1.33","6.201797639","1.47","108","26","52","2.26","243.93","45.42","0.61","3.98","0.37","15.61","1.4542213783492","601648705.56","Sabzi"
"Jizzax-bax-1216","0-20 sm","Qum","20.52","1.29","6.041027474","2.95","81","30","48","3.73","299.48","46.7","0.88","5.19","0.44","6.69","2.8256579163941","1475419188.28","Sabzi"
"Jizzax-bax-1217","0-20 sm","Loy","38.97","1.59","6.019372459","1.16","115","9","52","3.95","376.61","53.1","3.27","14.31","0.39","12.68","1.9876053615589","68621812.95","Sabzi"
"Jizzax-bax-1218","0-20 sm","Gill","35.32","1.57","6.704104127000001","1.46","83","7","45","0.87","185.47","54.18","1.34","7.4","0.36","18.25","2.6163950689338","1316323478.29","Sabzi"
"Jizzax-bax-1219","0-20 sm","Qumoq","32.4","1.29","6.494251024","2.95","84","21","55","2.06","292.24","67.19","0.72","3.37","0.34","19.09","1.9069600265542","80608434.59","Sabzi"
"Jizzax-bax-1220","0-20 sm","Qumoq","32.66","1.28","6.224535448999998","2.95","109","26","45","5.53","387.86","35.03","1.22","5.66","0.52","11.48","2.7673854685164","1475976321.8","Sabzi"
"Jizzax-bax-1221","0-20 sm","Qum","16.67","1.29","6.160414414","2.95","95","27","55","4.85","308.4","50.53","3.66","11.87","0.38","9.99","1.9037321454103","817980229.28","Sabzi"
"Jizzax-bax-1222","0-20 sm","Loy","34.57","1.59","6.168757984","2.95","119","5","55","2.84","146.22","59.82","3.1","13.85","0.39","9.87","2.2893791124191","530112371.5","Sabzi"
"Jizzax-bax-1223","0-20 sm","Qum","29.57","1.3","6.085444691","3.13","110","14","51","4.72","372.99","38.25","3.74","14.19","0.31","13.73","2.8131410921281","89644042.21","Sabzi"
"Jizzax-bax-1224","0-20 sm","Loy","18.56","1.61","6.1590508160000015","2.9","82","18","48","3.39","316.05","45.23","1.29","8.23","0.36","13.07","3.6843113058122","161491953.36","Sabzi"
"Navoi-pax-4851","0-20 sm","Qumoq","15.48","1.28","6.606033244","3.87","87","14","48","2.24","250.68","67.39","1.81","6.72","0.29","16.42","3.5","222440623.87","Sabzi"
"Navoi-pax-4852","0-20 sm","Loy","28.71","1.55","6.447662945","0.91","85","9","53","1.04","356.34","57.24","3.46","13.38","0.33","15.78","3.5","34382536.91","Sabzi"
"Navoi-pax-4853","0-20 sm","Gill","39.26","1.35","6.105909623","1.83","100","6","53","2.22","183.31","72.58","3.05","14.04","0.29","13.22","2.4511775187674","796036793.22","Sabzi"
"Navoi-pax-4854","0-20 sm","Qum","25.85","1.28","6.559763394","4.93","107","12","46","2.1","396.68","74.8","0.76","5.5","0.23","15.66","","25605894.81","Sabzi"
"Navoi-pax-4855","0-20 sm","Gill","36.39","1.48","6.14410903","1.42","91","13","47","1.93","266.62","65.28","1.45","6.77","0.24","16.9","","821578437.31","Sabzi"
"Navoi-pax-4856","0-20 sm","Qumoq","31.54","1.24","6.099662369","0.82","102","25","50","0.82","166.89","56.29","3.81","13.99","0.49","15.14","","65085246.4","Sabzi"
"Navoi-pax-4857","0-20 sm","Qumoq","30.09","1.22","6.413927319","0.96","117","25","53","2.48","119.84","60.25","1.37","","0.27","10.05","","888275848.53","Sabzi"
"Navoi-pax-4858","0-20 sm","Qum","39.15","1.47","6.0751441160000015","3.77","85","21","52","","354.69","","1.66","9.79","0.81","","","888128587.44","Sabzi"
"Navoi-pax-4859","0-20 sm","Loy","25.47","1.56","6.123802502","1.83","104","25","55","5.38","331.95","77.07","3.36","","0.50","17.01","2.3275212820577","582801172.94","Sabzi"
"Navoi-pax-4860","0-20 sm","Qum","34.07","1.24","6.698468621","2.84","102","24","54","3.1","244.65","36.99","3.13","14.16","0.47","19.54","1.4690946338365","627568549.79","Sabzi"
"Navoi-pax-4861","0-20 sm","Loy","38.47","1.53","6.088885814","1.82","116","25","50","3.86","331.7","34.22","2.15","11.54","0.74","12.7","1","35690455.05","Sabzi"
"Navoi-pax-4862","0-20 sm","Gill","21.49","1.27","6.367800632000001","4.51","100","17","48","3.39","107.23","41.19","2.91","11.51","0.46","13.64","3.4564495581755","","Sabzi"
"Navoi-pax-4863","0-20 sm","Qumoq","27.19","1.52","6.425930938","3.93","110","25","54","4.42","203.23","50.03","2.47","10.05","0.42","9.44","2.6021597228624","173612188.64","Sabzi"
"Navoi-pax-4864","0-20 sm","Qumoq","27.92","1.34","6.469983276000002","4.7","104","25","51","4.86","326.51","44.86","2.33","11.09","0.27","13.62","2.8485620929037","413140246.49","Sabzi"
"Navoi-pax-4865","0-20 sm","Qum","36.37","1.6","6.094016337999999","3.31","107","11","54","1.21","337.49","57.78","1.54","8.63","0.46","13.15","2.048125640215","85257337.73","Sabzi"
"Navoi-pax-4866","0-20 sm","Loy","39.51","1.34","6.150090898999999","3.89","98","26","52","1.02","160.38","46.42","1.37","6.34","0.95","6.87","1.5862616791695","653758137.33","Sabzi"
"Navoi-pax-4867","0-20 sm","Qum","35.08","1.55","6.646962425","4.53","88","17","52","5.19","122.22","57.33","","8.67","0.30","17.19","2.7915934733428","50785880.54","Sabzi"
"Navoi-pax-4868","0-20 sm","Loy","25.43","1.56","6.431970877","1.25","95","21","47","5.51","288.72","76.24","1.71","4.35","0.25","15.29","1.3680809196136","727525240.99","Sabzi"
"Navoi-pax-4869","0-20 sm","Qumoq","22.16","1.52","6.708743843","0.99","109","12","48","","309.82","27.47","1.46","5.74","0.44","18.26","1.7482000357809","497928426.49","Sabzi"
"Navoi-pax-4870","0-20 sm","Loy","38.26","1.32","6.010739645","3.83","118","12","47","4.04","243.93","","3.96","14.8","0.28","16.03","1.991462581153","654949685.8","Sabzi"
"Navoi-pax-4871","0-20 sm","Gill","24.75","1.23","6.365956657999999","2.77","100","14","49","5.63","273.94","63","2.64","10.19","0.43","5.22","2.8156189212072","479241876.7","Sabzi"
"Navoi-pax-4872","0-20 sm","Qum","29.75","1.22","6.6683827660000015","1.78","89","9","47","3.29","345.34","55.1","0.67","3.63","0.24","18.39","1.6678309467677","828897412.83","Sabzi"
"Navoi-pax-4873","0-20 sm","Gill","39.9","1.58","6.74669542","2.95","95","16","46","1","354.07","57.53","2.85","13.35","0.27","9.21","3.2869014704671","442441085.45","Sabzi"
"Navoi-pax-4874","0-20 sm","Qumoq","18.14","1.52","6.031665834","2.54","95","7","45","","399.88","28.34","2.1","7.98","0.28","18.53","2.5264035332423","413691036.77","Sabzi"
"Navoi-pax-4875","0-20 sm","Qumoq","32.89","1.33","6.40077205","1.75","87","6","45","2.18","156.14","32.08","3.95","","0.62","8.74","2.2630814315507","590991836.27","Sabzi"
"Navoi-pax-4876","0-20 sm","Qum","37.68","1.58","6.448792688999999","2.75","93","20","50","5.55","352.18","48.08","1.82","5.17","0.46","14.72","1.7825261741498","71773621.7","Sabzi"
"Navoi-pax-4877","0-20 sm","Loy","23.27","1.24","6.251420275","1.9","84","29","49","1.56","235.12","45.69","3.44","","0.35","18.98","2.9437213295701","256777535.71","Sabzi"
"Navoi-pax-4878","0-20 sm","Qum","30.22","1.32","6.2744528110000015","4.02","111","5","47","4.51","203.58","69.41","0.87","8.73","0.29","12.24","2.637710131382","648948220.3","Sabzi"
"Navoi-pax-4879","0-20 sm","Loy","20.34","1.23","6.135996372","2.46","111","5","52","1.88","326.91","47.98","0.79","3.62","0.78","7.31","1.8787109610724","599438835.56","Sabzi"
"Navoi-pax-4880","0-20 sm","Gill","36.18","1.32","6.194090172","1.19","111","15","54","5.54","103.71","53.07","","7.81","0.66","","1.8121205300348","534787349.48","Sabzi"
"Navoi-pax-4881","0-20 sm","Gill","20.61","1.57","6.327822962000001","0.58","89","11","47","0.94","134.83","45.07","2.68","7.8","0.67","19.12","2.0720244021625","274799157.05","Sabzi"
"Navoi-pax-4882","0-20 sm","Qumoq","35.07","1.53","6.2125672110000005","1.4","110","15","48","3.3","351.56","61.45","2.81","11.56","0.12","15.55","2.4465769903532","54746615.4","Sabzi"
"Navoi-pax-4883","0-20 sm","Qumoq","33.36","1.28","6.640470862999999","3.26","95","30","52","0.91","318.82","63.54","2.72","10.65","0.24","6.5","2.5324542915468","858262321.06","Sabzi"
"Navoi-pax-4884","0-20 sm","Qum","21.28","1.48","6.685553129","4","115","12","52","1.34","315.55","60.75","1.37","3.87","0.41","18.74","1.820311946598","786695271.81","Sabzi"
"Navoi-pax-4885","0-20 sm","Loy","23.33","1.48","6.327210469","4.53","120","25","50","5.12","380.59","61.36","3.52","13.66","0.21","5.55","3.5397175841643","175494415.3","Sabzi"
"Navoi-pax-4886","0-20 sm","Qum","25.78","1.61","6.35544263","1.77","102","11","45","5.12","145.35","60.78","3.78","13.4","0.19","7.68","2.6195745233075","241097435.71","Sabzi"
"Navoi-pax-4887","0-20 sm","Loy","37.35","1.6","6.085682343999999","3.11","94","5","55","2.72","102.02","","0.8","4.86","0.18","19.91","2.9790286854592","498415219.62","Sabzi"
"Navoi-pax-4888","0-20 sm","Qumoq","20.4","1.22","6.781050372999999","0.64","84","18","46","1.79","267.34","39.01","3.91","14.41","0.16","10.46","2.262581716047","811122332.09","Sabzi"
"Navoi-pax-4889","0-20 sm","Loy","18","1.24","6.630301421","3.4","107","22","54","2.25","369.14","","2.42","7.7","0.52","17.77","2.0606834499713","384763770.55","Sabzi"
"Navoi-pax-4890","0-20 sm","Gill","34.46","1.26","6.484799661","1.7","80","18","52","4.81","396.94","68.68","3.23","13.24","0.47","19.37","2.3752759400927","372476954.44","Sabzi"
"Navoi-pax-4891","0-20 sm","Qum","35.88","1.35","6.566759102000001","4.1","86","18","45","5.37","334.56","52.59","2.38","9.66","0.62","18.49","2.742283329923","668174084.33","Sabzi"
"Navoi-pax-4892","0-20 sm","Gill","38.76","1.23","6.170520517999999","2.01","113","28","48","4.05","131.09","33.22","0.69","5.76","0.73","15.57","2.5775641580104","62601113.43","Sabzi"
"Navoi-pax-4893","0-20 sm","Qumoq","37.97","1.3","6.0124803510000016","4.07","115","18","53","4.74","168.99","52.69","1.96","","0.76","6.48","1.6163162342165","","Sabzi"
"Navoi-pax-4894","0-20 sm","Qumoq","31.46","1.61","6.541150335","3.61","82","20","54","5.07","334.42","68.73","0.69","4.1","0.85","18.9","2.2000271201315","106297576.12","Sabzi"
"Navoi-pax-4895","0-20 sm","Qum","24.49","1.33","6.341400922","2.39","98","22","47","5.39","190.27","65.42","1.28","7.28","0.24","11.58","2.7953827796036","164178867.41","Sabzi"
"Navoi-pax-4896","0-20 sm","Loy","","1.34","6.150686363999999","1.25","117","25","54","2.62","382.21","46.67","1.66","5.19","0.65","13.28","2.4155523994381","85163355.37","Sabzi"
"Navoi-pax-4897","0-20 sm","Qum","","1.59","6.438008152999999","4.77","83","15","49","4.72","112","60.21","1.31","9.37","0.66","18.09","2.8588416177654","869917778.93","Sabzi"
"Navoi-pax-4898","0-20 sm","Loy","","1.28","6.547041902999999","0.92","120","16","51","2.73","344.11","60.37","","4.48","0.59","10.96","2.8182988996205","82559056.63","Sabzi"
"Navoi-pax-4899","0-20 sm","Gill","","1.57","6.399891457000001","1","111","5","50","4.59","131.21","46","1.49","7.94","0.54","13.7","1.862843129126","","Sabzi"
"Navoi-pax-4900","0-20 sm","Qumoq","","1.52","6.186770318","2.21","85","21","47","2.46","272.45","66.78","3.36","12.34","0.28","7.03","2.792864885908","794208228.85","Sabzi"
"Navoi-pax-4901","0-20 sm","Qumoq","","1.32","6.159020864","1.6","90","23","54","2.21","183.31","67.31","1.23","5.36","0.55","5.32","1.7324017402677","796720577.21","Sabzi"
"Navoi-pax-4902","0-20 sm","Qum","","1.21","6.660954816","1.27","99","29","55","5.28","360.79","47.25","3.93","","0.27","5.34","2.2870021037006","810678470.44","Sabzi"
"Navoi-pax-4903","0-20 sm","Loy","","1.49","6.504906978999999","0.97","102","11","47","2.66","157.27","56.37","3.71","14.8","0.49","9.28","1.5","745007756.99","Sabzi"
"Navoi-pax-4904","0-20 sm","Qum","","1.28","6.706053225","3.76","80","18","51","2.06","203.79","47.61","1.66","6.22","0.34","10.98","2.1798751566271","854639357.47","Sabzi"
"Navoi-pax-4905","0-20 sm","Loy","","1.55","6.067665497999999","2.37","87","21","52","2.51","342.65","54.05","3.34","11.66","0.40","19.76","1.2","279124122.78","Sabzi"
"Navoi-pax-4906","0-20 sm","Qumoq","","1.56","6.419083092","3.02","114","8","52","3.9","173.02","49.71","0.89","5.31","0.42","8.1","2.5929731271879","247324632.05","Sabzi"
"Navoi-pax-4907","0-20 sm","Loy","","1.57","6.39637861","0.52","99","6","46","5.62","149.55","64.65","2.5","12.05","0.37","7.61","1.8107834916104","131582539.46","Sabzi"
"Navoi-pax-4908","0-20 sm","Gill","","1.34","6.375923383","3.42","89","25","50","","308.22","69.28","2.11","6.9","0.56","11.93","1.282404562024","422833100.11","Sabzi"
"Navoi-pax-4909","0-20 sm","Qum","","1.52","6.700337732","2.64","96","13","55","","","54","2.5","10.24","0.25","10.78","2.1319360544434","131298816.65","Sabzi"
"Navoi-pax-4910","0-20 sm","Gill","","1.3","6.565312652999999","1","82","26","47","","","","0.72","3.74","0.21","5.72","3.1905017268183","746628851.14","Sabzi"
"Navoi-pax-4911","0-20 sm","Qumoq","","1.61","6.286515359","4.34","106","21","52","","","69.29","2.54","10.3","0.68","15.13","1.7505561011927","555073151.89","Sabzi"
"Navoi-pax-4912","0-20 sm","Qumoq","","1.53","6.448061578","1.42","90","15","52","","","49.25","3.75","13.8","0.18","18.11","1.2754202363336","474887826.13","Sabzi"
"Navoi-pax-4913","0-20 sm","Qum","","1.61","6.585872508","4.13","106","16","54","","","29","1.08","5.04","0.42","13.75","2.2967049256489","528085733.19","Sabzi"
"Navoi-pax-4914","0-20 sm","Loy","","1.35","7.231324765","4.34","133","47","24","","386.37","59.26","3.94","14.44","0.39","17.92","1.8488403838258","","Paxta"
"Navoi-pax-4915","0-20 sm","Qum","26.87","1.47","6.925412377000001","2.1","136","36","20","1.3","392.63","53.48","3.63","","0.20","18.58","2.0502138624974","849485031.03","Paxta"
"Navoi-pax-4916","0-20 sm","Loy","13.75","1.35","7.633437412","2.49","104","47","18","1.3","372.83","54.32","1.28","4.48","0.40","17.12","1","21604922.02","Paxta"
"Navoi-pax-4917","0-20 sm","Gill","12.58","1.41","6.827354668","2.18","133","47","23","1.97","380.04","36.8","1.96","4.59","0.26","6.64","2.446348119974","278046216.76","Paxta"
"Jomboy_2730","0-20 sm","Qumoq","26.33","1.35","6.176716425","2.91","126","38","23","0.32","386.02","50.51","2.1","8.75","0.28","19.52","2.5853890986808","","Paxta"
"Samar_tt-1477","0-20 sm","Qumoq","15.8","1.57","6.6287228360000015","1.15","126","50","19","2.03","435.56","45.44","","5.11","0.61","10.62","1.7441017584336","315587346.16","Paxta"
"Jizzax_bug_769","0-20 sm","Qum","17.34","1.33","7.256877571","3.5","113","41","20","1.95","387","61.24","3.6","11.44","0.60","12.83","2.5066496075104","879785517.22","Paxta"
"NMNX-2050","0-20 sm","Loy","20.95","1.43","6.443785385","4.13","121","45","22","1.48","396.43","69.28","1.38","8.97","0.38","6.2","1.8341698698118","427804947.78","Paxta"
"Jomboy_2731","0-20 sm","Qum","28.73","1.43","7.7232401510000015","1.62","121","47","16","1.06","377.64","36.33","3.52","11.12","0.41","5.8","2.8140342996139","253381358.69","Paxta"
"Samar_tt-1478","0-20 sm","Loy","14.06","1.28","5.947448589","2.69","129","60","22","0.67","359.38","64.6","1.62","5.99","0.24","6.94","1","224531768.4","Paxta"
"Jizzax_bug_770","0-20 sm","Qumoq","24.65","1.5","7.2277455160000015","2.09","107","45","25","1.35","380.13","49.83","3.25","11.93","0.43","5.68","2.6919228177314","685225771.56","Paxta"
"NMNX-2051","0-20 sm","Loy","20.18","1.48","6.219469084","0.84","122","59","18","1.41","409.38","53.49","","10.58","0.47","","2.9259283675173","114172861.52","Paxta"
"Jomboy_2732","0-20 sm","Gill","19.65","1.55","6.021439523","0.79","140","38","15","1.37","374","59.04","2.81","8.74","0.34","17.31","3.1144608820696","16912108.69","Paxta"
"Samar_tt-1479","0-20 sm","Qum","23.87","1.37","6.253343655","2.3","102","49","21","0.97","374.3","38.07","2.77","10","0.34","16.43","1.3163990099497","84199650.67","Paxta"
"Jizzax_bug_771","0-20 sm","Gill","26.68","1.37","6.187455798999999","2.68","111","40","25","","443.84","","2.61","10.96","0.56","5.37","1.5798496071666","305938885.29","Paxta"
"NMNX-2052","0-20 sm","Qumoq","19.55","1.41","7.0576933660000005","3.32","131","35","18","0.3","371.38","60.08","2.32","9.89","0.16","19.68","2.3474648339369","47476221.8","Paxta"
"Jomboy_2733","0-20 sm","Qumoq","18","1.45","6.720449769","4.29","135","43","16","1.23","393","49.12","2.47","12.25","0.29","5.88","2.853904447432","225384558.15","Paxta"
"Jizzax-bax-1225","0-20 sm","Qum","18.24","1.4","6.4316895060000006","4.82","100","46","18","1.68","400","61.86","2.71","10.03","0.54","9.64","2.5701330400566","550231304.38","Paxta"
"Jizzax-bax-1226","0-20 sm","Loy","19.67","1.44","7.453106264","4.14","123","39","24","1.18","383.18","48.78","3.72","11.68","0.45","16.4","1.2","528688304.91","Paxta"
"NMNT-138","20-40 sm","Qumoq","29.58","1.4","7.368258226","3.01","117","56","15","1.09","399.74","20.02","2.82","12.8","0.58","18.08","2.4095596167938","551706615.37","Paxta"
"NMNX-18","0-30","Loy","16.03","1.29","7.352401887","4.7","121","36","24","2.56","399.11","56.88","2.46","11.41","0.17","13.8","2.7809651788721","357551997.11","Paxta"
"NMNT-136","0-30","Qumoq","26.64","1.46","6.652143699","4.34","101","58","18","0.84","395.87","64.2","2.49","8.94","0.16","15.34","1.7560141218538","735389648.34","Paxta"
"NMNX-866","0-30","Yengil qum","26.75","1.42","6.144631795","2.87","107","42","24","2.39","386.88","68.8","2.2","8.64","0.59","11.69","2.6371678820913","18601446.75","Paxta"
"NTXM-153","0-30","Qumoq","23.57","1.31","7.318802162000001","2.97","100","41","22","2.33","397.28","76.14","3.55","10.97","0.43","11.36","3.1435344024191","488056706.54","Paxta"
"NMNX-141","0-30","Qumoq","19.86","1.51","7.954629324","0.9","125","39","21","2.12","352.32","","3.07","8.44","0.63","6.19","2.1038286860134","720229334.46","Paxta"
"NMNT-143","0-30","Loy","22.3","1.48","6.207652157","3.55","105","60","23","1.13","372.19","55.69","2.29","10.63","0.61","11.95","2.6761593125204","372122185.66","Paxta"
"NTXM-145","0-30","Yengil qum","18.33","1.57","6.631005298","1.61","102","46","19","","397.24","","2.27","7.27","0.53","19.53","2.511862082887","892501771.77","Paxta"
"NTTM-113","0-30","Qumoq","21.64","1.46","7.306918817000001","3.25","131","49","22","1.18","361.3","48.26","","13.69","0.72","6.4","1.885060103446","100370552.23","Paxta"
"NTXM-152","0-30","Qumoq","19.56","1.4","5.898293044","1.53","139","35","15","1.23","357.85","57.47","0.71","3.24","0.40","13.78","2.778161440933","77462486.18","Paxta"
"NMNX-144","0-30","Loy","26.46","1.57","7.238566893","4.72","108","36","19","1.61","376.75","54.93","2.31","7.3","0.50","13.35","1.5","695683207.05","Paxta"
"TSPD-2005","0-30","Qumoq","18.6","1.54","7.977651226","1.61","118","45","23","1.52","384.62","66.32","3.78","13.95","0.29","11.13","1.9610004417712","498979257.73","Paxta"
"NMNX-2076","0-30","Qumoq","17.01","1.48","5.983075895","2.44","107","51","22","1.95","364.11","48.44","2.65","9.62","0.45","19.56","1.3839466673875","337329334.99","Paxta"
"NMNX-139","0-30","Qumoq","12.37","1.48","6.785723961","3.34","125","60","17","1.21","395.39","","2.07","6.46","0.53","9.8","2.6579832130243","815754029.89","Paxta"
"NTXM-152","0-30","Loy","13.96","1.41","7.393441155","1.5","113","37","20","1.21","421.06","49.06","1.62","6.15","0.47","13.17","3.2659174286723","577539737.3","Paxta"
"NMNX-2197","0-30","Qumoq","15.96","1.48","6.486068274","1.78","131","52","16","0.91","358.18","52.52","2.19","12.51","0.60","9.3","2.9144203106168","37390413.85","Paxta"
"NTTM-111","0-30","Yengil qum","18.74","1.44","7.175934962","4.25","115","48","16","0.23","421.61","55.72","3.97","14.87","0.57","15.82","2.7545311575961","12681843.98","Paxta"
"NMNX-1466","0-30","Loy","27.74","1.53","7.388265887999999","2.44","113","38","25","1.27","389.24","64.88","3.21","13.45","0.28","16.32","2.4644259630993","46414863.6","Paxta"
"NTXM-152","0-30","Loy","33.56","1.5","6.10539819","2.65","111","41","18","0.76","381.72","63.49","2.7","10.67","0.42","","1.9108974946943","767321140.77","Paxta"
"NMNX-1468","0-30","Qumoq","19.9","1.36","6.419536555","3.31","111","53","19","1.57","372.86","69.94","1.01","4.76","0.41","9.19","2.2670601352166","820525474.68","Paxta"
"NMNX-145","0-30","Qumoq","39.2","1.6","6.307585854","0.68","122","48","16","1.42","395.97","64.05","0.68","7.01","0.48","13.96","2.2272082909151","133607003.48","Paxta"
"NMNX-2798","0-30","Yengil qum","21.19","1.51","6.93221485","1.67","108","46","17","1.97","389.34","","0.72","4.36","0.39","12.75","1.2379933197278","334291735.1","Paxta"
"NMNX-148","0-30","Qumoq","22.16","1.35","7.810865753","2.65","132","41","22","1.32","401.03","","1.25","5.34","0.42","12.73","2.0910838064229","","Paxta"
"NTXM-157","0-30","Qumoq","27.78","1.56","6.527541661","2.96","103","42","17","0.83","436.19","65.02","3.74","13.46","0.19","10.71","1.3051259042045","905210018.34","Paxta"
"NTTM-120","0-30","Loy","31.11","1.36","7.569454601","1.92","133","50","25","0.73","350.76","67.87","2.21","8.47","0.49","7.66","1.6832731102326","661006849.79","Paxta"
"NTXM-159","0-30","Yengil qum","15.82","1.58","7.041065585","3.66","127","37","18","0.97","378.24","52.7","1.86","8.58","1.12","13.54","2.3936924264749","","Paxta"
"NTXM-160","0-30","Loy","15.59","1.4","7.208795456","3.22","110","39","25","0.61","339.45","52.9","3.91","14.97","0.45","13.05","2.3141531099155","677033573.36","Paxta"
"NTTM-123","0-30","Qumoq","25.71","1.29","6.814341946","1.4","131","38","19","1.4","","54.92","3.92","13.18","0.60","5.05","1.8601875448541","32535292.96","Paxta"
"NMNX-4250","0-30","Loy","37.98","1.41","7.442217061","3.48","108","38","24","0.85","","83.76","3.11","12.88","0.75","14.98","1.0432280427995","178260547.97","Paxta"
"NMNX-4492","0-30","Qumoq","15.71","1.42","6.854558957","2.79","122","40","17","1.95","405.47","50.72","3.22","13.12","0.42","5.52","2.6870411887019","791011534.23","Paxta"
"NMNX-1600","0-30","Yengil qum","34.33","1.41","7.884550475","2.6","111","50","15","1.24","386.79","57.94","1.84","6.28","0.30","19.39","1.6165026313838","359462927.51","Paxta"
"NMNX-4613","0-30","Yengil qum","30.1","1.55","6.006085786","1.16","140","40","17","0.62","440.42","56.73","1.75","10.94","0.41","9.76","2.1291904949443","543760843.11","Paxta"
"NMNX-4734","0-30","Loy","38.3","1.56","7.432043735","2.28","100","40","20","2.55","427.45","62.63","3.14","11.21","0.82","10.29","2.6708334869695","666512885.59","Paxta"
"NMNX-5097","0-30","Qumoq","37.58","1.32","6.498052108","1.15","123","50","16","0.77","398.56","54.86","0.67","3.57","0.43","17.36","1.9874424799713","213096277.49","Paxta"
"NTXM-168","0-30","Qumoq","","1.32","6.205263534","0.86","107","36","21","2.09","361.64","62.23","0.72","5.3","0.43","17.47","1.6328124540791","272674210.45","Paxta"
"NMNX-6187","0-30","Qumoq","17.64","1.5","6.360812227","3.23","118","50","19","1.77","386.95","54.07","2.5","5.32","0.44","15.11","2.6591358317399","112296003.64","Paxta"
"NMNX-6307","0-30","Qumoq","39.91","1.45","7.0466074339999984","0.58","103","51","20","1.2","356.86","440.5","1","3.46","0.59","19.15","1.9147330070541","491559959.95","Paxta"
"NMNX-6912","0-30","Loy","34.04","1.49","7.947011366","3.54","133","57","19","0.54","427.93","399.72","2.33","12.14","0.21","12.8","1.698639020794","42903764.4","Paxta"
"NTXM-176","0-30","Yengil qum","18.52","1.27","6.281913857999999","3.47","129","47","20","1.6","388.89","438.17","2.91","6.95","0.35","16.59","1.6276077484852","96591131","Paxta"
"NMNT-169","0-30","Yengil qum","22","1.48","6.114525877","1","116","52","19","","397.48","457.42","","8.74","0.49","18.83","2.2568546070906","38093155.14","Paxta"
"NTTM-138","0-30","Yengil qum","19.68","1.58","6.7539780610000015","4.05","114","40","23","2.19","388.43","463.85","1.61","6.39","0.44","10.46","1.9771965853137","48978657","Paxta"
"NMNX-8243","0-30","Loy","29.84","1.28","7.4250413160000015","4.62","131","60","17","1.08","415.14","37.82","3.92","","0.32","18.14","2.2986087003155","698134287.88","Paxta"
"NMNX-8365","0-30","Qumoq","15.57","1.53","6.745104394","1.61","107","43","18","2.32","403.17","35.44","3.99","9.52","0.80","19.53","2.3783638332276","581015220.79","Paxta"
"NMNX-1616","0-30","Qumoq","26.94","1.54","7.6411165689999985","1.48","123","44","21","1.21","394.9","40.48","3.92","8.61","0.68","7.64","3.0513084595306","249803096.28","Paxta"
"NTXM-182","0-30","Qumoq","20.95","1.44","6.470135478","4","112","49","25","1.33","367.42","42.79","3.92","8.85","0.37","18.13","1.2","817379172.05","Paxta"
"NTXM-182","0-30","Yengil qum","19.03","1.39","7.091992365","1.9","119","44","15","1.47","381.91","31.33","3.95","9.52","0.36","14.96","2.0438862087344","433592398.65","Paxta"
"NTXM-183","0-30","Qumoq","31.43","1.27","6.520403794","4.94","130","59","19","0.89","404.06","31.38","3.99","8.76","0.74","12.84","2.0680953436315","521913149.22","Paxta"
"NTTM-146","0-30","Qumoq","18.32","1.54","6.127939627999999","0.67","127","53","24","2.07","396.79","38.64","3.97","9.62","0.41","9.07","2.6923026548672","815133422.94","Paxta"
"NMNT-178","0-30","Yengil qum","33.93","1.44","7.994679507000001","4.13","134","52","18","1.68","365.15","36.1","3.95","9.91","0.74","14.2","2.6600932121117","261653379.47","Paxta"
"NMNX-1625","0-30","Qumoq","23.32","1.6","7.524707577","4.73","109","36","18","2.14","380.14","33.47","3.96","8.97","0.34","17.54","2.0408873871706","19048396.7","Paxta"
"NTTM-151","0-30","Loy","18.51","1.52","7.827877817999999","1.17","100","48","17","0.82","405.72","36.97","3.95","7.55","0.40","12.44","3.6784376825546","828346368.77","Paxta"
"NMNX-181","0-30","Qumoq","27.18","1.44","6.436691764","4.61","132","52","19","2.94","387.48","34.26","3.97","6.53","0.14","12.21","2.6695124399108","814370223.54","Paxta"
"NTXM-193","0-30","Qumoq","22.6","1.36","5.907930899","3.75","102","37","25","1.58","387.37","38.92","3.99","7.88","0.26","11.55","3.2194439775345","883713859.47","Paxta"
"NTXM-193","0-30","Qumoq","31.9","1.58","6.135025006","2.83","111","39","22","0.92","392.84","32.23","3.97","8.5","0.21","15.69","3.5","501898139","Paxta"
"NTXM-195","0-30","Loy","19.52","1.56","6.044556594","0.54","117","51","15","1.07","376.14","43.84","3.97","9.75","0.34","18.83","1.4229630157277","818705855.71","Paxta"
"NTXM-196","0-30","Qumoq","33.81","1.39","7.59781958","0.92","136","36","24","0.36","407.21","41.87","3.99","8.79","0.34","19.53","2.645292630687","570643464.51","Paxta"
"NMNX-1632","0-30","Qumoq","32.22","1.39","6.691268104","2.03","134","56","18","2.03","360.97","36.23","3.94","6.64","0.43","14.02","1.5112497053656","39240471.23","Paxta"
"NMNX-1830","0-30","Qumoq","21.31","1.45","6.1754923060000015","4.61","112","54","15","0.62","377.32","38.47","3.99","8.23","0.35","","3.3551266197131","877233389.21","Paxta"
"NTXM-152","0-30","Loy","19.01","1.45","7.272316208999999","1.62","105","56","15","2.01","381.65","47.36","3.96","8.21","0.41","6","1.6282758468783","646724570.53","Paxta"
"NTTM-114","0-30","Qumoq","28.84","1.57","5.801047545","3.43","140","45","15","2.3","423.33","34.02","3.93","9.35","0.79","13.5","1.8094404415726","774196707.67","Paxta"
"NMNX-1831","0-30","Qumoq","37.95","1.44","6.757457943","3.62","126","46","25","2.51","342.44","40.43","3.98","6.46","0.33","8.93","2.6790976699757","171348657.91","Paxta"
"NTXM-154","0-30","Yengil qum","37.72","1.58","6.983395572999999","3.47","106","49","24","1.25","373.25","39.35","3.99","8.8","0.16","17.86","1.331016751797","846484407.67","Paxta"
"NMNX-2314","0-30","Qumoq","16.83","1.45","7.976889497999999","3.33","121","53","19","2.11","392.22","38.69","3.97","7.72","0.16","5.87","1.8207513661313","129179622.02","Paxta"
"NTXM-155","0-30","Qumoq","15.69","1.52","6.558902588","4.96","108","60","17","1.77","453.59","41.15","3.98","9.39","0.49","17.28","1.874816330362","","Paxta"
"NMNX-4479","0-30","Qumoq","34.36","1.36","7.979090365","3.91","116","56","17","0.31","356.9","33.1","3.96","8.62","0.36","13.71","2.0453456492314","55073366","Paxta"
"NTXM-155","0-30","Qumoq","26.46","1.49","7.903528672999999","2.55","100","52","19","2.34","424.23","41.5","3.93","6.25","0.26","12.86","2.1531744477383","529391152.07","Paxta"
"NTXM-157","0-30","Loy","32.3","1.38","6.73210948","4.89","129","43","16","1.36","365.68","39.86","","6.4","0.15","18.42","1.5892266648462","11600709.11","Paxta"
"NTXM-157","0-30","Yengil qum","35.72","1.25","6.6916904760000016","1.03","118","44","23","1.32","396.36","37.07","","8.39","0.15","16.69","1.6927721905354","117097301.87","Paxta"
"NMNX-149","0-30","Loy","26.13","1.63","7.839849298","4.18","117","43","25","1.2","417.57","27.57","","8.41","0.20","","2.5763006347804","749172332.67","Paxta"
"NTTM-120","0-30","Loy","35.13","","6.61448588","2.4","126","37","21","0.68","384","22.74","","8.2","0.37","18.52","2.7188783287517","547418955.78","Paxta"
"NTXM-160","0-30","Qumoq","22.29","","7.456971816","4.54","120","48","16","1.27","432.14","29.11","","5.91","0.36","17.35","1.4492203383219","632444085.75","Paxta"
"NMNT-154","0-30","Yengil qum","24.46","","7.2942193","1","102","45","16","0.57","383.08","24.41","","10.04","0.37","15.39","2.3156173816177","79181603.5","Paxta"
"NTXM-166","0-30","Loy","27.56","","7.8","2.41","9.11","101","32","1.67","379.26","29.06","1.7","8.98","0.79","10.08","2.2516317939644","195337977.23","Bug'doy"
"2","","","35.7","1.89","8.2","1.16","39.86","58","10","0.73","0.5","28.97","0.8","9.2","0.37","13.08","3.0941408288905","807313859.7","Bug'doy"
"3","0-30","Loy","20.63","1.41","7.9","0.74","40.23","115","8","0.62","0.4","24.55","1.4","8.03","0.29","5.33","2.4035998582767","","Sabzi"
"4","0-30","Qumoq","32.11","1.73","7.9","1.13","44.89","130","30","1.04","0.7","25.09","1.8","9.3","0.15","16.76","2.527560384118","635742374.36","Paxta"
"5","0-30","Yengil qum","21.06","1.46","8.8","2.12","35.93","17","4","0.10","0.5","28.3","0.3","9.64","0.26","6.38","1.6940178866652","518428977.66","Bug'doy"
"6","0-30","Loy","30.07","1.51","8.3","0.62","8.56","40","8","0.22","0.5","22.73","0.9","8.06","0.21","13.29","3.3443468021616","1122167580.98","Bug'doy"
"7","","","32.69","1.83","8.7","0.55","33.25","21","12","0.08","0.4","28.3","0.3","8.06","0.43","17.78","1.7790332679345","718218703.01","Sabzi"
"8","0-30","Loy","38.57","1.42","8.3","2.44","18.79","53","12","0.41","0.4","24.75","0.8","7.52","0.45","18.89","2.2859957684909","857128407.09","Paxta"
"9","0-30","Qumoq","37.06","1.81","8.0","0.89","42.8","72","15","0.45","0.5","22.95","1.2","10.27","0.71","7.51","2.1239283463689","138126179.14","Bug'doy"
"10","0-30","Yengil qum","27.91","1.45","8.3","2.43","57.55","47","21","0.28","0.5","20.93","0.6","8.73","0.15","5.15","1.3323658518177","1663952891.85","Bug'doy"
"11","0-30","Loy","31.23","1.44","8.5","1.9","10.58","46","17","0.13","0.4","29.33","0.5","6.99","0.17","17.62","2.0680510935851","","Sabzi"
"12","","","38.79","1.72","8.1","2.52","46.47","58","13","0.36","0.4","26","0.7","7.84","0.21","18.77","1.5426735754027","","Paxta"
"13","0-30","Loy","34.25","1.4","8.7","1.64","49.1","31","12","0.55","0.4","26.26","0.3","7.3","0.14","16.83","0.1","","Bug'doy"
"14","0-30","Qumoq","31.52","1.31","8.6","0.63","47.92","41","10","0.54","0.4","18.81","0.4","9.77","0.19","14","0.1","681283377.19","Bug'doy"
"15","0-30","Yengil qum","38.97","1.37","8.6","4.75","20.77","56","7","0.90","0.4","25.65","0.4","7.77","0.17","9.23","0.1","421430268.92","Sabzi"
"16","0-30","Loy","40.08","1.64","8.7","2.88","19.18","41","4","0.10","0.4","","0.4","8.93","0.37","5.35","0.1","984854419.96","Paxta"
"17","","","34.87","1.58","7.9","2.46","34.07","11","10","0.77","0.5","50.5","1.6","","0.26","12.01","0.4","","Bug'doy"
"18","0-30","Loy","33.46","1.56","7.7","3.23","13.01","95","13","0.83","0.6","44.83","1.3","6.13","0.22","","0.2","1624482674.17","Bug'doy"
"19","0-30","Qumoq","31.16","1.83","8.1","3.65","60.81","64","7","0.35","0.4","58.99","0.5","","0.37","10.3","0.1","270901523.6","Sabzi"
"20","0-30","Yengil qum","39.73","1.34","7.8","3.65","24.01","114","17","1.78","0.6","53.91","1.7","8.34","0.14","13.76","0.3","1709939261.39","Paxta"
"21","0-30","Loy","38","1.75","8.0","3.74","9.48","109","12","0.46","0.6","53.16","1.2","8.54","0.15","12.01","0.1","567080641.37","Bug'doy"
"22","","","31.22","1.82","8.7","4.89","38.31","21","6","0.19","0.4","46.98","0.1","7.7","0.15","12.08","0.1","1539714294.32","Bug'doy"
"23","0-30","Loy","38.47","1.48","8.1","2.57","34.89","81","","0.57","0.4","76.12","0.7","6.41","0.29","14.15","0.1","1152550310.31","Sabzi"
"24","0-30","Qumoq","38.01","1.51","7.7","3.4","17.03","49","15","0.88","0.5","55.31","0.5","8.44","0.17","11.12","0.1","289938853.93","Paxta"
"25","0-30","Yengil qum","32.95","1.71","","3.76","8.85","160","35","2.25","0.6","68.05","2.9","10.2","0.52","8.96","0.9","1171129263.85","Bug'doy"
"26","0-30","Loy","31.01","1.84","7.9","3.95","22.23","76","19","0.65","0.5","37.35","0.9","5.79","1.26","9.46","0.1","479782529.63","Bug'doy"
"27","","","40.44","1.77","7.9","2.85","31.8","61","22","0.58","0.6","43.43","0.8","9.83","1.03","10.33","0.1","496443291.18","Sabzi"
"28","0-30","Loy","32.22","1.66","8.4","2.6","14.27","49","13","0.11","0.4","40.85","0.5","8.11","0.44","12.24","0.1","48261102.13","Paxta"
"29","0-30","Qumoq","38.37","1.67","8.6","1.76","35.05","36","9","0.21","0.4","60.66","0.3","10.11","0.48","10.57","0.1","179210708.61","Bug'doy"
"30","0-30","Yengil qum","32.34","1.54","8.3","1.91","8.64","57","13","0.33","0.5","39.08","0.6","9.28","0.30","13.97","0.2","1945804428.46","Bug'doy"
"31","0-30","Loy","42.87","1.75","8.4","4.69","18.27","59","15","0.39","0.6","54.14","0.7","9.52","0.14","","0.1","658454784.98","Sabzi"
"32","","","37.13","1.59","8.8","4.44","24.95","21","14","0.12","0.5","59.54","0.2","8.23","0.15","9.83","0.1","1512259174.48","Paxta"
"33","0-30","Loy","36.14","1.42","8.0","0.63","16.05","67","13","0.84","0.3","46.69","0.5","7.97","0.11","12.72","0.1","1881157555.12","Bug'doy"
"34","0-30","Qumoq","30.44","1.79","8.0","4.73","55.33","70","14","0.28","0.4","42.09","0.6","7.56","0.14","12.96","0.1","156301363.56","Bug'doy"
"35","0-30","Yengil qum","30.77","1.37","7.9","1.26","17.56","125","15","0.76","0.5","57.99","1.5","8.19","0.27","9.65","0.3","","Sabzi"
"36","0-30","Loy","35.82","1.63","7.8","0.97","27.04","129","19","0.92","0.5","61.48","1.7","6.01","0.13","11.47","0.3","1054734590.19","Paxta"
"37","","","30.12","1.62","8.4","4.63","50.83","44","11","0.26","0.4","57.92","0.4","8.87","0.12","11.25","0.1","438340287.36","Bug'doy"
"38","0-30","Loy","30.56","1.48","8.4","3.97","10.16","50","9","0.13","0.3","54.86","0.4","7.48","0.11","11.31","0.1","136165602.06","Bug'doy"
"39","0-30","Qumoq","39.82","1.68","7.7","2.64","14.96","123","23","2.08","0.5","36.42","1.3","9.46","0.12","12.06","0.2","148641186.48","Sabzi"
"40","0-30","Yengil qum","34.35","1.76","7.8","4.6","14","128","15","0.65","0.4","45.41","1.2","9.78","0.12","12.55","0.2","1226906251.64","Paxta"
"41","0-30","Qumoq","31.64","1.64","7.9","4.78","21.09","84","18","0.82","0.8","80.7","1.3","12.67","0.33","11.38","0.1","692413927.21","Bug'doy"
"42","0-30","Loy","40.81","1.62","8.0","1.28","19.29","89","14","0.63","0.5","68.55","1.0","9.16","0.12","11.75","0.1","","Bug'doy"
"43","0-30","Qumoq","33.43","1.75","7.9","4.43","28.7","81","18","0.87","0.5","59.63","1.0","10.72","0.26","14.09","0.1","1987566175.41","Sabzi"
"44","0-30","Loy","33.66","1.6","7.8","2.2","47.52","95","16","0.51","0.5","70.36","1.3","8.85","0.27","12.37","0.1","586253714.17","Paxta"
"45","0-30","Yengil qum","38.34","1.55","7.8","0.93","41.39","129","20","0.80","0.5","47.29","1.3","5.51","0.30","11.13","0.1","743141569.46","Bug'doy"
"46","0-30","Yengil qum","45.91","1.44","7.7","2.12","46.2","","16","1.38","0.5","43.5","1.9","3.32","0.76","13.26","0.4","252538752.35","Bug'doy"
"47","0-30","Qumoq","37.49","1.42","8.1","0.62","46.48","111","17","0.43","0.6","59.69","2.8","8.5","0.62","10.6","0.2","286931706.36","Sabzi"
"48","0-30","Qumoq","41.72","1.47","7.9","1.87","20.25","129","16","0.73","0.8","33.61","2.7","6.46","0.56","13.06","0.4","1023191589.83","Paxta"
"49","0-30","Yengil qum","36.54","1.55","8.0","4.46","28.82","66","13","0.68","0.4","58.44","0.7","8.96","0.25","12.61","0.1","135843443.96","Bug'doy"
"50","0-30","Loy","34.74","1.77","8.0","4.76","22.15","55","11","0.55","0.4","51.86","0.7","13.25","0.26","","0.1","","Bug'doy"
"51","0-30","Yengil qum","33.15","1.68","7.8","4.41","27.76","61","21","0.64","0.4","42.36","0.9","3.03","0.37","11.15","0.2","127365049.43","Sabzi"
"52","0-30","Qumoq","33.34","1.63","8.0","3.58","24.4","61","7","0.82","0.3","","0.8","4.63","0.28","12.23","0.2","49725703.79","Paxta"
"53","0-30","Qumoq","33.41","1.5","8.2","1.39","22.65","51","5","0.54","0.3","34.96","0.4","13.67","0.14","14.93","0.1","1763512372.02","Bug'doy"
"54","0-30","Yengil qum","42.8","1.66","8.2","2.21","15.22","48","6","0.36","0.3","37.44","0.4","9.15","0.14","8.59","0.1","2240082676.43","Bug'doy"
"55","0-30","Yengil qum","32.68","1.65","8.1","3.48","43.7","59","5","0.26","0.3","48.18","0.5","10.96","0.16","10.32","0.1","1641179403.73","Sabzi"
"56","0-30","Qumoq","31.16","1.43","8.3","1.6","23.99","58","7","0.37","0.3","58.03","0.5","5.34","0.15","","0.1","2607144611.9","Paxta"
"57","0-30","Yengil qum","37.49","1.54","8.1","4.92","39.37","50","5","0.54","0.4","38.93","0.4","8.44","0.20","13.45","0.2","1560003339.59","Bug'doy"
"58","0-30","Yengil qum","33.76","1.41","8.0","2.97","8.36","69","7","0.42","0.4","37.4","0.5","","0.19","9.43","0.1","1856008018.08","Bug'doy"
"59","0-30","Qumoq","32.34","1.86","7.9","3.7","23.32","90","9","0.68","0.4","46.97","1.0","9.01","0.37","13.24","0.2","","Sabzi"
"60","0-30","Yengil qum","41.78","1.42","7.9","3.53","31.4","84","","1.00","0.4","46.74","0.8","3.34","0.30","14.25","0.1","726236070.95","Paxta"
"61","0-30","Yengil qum","31.47","1.7","8.3","1.78","9.57","48","8","0.28","0.3","51.17","0.3","","0.16","13.51","0.1","752523043.46","Bug'doy"
"62","0-30","Yengil qum","39.37","1.78","8.4","3.44","11.29","41","8","0.08","0.3","66.81","0.3","9.44","0.10","15","0.1","1686378746.72","Bug'doy"
"63","0-30","Loy","35.61","1.81","7.8","4.99","29.55","104","10","0.66","0.5","61.47","1.0","8.45","0.43","11.08","0.2","","Sabzi"
"64","0-30","Yengil qum","33.04","1.58","7.6","0.64","35.76","120","16","","0.8","51.96","1.5","8.58","0.65","10.03","0.3","1706763540.04","Paxta"
"65","0-30","Yengil qum","39.2","1.36","8.2","1.97","50.67","41","5","0.39","0.3","41.13","0.5","","0.22","11.61","0.1","2392994271.08","Bug'doy"
"66","0-30","Qumoq","40.68","1.47","7.9","3.7","53.48","69","13","0.58","0.4","54.49","0.6","6.01","0.20","12.35","0.1","1826987319.35","Bug'doy"
"67","0-30","Loy","41.21","1.33","7.7","3.53","47.71","81","14","0.95","0.5","61.85","0.8","7.34","0.36","","0.1","1069898987.49","Sabzi"
"68","0-30","Yengil qum","40.58","1.44","7.8","1.34","32.46","83","12","0.65","0.5","34.67","1.0","","0.46","9.34","0.1","388963362.7","Paxta"
"69","0-30","Yengil qum","37.34","1.54","8.2","4.29","55.61","49","11","0.43","0.6","53.58","0.5","6.27","0.35","12.43","0.1","1956437195.47","Bug'doy"
"70","0-30","Loy","32.85","1.34","8.3","1.55","37.12","70","10","0.31","0.5","43.6","0.5","9.94","0.27","11.26","0.1","","Bug'doy"
"71","0-30","Yengil qum","41.95","1.57","8.3","3.28","23.64","41","7","0.27","0.5","52.53","0.4","8.06","0.35","13.53","0.1","","Sabzi"
"72","0-30","Loy","33.59","1.44","8.1","1.85","16.49","37","11","0.09","0.5","35.98","0.3","7.21","0.29","10.82","0.1","423262743.91","Paxta"
"73","0-30","Qumoq","41.98","1.71","8.0","2.75","17.59","84","11","0.46","0.5","53.74","0.8","11.18","0.24","11.87","0.1","752605889.74","Bug'doy"
"74","0-30","Yengil qum","45.18","1.55","8.1","3.15","27.5","64","11","0.32","0.4","67.29","0.6","6.89","0.22","13.52","0.1","1272036340.92","Bug'doy"
"75","0-30","Qumoq","41.05","1.7","8.4","3.64","38.37","39","6","0.38","0.4","61.62","0.4","9.67","0.20","13.92","0.1","","Sabzi"
"76","0-30","Yengil qum","34.81","1.45","8.4","2.36","20.13","32","6","0.21","0.3","49.76","0.2","7.37","0.15","9.39","0.1","1872563608.79","Paxta"
"77","0-30","Qumoq","30.13","1.49","8.3","3.4","27.57","52","11","0.23","0.5","59.69","0.6","8.29","0.34","10.78","0.1","370927091.16","Bug'doy"
"78","0-30","Loy","40.16","1.47","8.1","3.79","48","52","12","0.25","0.5","82.52","0.6","8.42","0.34","13.52","0.1","407912083.23","Bug'doy"
"79","0-30","Qumoq","42.24","1.33","8.4","1.2","40.64","18","13","0.08","0.5","40.1","0.2","8.07","0.27","8.82","0.1","1496132850.43","Sabzi"
"80","0-30","Yengil qum","30.85","1.53","8.6","3.56","35.72","19","7","0.21","0.4","53.64","0.2","9.5","0.28","10.71","0.1","209274125","Paxta"
"81","0-30","Yengil qum","31.91","1.49","8.1","1.54","10.46","90","121","1.56","3.4","56.74","3.8","7.76","6.05","9.53","0.6","2817424136.25","Bug'doy"
"82","0-30","Yengil qum","36.92","1.84","8.0","2.1","33.48","122","164","3.35","5.8","67.14","3.4","8.8","9.99","10.96","0.8","","Bug'doy"
"83","0-30","Qumoq","31.4","1.61","8.2","3.62","57.47","117","66","2.79","3.5","64.43","2.0","7.55","6.39","13.32","1.3","765251731.13","Sabzi"
"84","0-30","Yengil qum","30.87","1.37","8.2","4.83","42.41","69","51","1.52","2.0","57.01","1.4","9.07","2.86","13.1","0.3","1505718348.9","Paxta"
"85","0-30","Yengil qum","36.91","1.47","8.0","2.45","22.95","171","150","2.52","4.5","57.64","2.8","6.47","7.75","12.3","0.7","590497609.34","Bug'doy"
"86","0-30","Yengil qum","34.92","1.75","8.0","2.45","47.43","143","92","3.07","4.5","41.08","2.3","7.7","9.45","11.05","0.8","822494235.34","Bug'doy"
"87","0-30","Qumoq","34.97","1.47","8.0","1.06","17.19","158","118","4.46","6.3","49.93","2.6","8.3","17.46","12.41","0.7","1823971975.03","Sabzi"
"88","0-30","Qumoq","32.93","1.74","7.8","4.55","49.81","127","34","2.47","2.4","46.87","1.8","10.02","4.10","9.53","0.4","162056043.36","Paxta"
"89","0-30","Qumoq","39.19","1.38","7.7","4.58","8.51","101","38","3.09","3.3","50.07","2.4","8.54","2.95","13.46","0.2","520375000.87","Bug'doy"
"90","0-30","Yengil qum","33.14","1.78","7.6","3.64","27.35","132","58","2.70","1.5","75.63","1.0","7.76","1.92","11.25","0.1","1416269938.97","Bug'doy"
"91","0-30","Yengil qum","38.63","1.61","7.5","4.65","5.55","80","63","1.38","0.9","61.99","0.8","7.6","0.87","10.45","0.1","","Sabzi"
"92","0-30","Qumoq","32.49","1.88","7.7","4.96","30.46","71","131","1.37","1.5","46.91","1.0","7.71","1.93","13.31","0.1","435234178.61","Paxta"
"93","0-30","Yengil qum","38.18","1.45","7.7","1.37","22.95","107","47","0.76","0.7","38.09","10.0","6.15","0.62","11.83","0.1","","Bug'doy"
"94","0-30","Qumoq","40.8","1.47","7.6","3.01","63.49","103","54","2.36","0.9","51.12","3.2","9.54","1.23","10.82","0.2","345953390.47","Bug'doy"
"95","0-30","Loy","34.23","1.37","7.5","4.63","8.03","126","93","1.95","1.3","61.39","3.2","9.31","1.44","8.61","0.2","1568090624.31","Sabzi"
"96","0-30","Loy","39.69","1.79","7.4","2.47","11.36","154","129","3.75","1.5","52.89","3.5","8.48","2.35","9.34","0.3","506052563.72","Paxta"
"97","0-30","Qumoq","38.91","1.62","8.7","4.46","34.42","36","17","0.15","0.5","67.82","0.4","9.49","0.20","12.53","0.1","118457579.2","Bug'doy"
"98","0-30","Qumoq","33.81","1.61","8.5","3.58","32.86","14","15","0.09","0.4","68.28","0.2","8.3","0.09","13.7","0.1","106382316.23","Bug'doy"
"99","0-30","Loy","36.8","1.5","8.6","0.8","41.7","10","15","0.10","0.4","52.15","0.1","6.67","0.07","12.84","0.1","130634165.1","Sabzi"
"100","0-30","Yengil qum","45.39","1.73","8.6","1.09","38.04","15","12","0.01","0.4","58.75","0.2","8.49","0.07","13.01","0.1","1761646161.08","Paxta"
"101","0-30","Qumoq","37.11","1.46","7.9","1.53","25.6","81","18","0.87","0.5","51.41","1.0","10.25","0.42","13.17","0.1","794598390.98","Bug'doy"
"102","0-30","Qumoq","36.24","1.68","7.8","3.66","37.4","95","16","0.51","0.5","50.93","1.3","7.72","0.49","12.93","0.1","1855466207.97","Bug'doy"
"103","0-30","Qumoq","39.01","1.43","7.8","1.3","28.48","129","20","0.80","0.5","49.98","1.3","8.61","0.47","12.6","0.1","1496686014.74","Sabzi"
"104","0-30","Yengil qum","32.86","1.6","7.7","1.88","18.13","140","16","1.38","0.5","60.92","1.9","7.44","0.76","12.78","0.4","1224288918.51","Paxta"
"105","0-30","Loy","41.82","1.68","8.1","3.71","7.37","111","17","0.43","0.6","40","2.8","8.45","0.62","15.87","0.2","776020195.21","Bug'doy"
"106","0-30","Yengil qum","34.58","1.71","7.9","3.6","13.46","129","16","0.73","0.8","60.82","2.7","10.09","0.56","11.34","0.4","149223633.3","Bug'doy"
"107","0-30","Yengil qum","39.18","1.63","8.0","1.5","38.25","66","13","0.68","0.4","49.47","0.7","8.71","0.25","9.11","0.1","58662898.53","Sabzi"
"108","0-30","Qumoq","38.19","1.49","8.0","1.77","31.93","55","11","0.55","0.4","45","0.7","9.23","0.26","12.51","0.1","1027550759.29","Paxta"
"109","0-30","Qumoq","32.2","1.59","7.8","5.03","40.82","61","21","0.64","0.4","67.08","0.9","6.09","0.37","12.93","0.2","310472948.77","Bug'doy"
"110","0-30","Qumoq","33.4","1.53","8.0","2.74","29.39","61","7","0.82","0.3","37.57","0.8","7.12","0.28","10.11","0.2","2163258184.02","Bug'doy"
"111","0-30","Qumoq","30.44","1.58","8.2","2.56","54.85","51","5","0.54","0.3","55.62","0.4","6.57","0.14","12.5","0.1","903275165.08","Sabzi"
"112","0-30","Qumoq","37.79","1.4","8.2","1.88","36.07","48","6","0.36","0.3","70.43","0.4","6.32","0.14","9.31","0.1","","Paxta"
"113","0-30","Qumoq","36.18","1.5","8.1","","40.37","59","5","0.26","0.3","39.22","0.5","10.02","0.16","15.55","0.1","539971277.47","Bug'doy"
"114","0-30","Loy","40.26","1.39","8.3","1.33","31.22","","7","0.37","0.3","73.84","0.5","8.19","0.15","13.13","0.1","328349014.97","Bug'doy"
"115","0-30","Loy","36.15","1.52","8.4","3.47","18.39","32","6","0.21","0.3","27.98","0.2","7.6","0.15","14.8","0.1","","Sabzi"
"116","0-30","Yengil qum","38.35","1.73","8.3","2.09","36.56","52","11","0.23","0.5","55.64","0.6","7.02","0.34","10.13","0.1","307012229.49","Paxta"
"117","0-30","Qumoq","36.5","1.43","8.1","1.29","40.35","52","12","0.25","0.5","56.57","0.6","","0.34","10.32","0.1","839524611.68","Bug'doy"
"118","0-30","Qumoq","38.33","1.48","8.4","2.83","26.84","18","13","0.08","0.5","51.03","0.2","5.93","0.27","12.4","0.1","473029258.55","Makkajo'xori"
"119","0-30","Qumoq","40.73","1.64","8.6","1.18","20.02","19","7","0.21","0.4","41.44","0.2","6.1","0.28","","0.1","1425686181","Sabzi"
"120","0-30","Qumoq","40.34","1.85","8.1","3.56","9.08","90","121","1.56","3.4","38.35","3.8","6.72","6.05","12.18","0.6","374976685.62","Makkajo'xori"
"121","0-30","Yengil qum","32.12","1.89","8.0","5.14","56.37","122","164","3.35","5.8","49.63","3.4","8.03","9.99","12.85","0.8","139626545.07","Sabzi"
"122","0-30","Qumoq","37.03","1.39","8.2","0.62","26.72","117","66","2.79","3.5","56.27","2.0","8.89","6.39","14.16","1.3","2492851232.74","Makkajo'xori"
"123","0-30","Loy","33.69","1.39","8.2","2.75","41.54","69","51","1.52","2.0","50.89","1.4","","2.86","9.79","0.3","","Sabzi"
"124","0-30","Yengil qum","31.91","1.76","8.0","3.18","28.87","171","150","2.52","4.5","38.28","2.8","6.9","7.75","11.5","0.7","2023904827.99","Makkajo'xori"
"125","0-30","Qumoq","34.93","1.73","8.0","5.26","36.75","143","92","3.07","4.5","58.22","2.3","","9.45","11.83","0.8","949075730.65","Sabzi"
"126","0-30","Qumoq","34.03","1.37","8.0","2.81","57.74","158","118","4.46","6.3","68.51","2.6","","17.46","9.48","0.7","2496828482.65","Makkajo'xori"
"127","0-30","Loy","32.51","1.43","7.8","4.37","43.22","127","34","2.47","2.4","45.07","1.8","7.43","4.10","13.76","0.4","195405436.58","Sabzi"
"128","0-30","Yengil qum","31.51","1.34","7.7","2.5","21.31","101","38","3.09","3.3","47.92","2.4","10.36","2.95","12.72","0.2","","Makkajo'xori"
"129","0-30","Loy","30.27","1.53","7.6","2.92","9.33","132","58","2.70","1.5","46.51","1.0","7.09","1.92","13.66","0.1","1341034214.46","Sabzi"
"130","0-30","Qumoq","40.72","1.67","7.5","3.92","23.08","80","63","1.38","0.9","","0.8","9.11","0.87","14.76","0.1","405622346.14","Makkajo'xori"
"131","0-30","Loy","32.26","1.78","7.7","3.7","9.6","71","131","1.37","1.5","47.05","","8.85","1.93","","0.1","476759564.55","Sabzi"
"132","0-30","Yengil qum","31.26","1.8","7.7","3","31.41","107","47","0.76","0.7","61.71","10.0","9.26","0.62","11.95","0.1","99976192.37","Makkajo'xori"
"133","0-30","Yengil qum","40.9","1.58","7.6","4.26","11.78","103","54","2.36","0.9","77.15","3.2","10.48","1.23","12.16","0.2","850653560.57","Sabzi"
"134","0-30","Yengil qum","32.03","1.68","7.5","1.79","35.33","126","93","1.95","1.3","58.55","3.2","7.74","1.44","9.12","0.2","697406837.58","Makkajo'xori"
"135","0-30","Qumoq","37.03","1.47","7.4","3.36","6.48","154","129","3.75","1.5","64.39","3.5","6.5","2.35","10.91","0.3","52427651.67","Sabzi"
"136","0-30","Yengil qum","37.38","1.81","8.7","2.48","32.76","36","17","0.15","0.5","80.12","0.4","7.79","0.20","10.17","0.1","1668813647.05","Makkajo'xori"
"137","0-30","Qumoq","37.47","1.55","8.5","1.94","23.53","14","15","0.09","0.4","46.25","0.2","7.67","0.09","12.7","0.1","1509421548.95","Sabzi"
"138","0-30","Yengil qum","39.3","1.62","8.6","2.54","40.99","10","15","0.10","0.4","","0.1","6.38","0.07","8.11","0.1","","Makkajo'xori"
"139","0-30","Qumoq","40.22","1.67","8.6","1.61","44.82","15","12","0.01","0.4","38.53","0.2","9.38","","11.09","0.1","754870191.68","Sabzi"
"140","0-30","Yengil qum","34.81","1.51","8.1","4.84","52.45","111","17","0.43","0.6","65.35","2.8","","0.62","13.74","0.2","1041931142.63","Makkajo'xori"
"141","0-30","Qumoq","31.3","1.58","7.9","0.67","45.76","129","16","0.73","0.8","47.96","2.7","5.34","0.56","10.75","0.4","919746349.21","Sabzi"
"142","0-30","Qumoq","41.76","1.75","8.0","4.11","16","66","13","0.68","0.4","46.44","0.7","10.6","0.25","12.83","0.1","99809442.65","Makkajo'xori"
"143","0-30","Qumoq","33.45","1.46","8.0","2.32","21.77","55","11","0.55","0.4","35.65","0.7","8.46","0.26","10.23","0.1","821085065.87","Sabzi"
"144","0-30","Yengil qum","40.49","1.78","7.8","5.59","51.78","61","21","0.64","0.4","45.85","0.9","8.59","0.37","13.55","0.2","1454629027.48","Makkajo'xori"
"145","0-30","Yengil qum","37.72","1.37","8.0","4.85","22.51","61","7","0.82","0.3","47.3","0.8","8.61","0.28","12.98","0.2","334991938.93","Sabzi"
"146","0-30","Yengil qum","38.63","1.71","8.2","2.17","39.69","51","","0.54","0.3","71.13","0.4","7.12","0.14","11.12","0.1","2481665352","Makkajo'xori"
"147","0-30","Yengil qum","36.13","1.49","8.2","2.82","24.14","48","6","0.36","0.3","68.16","0.4","","0.14","11.02","0.1","1613542380.01","Sabzi"
"148","0-30","Qumoq","37.82","1.68","8.1","5.13","37.61","59","5","0.26","0.3","65.06","0.5","6.8","0.16","13.92","0.1","59543499.34","Makkajo'xori"
"149","0-30","Qumoq","32.12","1.39","8.3","3.3","35.7","58","7","0.37","0.3","54.6","0.5","6.75","0.15","11.2","0.1","1290453123.5","Sabzi"
"150","0-30","Qumoq","44.42","1.46","8.1","2.56","19.18","50","5","0.54","0.4","46.88","0.4","8.17","0.20","9.59","0.2","2612886607.05","Makkajo'xori"
"151","0-30","Loy","35.01","1.4","8.0","0.91","29.35","69","7","0.42","0.4","56.74","0.5","10.19","0.19","15.45","0.1","","Sabzi"
"152","0-30","Qumoq","31.22","1.66","7.9","4.11","16.18","90","9","0.68","0.4","50.9","1.0","8.57","0.37","9.53","0.2","2105481713.71","Makkajo'xori"
"153","0-30","Loy","39.91","1.77","7.9","4.22","34.05","84","12","1.00","0.4","54.84","0.8","9.05","0.30","10.97","0.1","","Sabzi"
"154","0-30","Yengil qum","37.42","1.7","8.3","0.75","20.05","48","8","0.28","0.3","45.99","0.3","6.47","0.16","10.95","0.1","308287313","Makkajo'xori"
"155","0-30","Loy","36.77","1.57","8.4","4.37","24.1","41","8","0.08","0.3","56.02","0.3","7.67","0.10","12.94","0.1","193830276.89","Sabzi"
"156","0-30","Yengil qum","45.21","1.62","7.8","3.46","19.23","104","10","0.66","0.5","44.76","1.0","8.9","0.43","12.97","0.2","66178097.88","Makkajo'xori"
"157","0-30","Qumoq","33.04","1.46","7.6","2.52","39.79","120","16","1.82","0.8","43.94","1.5","8.29","0.65","10.85","0.3","158938527.8","Sabzi"
"158","0-30","Qumoq","32.91","1.41","8.2","4.15","14.23","41","5","0.39","0.3","62.23","0.5","6.67","0.22","10.37","0.1","1563995519.31","Makkajo'xori"
"159","0-30","Loy","30.05","1.65","8.3","1.19","26.54","58","7","0.37","0.3","44.38","0.5","8.44","0.15","9.14","0.1","581155012.59","Sabzi"
"160","0-30","Yengil qum","31.93","1.55","8.4","2.31","33.49","32","6","0.21","0.3","66.25","0.2","8.25","0.15","10.65","0.1","232678119.7","Makkajo'xori"
"161","0-30","Qumoq","39.48","1.49","8.3","3.59","39.51","52","11","0.23","0.5","50.27","0.6","6.72","0.34","9.17","0.1","91812200.53","Sabzi"
"162","0-30","Qumoq","37.61","1.41","8.1","1.82","11.09","52","12","0.25","0.5","36.29","0.6","9.5","0.34","12.04","0.1","154904164.14","Makkajo'xori"
"163","0-30","Qumoq","42.86","1.65","8.4","3.28","23.94","18","13","0.08","0.5","63.23","0.2","10.04","0.27","14.19","0.1","316857484.26","Sabzi"
"164","0-30","Loy","43.8","1.53","8.6","2","12.69","19","7","0.21","0.4","51.15","0.2","8.45","0.28","10.81","0.1","","Makkajo'xori"
"165","0-30","Yengil qum","33.9","1.67","8.1","5.4","22.51","90","121","1.56","3.4","43.09","3.8","","6.05","12.54","0.6","2127540593.8","Sabzi"
"166","0-30","Qumoq","33.59","1.68","8.0","3.43","25.73","","164","3.35","5.8","49.49","3.4","7.79","9.99","12.68","0.8","1200999814.68","Makkajo'xori"
"167","0-30","Loy","34.61","1.59","8.2","2.33","18.07","117","66","2.79","3.5","56.23","2.0","9.39","6.39","9.45","1.3","1315570110.11","Sabzi"
"168","0-30","Loy","43.05","1.59","8.2","1.42","30.61","69","51","1.52","2.0","61.11","1.4","9.28","2.86","13.38","0.3","1372679921.27","Makkajo'xori"
"169","0-30","Yengil qum","32.99","1.41","8.0","5.55","50.75","171","150","2.52","4.5","44.37","2.8","7.88","7.75","","0.7","665984913.08","Sabzi"
"170","0-30","Qumoq","34.48","1.52","8.0","4.3","10.5","143","92","3.07","4.5","44.48","","7.6","9.45","13.63","0.8","1645221460.05","Makkajo'xori"
"171","0-30","Yengil qum","39.13","1.76","8.0","2.59","14.83","158","118","4.46","6.3","51.8","2.6","6.88","17.46","13.37","0.7","110994042.48","Sabzi"
"172","0-30","Qumoq","40.96","1.57","7.8","4.02","29.47","127","34","2.47","2.4","","1.8","9.56","4.10","12.12","0.4","1150007321.16","Makkajo'xori"
"173","0-30","Qumoq","30.01","1.56","7.7","3.99","28.98","101","38","3.09","3.3","48.51","2.4","","2.95","9.22","0.2","1844892592.46","Sabzi"
"174","0-30","Qumoq","35.36","1.66","7.6","3.53","39.84","132","58","2.70","1.5","76.36","1.0","6.37","1.92","11.85","0.1","1093754038.28","Makkajo'xori"
"175","0-30","Yengil qum","38.02","1.59","7.5","4.94","55.04","80","63","1.38","0.9","40.68","0.8","7.53","0.87","11.97","0.1","356992572.51","Sabzi"
"176","0-30","Yengil qum","32.23","1.37","7.7","2.21","19.36","71","131","1.37","1.5","67.46","1.0","9.53","1.93","10.75","0.1","","Makkajo'xori"
"177","0-30","Yengil qum","34.37","1.56","7.7","5.3","47.29","107","47","0.76","0.7","84.38","10.0","6.91","0.62","12.91","0.1","290061067.2","Sabzi"
"178","0-30","Qumoq","38.74","1.44","7.6","5.49","36.38","103","54","2.36","0.9","54.47","3.2","10.01","1.23","7.43","0.2","1653787849.52","Makkajo'xori"
"179","0-30","Qumoq","34.44","1.5","7.8","1.62","11.51","101","32","0.96","0.8","45.51","1.7","10.08","0.71","10.75","0.3","373209615.78","Sabzi"
"180","0-30","Yengil qum","37.47","1.79","8.2","1.89","11.57","58","10","0.30","0.5","44.42","0.8","","0.27","11.66","0.1","","Makkajo'xori"
"181","0-30","Loy","30.88","1.72","7.9","2.13","35.53","115","8","0.62","0.4","42.94","1.4","7.42","0.56","12.8","0.2","684368397.54","Sabzi"
"182","0-30","Qumoq","34.15","1.75","7.9","1.33","50.19","","30","1.04","0.7","47.37","1.8","7.42","0.78","10.95","0.3","300973017.06","Makkajo'xori"
"183","0-30","Yengil qum","40.64","1.37","8.8","2.73","27.22","17","4","0.10","0.5","41.25","0.3","","0.25","","0.1","62005082.02","Sabzi"
"184","0-30","Yengil qum","38.62","1.58","8.3","2.94","26.69","40","8","0.22","0.5","52.02","0.9","7.47","0.24","11.98","0.1","","Makkajo'xori"
"185","0-30","Loy","35.8","1.5","8.7","1.51","11.4","21","12","0.08","0.4","73.69","0.3","9.01","0.20","10.02","0.1","1203133354.5","Sabzi"
"186","0-30","Yengil qum","42.96","1.71","8.3","3.5","51.42","53","12","0.41","0.4","47.25","0.8","8.99","0.18","13.14","0.1","2340542508.69","Makkajo'xori"
"187","0-30","Qumoq","36.65","1.37","8.0","4.76","15.47","72","15","0.45","0.5","60.26","1.2","9.61","0.64","12.1","0.2","91568952.76","Sabzi"
"188","0-30","Qumoq","34.05","1.63","8.3","1.53","30.04","47","21","0.28","0.5","64.11","0.6","7.55","0.29","10.4","0.1","1149853644.61","Makkajo'xori"
"189","0-30","Yengil qum","38.26","1.68","8.5","2.73","27.03","46","17","0.13","0.4","52.55","0.5","9.54","0.26","12.03","0.1","","Sabzi"
"190","0-30","Yengil qum","35.11","1.51","8.1","3.94","15.2","58","13","0.36","0.4","45.62","0.7","6.43","0.27","14.52","0.1","102955125.65","Makkajo'xori"
"191","0-30","Qumoq","44.65","1.69","8.7","2.69","38.85","31","12","0.55","0.4","67.2","0.3","8.57","0.22","8.17","0.1","2495877132.1","Sabzi"
"192","0-30","Yengil qum","40.91","1.35","8.6","0.66","44.26","41","10","0.54","0.4","51.46","0.4","8.41","0.22","12.06","0.1","1953859608.08","Makkajo'xori"
"193","0-30","Yengil qum","33.97","1.39","8.6","4.84","15.77","56","7","0.90","0.4","55.15","0.4","9.03","0.26","12.19","0.1","58880990.58","Sabzi"
"194","0-30","Loy","35.44","1.76","8.7","3.39","17.01","41","4","0.10","0.4","51.38","0.4","10.32","0.23","9.62","0.1","241335038.36","Makkajo'xori"
"195","0-30","Qumoq","44.84","1.73","7.9","1.22","37.62","11","10","0.77","0.5","35.29","1.6","8.15","0.55","11.73","0.4","411447414.6","Sabzi"
"196","0-30","Yengil qum","36.24","1.35","7.7","5.61","35.46","95","13","0.83","0.6","42.26","1.3","6.13","0.54","11.1","0.2","636780767.88","Makkajo'xori"
"197","0-30","Loy","33.39","1.7","8.1","1.13","54.76","64","7","0.35","0.4","76.01","0.5","8.26","0.20","12.63","0.1","57355503.97","Sabzi"
"198","0-30","Qumoq","35.81","1.4","7.8","5.07","26.37","114","17","1.78","0.6","50.39","1.7","7.69","0.81","11.23","0.3","905890037.54","Makkajo'xori"
"199","0-30","Loy","39.26","1.53","8.0","3.65","41.06","109","12","0.46","0.6","56.91","1.2","9.02","0.43","10.99","0.1","2289950318.07","Sabzi"
"200","0-30","Qumoq","35.93","1.4","8.7","0.82","33.97","21","6","0.19","0.4","57.84","0.1","6.5","0.15","10.66","0.1","2376403879.73","Makkajo'xori"
"201","0-30","Yengil qum","40.32","1.58","8.3","5.34","29.09","48","8","0.28","0.3","","0.3","8.99","0.16","11.29","0.1","156539255.71","Sabzi"
"202","0-30","Qumoq","34.83","1.6","8.4","1","44.9","41","8","0.08","0.3","","0.3","8.31","0.10","12.62","0.1","110103704.89","Makkajo'xori"
"203","0-30","Qumoq","42.76","1.44","7.8","3.26","37.52","104","10","0.66","0.5","41.72","1.0","7.5","0.43","13.97","0.2","314774891.77","Sabzi"
"204","0-30","Qumoq","42.32","1.66","7.6","3.99","27.77","120","16","1.82","0.8","55.1","1.5","7.84","0.65","10.66","0.3","","Makkajo'xori"
"205","0-30","Yengil qum","37.51","1.64","8.2","1.09","20.08","41","5","0.39","0.3","50.89","0.5","8.77","0.22","10.51","0.1","1012895049.62","Sabzi"
"206","0-30","Yengil qum","30.19","1.68","7.9","4.37","34.17","69","13","0.58","0.4","44.72","0.6","5.88","0.20","11.22","0.1","","Makkajo'xori"
"207","0-30","Yengil qum","32.16","1.42","7.7","1.45","6.2","81","14","0.95","0.5","57.78","0.8","8.83","0.36","13.98","0.1","189020551.31","Sabzi"
"208","0-30","Yengil qum","43.55","1.79","7.8","2.56","20.48","83","12","0.65","0.5","46.49","1.0","10.22","0.46","11.11","0.1","1016700554.91","Makkajo'xori"
"209","0-30","Yengil qum","42.21","1.39","8.6","1.64","25.45","41","10","0.54","0.4","44.84","0.4","6.01","0.22","12.66","0.1","2898071816.84","Sabzi"
"210","0-20 sm","Yengil qum","35.41","1.43","8.6","3.67","17.04","56","7","0.90","0.4","54.46","0.4","6.34","0.26","10.98","0.1","257135197.25","Makkajo'xori"
"211","0-20 sm","Yengil qum","36.04","1.61","8.7","2.96","40.37","41","4","0.10","0.4","67.44","0.4","9.31","0.23","13.68","0.1","2000132867.38","Sabzi"
"212","0-20 sm","Yengil qum","43.81","1.57","7.9","0.64","23.31","11","10","0.77","0.5","50.41","1.6","8.85","0.55","13.78","0.4","65141710.89","Makkajo'xori"
"213","0-20 sm","Loy","39.55","1.4","7.7","5.58","11.19","95","13","0.83","0.6","53.24","1.3","10.55","0.54","","0.2","939993423.64","Sabzi"
"214","0-20 sm","Qumoq","42.81","1.82","8.1","1.6","23.64","64","7","0.35","0.4","48.09","0.5","7.38","0.20","10.67","0.1","685190886.53","Makkajo'xori"
"215","0-20 sm","Yengil qum","30.1","1.46","7.8","3.7","51.88","114","17","1.78","0.6","33.34","1.7","7.56","0.81","9.76","0.3","63022171.59","Sabzi"
"216","0-20 sm","Yengil qum","38.21","1.53","8.0","5.13","21.76","109","12","0.46","0.6","58.8","1.2","7.97","0.43","10.25","0.1","1774827879.59","Makkajo'xori"
"217","0-20 sm","Qumoq","36.23","1.56","8.7","4.76","11.52","21","6","0.19","0.4","38.64","0.1","9.02","0.15","12.28","0.1","97164211.86","Sabzi"
"218","0-20 sm","Yengil qum","37.05","1.75","8.1","0.75","25.54","81","9","0.57","0.4","45.74","0.7","7.77","0.22","9.06","0.1","","Makkajo'xori"
"219","0-20 sm","Qumoq","42.67","1.58","7.7","2.91","40.36","49","15","0.88","0.5","51.19","0.5","7.63","0.25","11.28","0.1","352539190.07","Sabzi"
"220","0-20 sm","Loy","38.58","1.44","8.0","4.34","24.27","122","164","3.35","5.8","50.02","3.4","6.94","9.99","14.91","0.8","1415383613.15","Makkajo'xori"
"221","0-20 sm","Qumoq","44.84","1.52","","4.59","40.66","117","66","2.79","3.5","62.12","2.0","7.49","6.39","11.43","1.3","","Sabzi"
"222","0-20 sm","Yengil qum","34.73","1.6","8.2","1.7","21.76","69","51","1.52","2.0","51.51","1.4","6.96","2.86","12.89","0.3","152893419.62","Makkajo'xori"
"223","0-20 sm","Qumoq","41.98","1.56","8.0","1.92","43.58","171","150","2.52","4.5","55.25","2.8","7.51","7.75","12.24","0.7","1413411563.86","Sabzi"
"224","0-20 sm","Qumoq","31.7","1.47","8.0","4.68","25.12","143","92","3.07","4.5","58.78","2.3","7.92","9.45","10.24","0.8","514475115.5","Makkajo'xori"
"225","0-20 sm","Qumoq","38.33","1.65","8.0","3.89","60.19","158","118","4.46","6.3","47.31","2.6","7.41","17.46","9.82","0.7","732865204.4","Sabzi"
"226","0-20 sm","Qumoq","32.69","1.42","7.8","4.93","46.86","127","34","2.47","2.4","48.56","1.8","8.78","4.10","14.29","0.4","476305357.8","Makkajo'xori"
"227","0-20 sm","Qumoq","38.16","1.38","7.7","2.05","21.45","101","38","3.09","3.3","51.27","2.4","8.73","2.95","12.3","0.2","1438428946.87","Sabzi"
"228","0-20 sm","Yengil qum","39.37","1.76","7.6","3.91","46.68","132","58","2.70","1.5","45.3","1.0","7.3","1.92","15.35","0.1","1581585554.35","Makkajo'xori"
"229","0-20 sm","Yengil qum","39.92","1.31","7.5","1.43","47.52","80","63","1.38","0.9","","0.8","8.28","0.87","10.62","0.1","2594705078.06","Sabzi"
"230","0-20 sm","Yengil qum","37.45","1.44","7.7","1.68","19.65","71","131","1.37","1.5","61.24","1.0","8.12","1.93","13.28","0.1","1169078947.48","Makkajo'xori"
"231","0-20 sm","Yengil qum","30.76","1.63","7.7","1.54","34.24","107","47","0.76","0.7","40.88","10.0","9.32","0.62","","0.1","725113593.04","Sabzi"
"232","0-20 sm","Yengil qum","38.48","1.52","7.6","2.9","35.41","103","54","2.36","0.9","66.7","3.2","8.77","1.23","11.59","0.2","106479502.71","Makkajo'xori"
"233","0-20 sm","Yengil qum","41.96","1.6","8.0","5.65","13.31","109","12","0.46","0.6","52.22","","","0.43","12.82","0.1","","Sabzi"
"234","0-20 sm","Loy","31.96","1.85","8.7","5.26","25.71","21","6","0.19","0.4","45.01","0.1","6.59","","9.95","0.1","138060219.02","Makkajo'xori"
"235","0-20 sm","Yengil qum","32.66","1.51","8.1","2.15","21.24","81","9","0.57","0.4","49.06","0.7","9.29","0.22","8.18","0.1","1885826847.98","Sabzi"
"236","0-20 sm","Loy","35.45","1.68","7.7","1.42","20.7","49","15","0.88","0.5","52.58","0.5","10.1","0.25","11.5","0.1","42388793.7","Makkajo'xori"
"237","0-20 sm","Loy","40.02","1.72","7.5","1.88","29.27","160","35","2.25","0.6","60.98","2.9","8.6","1.50","12.36","0.9","803296443.14","Sabzi"
"238","0-20 sm","Qumoq","38.77","1.5","7.9","2.8","17.11","76","19","0.65","0.5","55.12","0.9","6.46","0.50","9.74","0.1","","Makkajo'xori"
"239","0-20 sm","Yengil qum","41.25","1.7","7.9","3.44","20.44","61","22","","0.6","","0.8","8.2","0.40","10.19","0.1","1352352327.67","Sabzi"
"240","0-20 sm","Yengil qum","30.73","1.73","8.4","1.74","30.94","49","13","0.11","0.4","53.7","0.5","7.45","0.20","15.2","0.1","189846052.53","Makkajo'xori"
"241","0-20 sm","Loy","38.92","1.56","8.6","1.85","45.92","36","9","0.21","0.4","51.16","0.3","6.52","0.19","12.98","0.1","117528413.22","Sabzi"
"242","0-20 sm","Yengil qum","41.42","1.59","8.3","1.78","51.56","57","13","0.33","0.5","63.93","0.6","7.49","0.34","14.45","0.2","106479502.72","Makkajo'xori"
"243","0-20 sm","Qumoq","31.19","1.61","8.4","4.94","25.67","59","15","0.39","0.6","39.03","0.7","6.83","0.53","13.99","0.1","","Sabzi"
"244","0-20 sm","Qumoq","38.72","1.63","8.8","2.95","32.82","21","14","0.12","0.5","57.44","0.2","7.75","0.30","12.54","0.1","","Makkajo'xori"
"245","0-20 sm","Qumoq","32.06","1.78","8.0","2.87","42.57","67","13","0.84","0.3","63.38","0.5","7.58","0.18","10.93","0.1","738727339.48","Sabzi"
"246","0-20 sm","Yengil qum","39.76","1.42","8.0","3.39","37.14","70","14","0.28","0.4","72.33","0.6","7.63","0.22","11.62","0.1","374257870.55","Makkajo'xori"
"247","0-20 sm","Qumoq","42.2","1.64","7.9","2.26","34.79","125","15","0.76","0.5","63.11","1.5","9.22","0.65","10.39","0.3","106479502.71","Sabzi"
"248","0-20 sm","Qumoq","33.45","1.6","7.8","5.35","16.82","129","19","0.92","0.5","42.86","1.7","8.83","0.72","13.38","0.3","171984787.79","Makkajo'xori"
"249","0-20 sm","Loy","34.96","1.63","8.4","4.35","22.08","44","11","0.26","0.4","44.62","0.4","","0.14","11.6","0.1","222069956.31","Sabzi"
"250","0-20 sm","Qumoq","36.62","1.69","8.4","1.18","37.29","50","9","0.13","0.3","51.72","0.4","6.71","0.15","8.96","0.1","","Makkajo'xori"
"251","0-20 sm","Yengil qum","30.54","1.44","7.7","3.7","35.17","123","23","2.08","0.5","62.37","1.3","8.32","0.51","14.09","0.2","354381008.74","Sabzi"
"252","0-20 sm","Yengil qum","38.42","1.51","7.8","2.82","29.1","128","15","0.65","0.4","41.82","1.2","7.08","0.48","9.51","0.2","655991577.14","Makkajo'xori"
"253","0-20 sm","Yengil qum","36.73","1.73","7.9","4.43","15.49","84","18","0.82","0.8","42.43","1.3","10.19","0.63","12.18","0.1","1965838670.84","Sabzi"
"254","0-20 sm","Qumoq","32.54","1.79","8.0","4.06","43.63","89","14","0.63","0.5","54.35","1.0","8.6","0.46","12.33","0.1","1569447226.23","Makkajo'xori"
"255","0-20 sm","Qumoq","43.34","1.32","7.9","3.73","32.39","81","18","0.87","0.5","57.83","1.0","6.73","0.42","14.2","0.1","2429996420.79","Sabzi"
"256","0-20 sm","Loy","41.83","1.68","7.8","4.78","15.06","95","16","0.51","0.5","46.78","1.3","9.68","0.49","13.74","0.1","1027673060.82","Makkajo'xori"
"257","0-20 sm","Qumoq","31.73","1.61","7.8","4.87","46.74","129","20","0.80","0.5","66.88","1.3","6.13","0.47","10.84","0.1","2277174295.53","Sabzi"
"258","0-20 sm","Qumoq","34.4","1.58","7.7","4.87","29.2","140","16","1.38","0.5","45.51","1.9","9.9","0.76","13.59","0.4","","Makkajo'xori"
"259","0-20 sm","Yengil qum","38.29","1.32","8.1","0.66","44.84","111","17","0.43","0.6","49.35","2.8","9.72","0.62","12.99","0.2","563064300.28","Sabzi"
"260","0-20 sm","Qumoq","34.83","1.48","7.9","1.09","8.63","129","16","0.73","0.8","63.69","2.7","1.61","0.56","12.59","0.4","2170215015.14","Makkajo'xori"
"261","0-20 sm","Loy","35.29","1.68","8.0","1.48","43.81","66","13","0.68","0.4","39.77","0.7","3.55","0.25","9.27","0.1","2358248596.64","Sabzi"
"262","0-20 sm","Yengil qum","32.55","1.32","8.0","1.74","28.91","55","11","0.55","0.4","33.16","0.7","2.39","0.26","11.94","0.1","2281532608.42","Makkajo'xori"
"263","0-20 sm","Qumoq","40.77","1.44","7.8","2.7","9.33","61","21","0.64","0.4","63.42","0.9","1.68","0.37","13.86","0.2","608542714.52","Sabzi"
"264","0-20 sm","Qumoq","35.04","1.72","8.0","1.62","9.62","61","7","0.82","0.3","53.53","0.8","1.87","0.28","9.65","0.2","509401623.89","Makkajo'xori"
"265","0-20 sm","Qumoq","35.88","1.85","8.2","2.24","49.26","51","5","0.54","0.3","67.28","0.4","5.67","0.14","12.07","0.1","1914056956.39","Sabzi"
"266","0-20 sm","Qumoq","31.2","1.48","8.2","2.81","22.87","48","6","0.36","0.3","61.35","0.4","3.81","0.14","11.91","0.1","2452375998.71","Makkajo'xori"
"267","0-20 sm","Yengil qum","33.85","1.55","8.1","2.36","25.28","59","5","0.26","0.3","44.33","0.5","6.39","0.16","","0.1","1256568573.31","Sabzi"
"268","0-20 sm","Qumoq","38.68","1.6","8.3","4.36","37.57","58","7","0.37","0.3","51.43","0.5","2.93","0.15","14.73","0.1","366021105.11","Makkajo'xori"
"269","0-20 sm","Yengil qum","40.48","1.47","8.1","4.32","12.04","50","5","0.54","0.4","47.79","0.4","3.8","0.20","11.91","0.2","1016598462.07","Sabzi"
"270","0-20 sm","Qumoq","42.79","1.8","8.0","0.7","59.87","69","7","0.42","0.4","59","0.5","3.57","0.19","14.14","","502339764.42","Makkajo'xori"
"271","0-20 sm","Qumoq","43.26","1.36","7.9","4.85","25.61","90","9","0.68","0.4","56.78","1.0","4.75","0.37","12.11","0.2","1520029236.82","Sabzi"
"272","0-20 sm","Qumoq","38.86","1.55","7.9","1.36","43.09","84","12","1.00","0.4","44.88","0.8","3.16","0.30","13.22","0.1","1933675258.57","Makkajo'xori"
"273","0-20 sm","Qumoq","42.35","1.58","8.3","0.81","49.94","48","8","0.28","0.3","48.2","0.3","1.77","0.16","12.62","0.1","2774543583.06","Sabzi"
"274","0-20 sm","Yengil qum","38.2","1.53","8.4","3.31","36.04","41","8","0.08","0.3","71.96","0.3","1.42","0.10","12.04","0.1","","Makkajo'xori"
"275","0-20 sm","Yengil qum","40.35","1.41","7.8","1.06","58.42","104","10","0.66","0.5","55.28","1.0","5.88","0.43","12.19","0.2","106479502.71","Sabzi"
"276","0-20 sm","Qumoq","36.41","1.4","7.6","","9.03","120","16","1.82","0.8","56.47","1.5","3.64","0.65","12.78","0.3","158219165.37","Makkajo'xori"
"277","0-20 sm","Qumoq","42.71","1.83","8.2","4.34","56.25","41","5","0.39","0.3","51.41","0.5","2.23","0.22","13.99","0.1","2682075695.35","Sabzi"
"278","0-20 sm","Yengil qum","40.63","1.39","7.9","1.65","23.42","69","13","0.58","0.4","","0.6","1.91","0.20","10.87","0.1","1568095282.84","Makkajo'xori"
"279","0-20 sm","Qumoq","37.4","1.47","7.7","1.79","22.34","81","14","0.95","0.5","55.86","0.8","1.42","0.36","13.21","0.1","","Sabzi"
"280","0-20 sm","Yengil qum","30.91","1.78","7.8","3.03","10.98","83","12","0.65","0.5","50.82","1.0","12.1","0.46","14.83","0.1","106479502.71","Makkajo'xori"
"281","0-20 sm","Qumoq","32.77","1.81","8.2","1.3","21.86","49","11","0.43","0.6","57.72","0.5","2.93","0.35","13.52","0.1","106479502.71","Sabzi"
"282","0-20 sm","Yengil qum","34.03","1.72","8.3","4.63","19.32","70","10","0.31","0.5","45.99","0.5","3.87","0.27","11.53","0.1","2084155227.68","Makkajo'xori"
"283","0-20 sm","Qumoq","42.1","1.73","8.3","1.11","14.94","41","7","0.27","0.5","49.14","0.4","5.37","0.35","14.74","0.1","","Sabzi"
"284","0-20 sm","Loy","30.84","1.72","8.1","5.58","38.89","37","11","0.09","0.5","62.22","0.3","2.1","0.29","13.81","0.1","1356242436.43","Makkajo'xori"
"285","0-20 sm","Loy","39.99","1.46","8.0","3.89","9.52","84","11","0.46","0.5","61.79","0.8","10.99","0.24","11.53","0.1","739677721.73","Sabzi"
"286","0-20 sm","Yengil qum","36.22","1.52","8.1","5.51","40.59","64","11","0.32","0.4","34.27","0.6","4.97","0.22","11.34","0.1","60068384.63","Makkajo'xori"
"287","0-20 sm","Qumoq","42.62","1.37","8.4","1.23","17.03","39","6","0.38","0.4","50.28","0.4","5.09","0.20","11.62","0.1","1307971862.8","Sabzi"
"288","0-20 sm","Loy","44.07","1.72","8.4","2.71","27.75","32","6","0.21","0.3","46.88","0.2","1.81","0.15","12.44","0.1","857604183.91","Makkajo'xori"
"289","0-20 sm","Yengil qum","35.06","1.54","8.3","0.6","31.84","52","11","0.23","0.5","67.12","0.6","2.95","0.34","12.28","0.1","","Sabzi"
"290","0-20 sm","Loy","37.65","1.78","8.1","4.19","41.56","52","12","0.25","0.5","56.94","0.6","3.94","0.34","13.23","0.1","106479502.71","Makkajo'xori"
"291","0-20 sm","Qumoq","36.76","1.47","8.4","4.09","27.97","18","13","0.08","0.5","41.95","0.2","3.68","0.27","10.72","0.1","2868767183.32","Sabzi"
"292","0-20 sm","Qumoq","42.74","1.51","8.6","0.75","55.35","19","7","0.21","0.4","42.15","0.2","14.27","0.28","11.78","0.1","955947468.13","Makkajo'xori"
"293","0-20 sm","Qumoq","34.99","1.37","8.1","5.51","31.58","90","121","1.56","3.4","57.46","3.8","7.95","6.05","11.32","0.6","2393261336.93","Sabzi"
"294","0-20 sm","Qumoq","38.37","1.7","8.0","3.09","24.25","122","164","3.35","5.8","61.79","3.4","5.23","9.99","13.16","0.8","2087829514.36","Makkajo'xori"
"295","0-20 sm","Yengil qum","31.33","1.61","8.2","1.23","21.64","117","66","2.79","3.5","70.4","2.0","10.47","6.39","12.26","1.3","707483679.02","Sabzi"
"296","0-20 sm","Loy","30.4","1.62","8.2","4.49","32.61","69","51","1.52","2.0","","1.4","5.3","2.86","12.92","0.3","858624572.26","Makkajo'xori"
"297","0-30","Loy","","1.78","8.0","0.72","26.94","171","150","2.52","4.5","60.91","2.8","6.25","7.75","","0.7","888859364.21","Sabzi"
"298","0-30","Yengil qum","","1.65","8.0","2.23","25.23","143","92","3.07","4.5","56.22","2.3","1.07","9.45","9.64","0.8","278493463.91","Makkajo'xori"
"299","0-30","Yengil qum","","1.7","8.0","2.55","36.28","158","118","4.46","6.3","62.14","2.6","3.48","17.46","13.93","0.7","1983050004.99","Sabzi"
"300","0-30","Qumoq","","1.5","7.8","3.73","20.25","127","34","2.47","2.4","48.29","1.8","6.4","4.10","14.03","0.4","1752814348.15","Makkajo'xori"
"301","0-30","Loy","","1.54","7.7","4.88","35.06","101","38","3.09","3.3","","2.4","3.18","2.95","9.45","0.2","2468826318.68","Sabzi"
"302","0-30","Yengil qum","","1.38","7.6","2.89","58.18","132","58","2.70","1.5","51.73","1.0","2.47","1.92","12.97","0.1","","Makkajo'xori"
"303","0-30","Yengil qum","","1.32","7.5","3.26","21.91","80","63","1.38","0.9","46.69","0.8","2.7","0.87","12.23","0.1","2158601131.08","Sabzi"
"304","0-30","Loy","","1.59","7.7","3.39","40.37","71","131","1.37","1.5","55.11","1.0","2.95","1.93","12.06","0.1","2462070992.08","Makkajo'xori"
"305","0-30","Yengil qum","","1.5","7.7","1.38","41.21","107","47","0.76","0.7","58.47","10.0","2.03","0.62","11.59","0.1","328187149.72","Sabzi"
"306","0-30","Yengil qum","","1.39","7.6","1.18","42.63","103","54","2.36","0.9","54.44","3.2","1.79","1.23","12.21","0.2","876200853.4","Makkajo'xori"
"307","0-30","Qumoq","","1.52","7.5","3.21","9.82","126","93","1.95","1.3","","3.2","2.91","1.44","","0.2","1704014133.8","Sabzi"
"308","0-30","Yengil qum","","1.76","7.4","3.25","32.53","154","129","3.75","1.5","48.94","3.5","2.78","2.35","11.81","0.3","341003065.01","Makkajo'xori"
"309","0-30","Loy","","1.73","7.7","2.47","26.6","107","47","0.76","0.7","72.82","10.0","6.56","0.62","9.87","0.1","866622437.88","Sabzi"
"310","0-30","Yengil qum","","1.71","7.6","2.63","46.62","103","54","2.36","0.9","50.49","3.2","2.88","1.23","12.43","0.2","1745555798.44","Makkajo'xori"
"311","0-30","Yengil qum","","1.36","7.5","2.64","28.32","126","93","1.95","1.3","57.92","3.2","2.66","1.44","12.14","0.2","857776112.56","Sabzi"
"312","0-30","Qumoq","","1.41","7.4","1.41","11.64","154","129","3.75","1.5","52.12","3.5","3.92","","8.52","0.3","106479502.71","Makkajo'xori"
"313","0-30","Loy","","1.72","8.7","2.44","11.54","36","17","0.15","0.5","49.74","0.4","6.46","0.20","13.24","0.1","1137894197.49","Sabzi"
"314","0-30","Qumoq","","1.82","8.5","4.2","8.87","14","15","0.09","0.4","55.82","0.2","3.63","0.09","10.15","0.1","595562269.87","Makkajo'xori"
"315","0-30","Yengil qum","","1.85","8.6","5.59","17.58","10","15","0.10","0.4","35.44","0.1","8.99","0.07","11.1","0.1","106479502.71","Sabzi"
"316","0-30","Yengil qum","","1.71","8.6","0.68","22.5","15","12","0.01","0.4","49.63","0.2","2.78","0.07","13.74","0.1","421821592.52","Makkajo'xori"
"317","0-30","Qumoq","","1.69","7.9","4.13","8.18","81","18","0.87","0.5","53.72","1.0","9.93","0.42","","0.1","103739014.74","Sabzi"
"318","0-30","Loy","","1.85","7.8","3.47","37.53","95","16","0.51","0.5","46.4","1.3","3.29","0.49","9.66","0.1","54489426.36","Makkajo'xori"
"319","0-30","Yengil qum","","1.5","8.2","2.89","44.07","51","5","0.54","0.3","45.12","0.4","7.55","0.14","","0.1","46691880.34","Sabzi"
"320","0-30","Loy","","","8.2","3.12","21.01","48","6","0.36","0.3","53.43","0.4","9.17","0.14","14.11","0.1","218602110.06","Makkajo'xori"
"321","0-30","Qumoq","","","8.1","1.6","31.81","59","5","0.26","0.3","64.98","0.5","4.66","0.16","10.67","0.1","129687830","Sabzi"
"322","0-30","Qumoq","","","8.3","1.27","22.85","","7","0.37","0.3","62.62","0.5","2.53","0.15","10.41","0.1","53707900.37","Makkajo'xori"
"323","0-30","Yengil qum","","","8.4","4.63","39.85","32","6","0.21","0.3","65.08","0.2","1.86","0.15","9.51","0.1","1574078049.37","Sabzi"
"324","0-30","Yengil qum","","","8.3","5.57","7.43","52","11","0.23","0.5","43.66","0.6","7.81","0.34","13.34","0.1","1102693454.25","Makkajo'xori"
"325","0-30","Loy","","","8.1","4.27","33.46","52","12","0.25","0.5","45.16","0.6","2.46","0.34","12.58","0.1","651081332.08","Sabzi"
"326","0-30","Yengil qum","","","8.4","3.34","32.9","18","13","0.08","0.5","40.45","0.2","5.45","0.27","","0.1","888152721.48","Makkajo'xori"
"327","0-30","Qumoq","","","8.6","1.51","28","19","7","0.21","0.4","58.08","0.2","3.27","0.28","13.92","0.1","346203428.78","Sabzi"
"328","0-30","Loy","","","8.1","5.42","47.94","90","121","1.56","3.4","","3.8","10.32","6.05","12.38","0.6","1371689490.26","Makkajo'xori"
"329","0-30","Qumoq","","","8.0","2.6","27.33","122","164","3.35","5.8","49.35","3.4","2.67","9.99","9.05","0.8","52057875.31","Sabzi"
"330","0-30","Qumoq","","","8.2","3.82","33","117","66","2.79","3.5","45.91","2.0","2.68","6.39","15.93","1.3","568745687.58","Makkajo'xori"
"331","0-30","Qumoq","","","8.2","4.68","45.55","69","51","1.52","2.0","41.27","1.4","3.85","2.86","10.38","0.3","482443745.79","Sabzi"
"332","0-30","Qumoq","","","8.0","2.6","49.18","171","150","2.52","4.5","61","2.8","6.33","7.75","11.46","0.7","933992908.2","Makkajo'xori"
"333","0-30","Loy","","","8.0","1.65","17.18","143","92","3.07","4.5","37.79","2.3","3.93","9.45","","0.8","1378699251.75","Sabzi"
"334","0-30","Yengil qum","","","8.0","2.05","31.09","158","118","4.46","6.3","51.43","2.6","3.74","17.46","13.11","0.7","546751756.36","Makkajo'xori"
"335","0-30","Qumoq","","","7.8","1.39","21.7","127","34","2.47","2.4","54.23","1.8","5.48","4.10","13.08","0.4","625176580.73","Sabzi"
"336","0-30","Yengil qum","","","7.7","1.52","44.46","101","38","3.09","3.3","48.92","2.4","3.78","2.95","12.28","0.2","1616635861.63","Makkajo'xori"
"337","0-30","Yengil qum","","","7.6","2.52","31.61","132","58","2.70","1.5","33.93","1.0","2.45","1.92","10.92","0.1","1756286036.21","Sabzi"
"338","0-30","Loy","","","7.5","1.65","14.45","80","63","1.38","0.9","70.14","0.8","4.38","0.87","9.95","0.1","125034703.09","Makkajo'xori"
"339","0-30","Loy","","","7.7","0.57","9.03","71","131","1.37","1.5","60.63","","2.69","1.93","10.95","0.1","1359576732.12","Sabzi"
"340","0-30","Qumoq","","","7.7","4","34.79","107","47","0.76","0.7","36.4","10.0","3.99","0.62","10.61","0.1","358042398.34","Makkajo'xori"
"341","0-30","Yengil qum","","","7.6","0.78","25.54","103","54","2.36","0.9","70.83","3.2","1.05","1.23","","0.2","992780039.48","Sabzi"
"342","0-30","Yengil qum","","","7.5","2.37","11.3","126","93","1.95","1.3","45.59","3.2","4.62","1.44","9.33","0.2","106479502.71","Makkajo'xori"
"343","0-30","Qumoq","","","7.4","2.07","54.57","154","129","3.75","1.5","31.21","3.5","4.26","2.35","10.65","0.3","112918908.79","Sabzi"
"344","0-30","Loy","","","8.7","1.61","20.75","36","17","0.15","0.5","44.05","","5.66","0.20","14.3","0.1","35037625.89","Makkajo'xori"
"345","0-30","Qumoq","","","8.5","1.49","27.4","14","15","0.09","0.4","75.44","0.2","9.52","0.09","10.56","0.1","723840770.78","Sabzi"
"346","0-20 sm","Yengil qum","","","8.6","0.63","18.55","10","15","0.10","0.4","46.36","0.1","12.46","0.07","13.16","0.1","493276866.55","Makkajo'xori"
"347","0-20 sm","Qumoq","","","8.6","3.98","30.98","15","12","0.01","0.4","63.42","0.2","7.02","0.07","11.38","0.1","135570806.21","Sabzi"
"348","0-20 sm","Loy","","","8.1","2.34","30.66","111","17","0.43","0.6","46.59","2.8","9.57","0.62","15.2","0.2","1883989187.81","Makkajo'xori"
"349","0-20 sm","Yengil qum","","","7.9","4.11","39.5","129","16","0.73","0.8","51.33","2.7","5.16","0.56","8.9","0.4","256658257.92","Sabzi"
"350","0-20 sm","Yengil qum","","","8.0","3.25","18.1","66","13","0.68","0.4","47.19","0.7","1.96","0.25","14.4","0.1","282038834.96","Makkajo'xori"
"351","0-20 sm","Loy","","","8.0","3.58","32.27","55","11","0.55","0.4","45.51","0.7","3.59","0.26","13.42","0.1","397156813.52","Sabzi"
"352","0-30","Qumoq","","","7.8","1.4","17.91","61","21","0.64","0.4","57.53","0.9","3.05","0.37","12.06","0.2","588191081.67","Makkajo'xori"
"353","0-30","Gill","","","8.0","4.59","54.21","61","7","0.82","0.3","44.65","0.8","4.14","0.28","8.4","0.2","106479502.71","Sabzi"
"354","0-20 sm","Loy","","","8.2","2.36","17.63","51","5","0.54","0.3","64.24","0.4","4.49","0.14","10.84","0.1","2056228013.93","Makkajo'xori"
"355","0-20 sm","Qumoq","","","8.2","3.62","31.29","58","10","0.30","0.5","62.11","0.8","2.01","0.27","13.3","0.1","311783489.29","Sabzi"
"356","0-20 sm","Loy","","","7.9","2.34","27.74","115","8","0.62","0.4","52.14","1.4","3.72","0.56","11.01","0.2","560803636.51","Makkajo'xori"
"357","0-20 sm","Qumoq","","","7.9","5.5","10.48","130","30","1.04","0.7","45.32","1.8","1.78","0.78","11.47","0.3","325686790.98","Sabzi"
"358","0-20 sm","Loy","","","8.8","2.96","23.17","17","4","0.10","0.5","49.35","0.3","1.06","0.25","11.91","0.1","1469061444.55","Makkajo'xori"
"359","0-20 sm","Qumoq","","","8.3","3.21","43.33","40","8","0.22","0.5","50.57","0.9","3.91","0.24","11.98","0.1","243512580.45","Sabzi"
"360","0-20 sm","Qumoq","","","8.7","5.25","38.37","21","12","0.08","0.4","52.63","0.3","1.91","0.20","8.9","0.1","1062017501.88","Makkajo'xori"
"361","0-20 sm","Qumoq","","","8.3","3.54","17.22","53","12","0.41","0.4","46.61","0.8","5.46","0.18","11.8","0.1","106479502.71","Sabzi"
"362","0-20 sm","Loy","","","8.0","0.78","20.03","72","15","0.45","0.5","42.95","1.2","2.38","0.64","12.91","0.2","94971109.73","Makkajo'xori"
"363","0-30","Gill","","","8.3","1.7","8.12","47","21","0.28","0.5","","0.6","4.6","0.29","11.56","0.1","277346747.53","Sabzi"
"364","0-20 sm","Qumoq","","","8.5","2.17","36.07","46","17","0.13","0.4","49.77","0.5","5.69","0.26","9.72","0.1","995181848.54","Makkajo'xori"
"365","0-20 sm","Loy","","","8.1","4.4","34.16","58","13","0.36","0.4","60.29","0.7","5.72","0.27","13.4","0.1","963020383.1","Sabzi"
"366","0-20 sm","Yengil qum","","","8.7","1.93","24.11","31","12","0.55","0.4","57.59","0.3","1.86","0.22","10.84","0.1","288200671.35","Makkajo'xori"
"367","0-20 sm","Yengil qum","","","8.6","2.85","18.86","41","10","0.54","0.4","52.87","0.4","2.66","0.22","10.88","0.1","106479502.71","Sabzi"
"368","0-30","Qumoq","","","8.6","4.39","21.57","56","7","0.90","0.4","67.18","0.4","10.59","0.26","11.38","0.1","58672827.1","Makkajo'xori"
"369","0-20 sm","Yengil qum","","","8.7","3.12","40.82","41","4","0.10","0.4","43.78","0.4","5.57","0.23","13.31","0.1","988611855.71","Sabzi"
"370","0-30","Gill","","","7.9","3.4","30.16","11","10","0.77","0.5","52.21","1.6","7.78","0.55","11.31","0.4","1318214410.15","Makkajo'xori"
"371","0-30","Gill","","","7.7","5.44","45.84","95","13","0.83","0.6","34.23","1.3","11.8","0.54","12.67","0.2","241039324.94","Sabzi"
"372","0-20 sm","Qumoq","","","8.1","2.19","31.76","64","7","0.35","0.4","46.03","0.5","5.89","0.20","10.43","0.1","400534131.39","Makkajo'xori"
"373","0-20 sm","Loy","","","7.8","1.1","45.96","114","17","1.78","0.6","39.96","1.7","6.04","0.81","10.18","0.3","430012381.91","Sabzi"
"374","0-30","Loy","","","8.0","4.08","18.1","109","12","0.46","0.6","60.19","1.2","5.41","0.43","11.61","0.1","1069990917.58","Makkajo'xori"
"375","0-30","Qumoq","","","8.7","4.96","39.42","21","6","0.19","0.4","48.67","0.1","2.85","0.15","10.9","0.1","623442505.65","Sabzi"
"376","0-20 sm","Yengil qum","","","8.1","0.84","5.6","81","","0.57","0.4","46.97","0.7","11.58","0.22","14.78","0.1","1302797107.95","Makkajo'xori"
"377","0-20 sm","Qumoq","","","7.7","1.94","42.1","49","15","0.88","0.5","47.55","0.5","4.53","0.25","13.96","0.1","1311656968.91","Sabzi"
"378","0-20 sm","Yengil qum","","","","1.9","37.19","160","35","2.25","0.6","51.06","2.9","4.06","1.50","13.68","0.9","1836432964.26","Makkajo'xori"
"379","0-20 sm","Qumoq","","","7.9","0.93","9.33","76","19","0.65","0.5","49.78","0.9","5.51","0.50","10.54","0.1","284126489.3","Sabzi"
"380","0-30","Qumoq","","","7.9","5.27","49.23","61","22","0.58","0.6","54.03","0.8","10.11","0.40","11.74","0.1","106479502.71","Makkajo'xori"
"381","0-20 sm","Qumoq","","","8.4","1.36","27.49","49","13","0.11","0.4","65.18","0.5","4.71","0.20","","0.1","41466237.61","Sabzi"
"382","0-20 sm","Yengil qum","","","8.6","4.27","40.3","36","9","0.21","0.4","39.83","0.3","3.4","0.19","","0.1","1835527579.06","Makkajo'xori"
"383","0-20 sm","Yengil qum","","","8.3","4.45","13.23","57","13","0.33","0.5","62.54","0.6","1.18","0.34","","0.2","757005026.26","Sabzi"
"384","0-20 sm","Loy","","","8.4","5.09","32.25","59","15","0.39","0.6","48.44","0.7","10.91","0.53","","0.1","106479502.71","Makkajo'xori"
"385","0-30","Gill","","","8.8","5.6","42.33","21","14","0.12","0.5","41.91","0.2","2.4","0.30","","0.1","1536892650.19","Sabzi"
"386","0-30","Gill","","","8.0","5.14","28.7","67","13","0.84","0.3","49.9","0.5","1.22","0.18","","0.1","760655414.67","Makkajo'xori"
"387","0-20 sm","Qumoq","","","8.0","2.15","36.35","70","14","0.28","0.4","57.7","0.6","4.24","0.22","","0.1","1640660301.46","Sabzi"
"388","0-20 sm","Yengil qum","","","7.9","4.78","40.93","125","15","0.76","0.5","41.16","1.5","2.39","0.65","","0.3","122432111.03","Makkajo'xori"
"389","0-20 sm","Qumoq","","","7.8","4.98","36.95","129","19","0.92","0.5","66.18","1.7","2.75","0.72","","0.3","1146322046.41","Sabzi"
"390","0-20 sm","Yengil qum","","","8.4","1.3","24.33","44","11","0.26","0.4","61.07","0.4","8.9","0.14","","0.1","749298929.23","Makkajo'xori"
"391","0-30","Loy","","","8.4","4.15","16.15","50","9","0.13","0.3","51.93","0.4","5.26","0.15","","0.1","267384530.74","Sabzi"
"392","0-20 sm","Qumoq","","","7.7","2.3","35.12","123","23","2.08","0.5","41.82","1.3","2.09","0.51","","0.2","798731753.26","Makkajo'xori"
"393","0-20 sm","Qumoq","","","7.8","3.21","41.25","128","15","0.65","0.4","61.84","1.2","5.4","0.48","","0.2","972329117.51","Sabzi"
"394","0-30","Gill","","","7.9","1.01","23.98","84","18","0.82","0.8","53.42","1.3","3.5","0.63","","0.1","106479502.71","Makkajo'xori"
"395","0-30","Gill","","","8.0","2.33","35.96","89","14","0.63","0.5","56.56","1.0","3.04","0.46","","0.1","519757698.83","Sabzi"
"396","0-20 sm","Yengil qum","","","7.9","3.12","31.47","81","18","0.87","0.5","54.72","1.0","2.55","0.42","","0.1","263615972.2","Makkajo'xori"
"397","0-20 sm","Qumoq","","","7.8","3.38","8.85","95","16","0.51","0.5","74.61","1.3","8.37","0.49","","0.1","755075275.44","Sabzi"
"398","0-20 sm","Yengil qum","","","7.8","1.84","16.96","129","20","0.80","0.5","41.07","1.3","2.78","0.47","","0.1","1599654845.37","Makkajo'xori"
"399","0-30","Gill","","","7.7","2.59","39.27","","16","1.38","0.5","69.46","1.9","3.07","0.76","","0.4","196244258.2","Sabzi"
"400","0-30","Gill","","","8.1","4.89","20.22","111","17","0.43","0.6","46.92","2.8","11.13","0.62","9.09","0.2","1720560916.03","Makkajo'xori"
"401","0-20 sm","Yengil qum","","","7.9","3.27","57.65","129","16","0.73","0.8","37.67","2.7","3.33","0.56","12.87","0.4","593391914.9","Sabzi"
"402","0-20 sm","Loy","","","8.0","5.38","20.55","66","13","0.68","0.4","46.61","0.7","2.9","0.25","9.18","0.1","37707751.67","Makkajo'xori"
"403","0-20 sm","Yengil qum","","","8.0","1.52","9.11","55","11","0.55","0.4","43.5","0.7","3.75","0.26","23.75","0.1","243135883.69","Sabzi"
"404","0-20 sm","Yengil qum","","","7.8","2.28","56.73","61","21","0.64","0.4","62.67","0.9","4.64","0.37","12.78","0.2","106479502.71","Makkajo'xori"
"405","0-20 sm","Yengil qum","","","8.0","4.16","15.49","61","7","0.82","0.3","45.41","0.8","3.87","0.28","14.97","0.2","274809457.78","Sabzi"
"406","0-20 sm","Yengil qum","","","8.2","4.16","47.38","51","5","0.54","0.3","50.21","0.4","8.55","0.14","16.5","0.1","1555825808.55","Makkajo'xori"
"407","0-30","Gill","","","8.2","2.84","33.76","48","6","0.36","0.3","50.07","0.4","4.4","0.14","19.62","0.1","116521061.24","Sabzi"
"408","0-20 sm","Loy","","","8.1","5.21","14.29","59","","0.26","0.3","59.03","0.5","3.82","0.16","9.53","0.1","66295705.3","Makkajo'xori"
"NTTM-241","0-20 sm","Yengil qum","38.17","1.32","5.16","2.29","42.22","18.61","147","3.78","","49.97","0.89","3.3","0.40","12.41","1.77","1532078674.06","Sabzi"
"NMNX-31721","0-20 sm","Qumoq","36.63","1.47","6.07","1.76","25","32.74","180","1.45","","71.55","3.66","6.89","0.41","10.04","1.68","201501078.16","Makkajo'xori"
"NMNX-31842","0-20 sm","Loy","23.62","1.63","6.92","4.02","35.98","19.02","183","1.77","414.3","79.03","3.06","5.64","0.46","13.63","1.84","1095346536.81",""
"NTXM-280","0-20 sm","Gill","27.9","1.77","7.70","2.99","20.43","6.28","116","0.72","494.58","50.58","1.64","1.42","0.50","17.19","0.84","1450915973.47","Sabzi"
"TSPD-2129","0-20 sm","Qumoq","32.08","1.8","7.61","3.63","44.96","6.55","228","1.00","397.51","42.72","0.18","9.26","0.40","13.48","1.22","187271779.59","Makkajo'xori"
"Karta-240","0-20 sm","Qumoq","31.73","1.6","6.50","0.83","24.84","14.31","231","0.94","356.74","65.29","0.27","6.15","0.42","7.95","2.12","106479502.71",""
"NTTM-242","0-20 sm","Yengil qum","27.26","1.5","6.47","2.87","41.13","14.45","183","2.36","411.26","48.15","0.32","9.96","0.46","15.41","1.63","574186466.55","Sabzi"
"NMNX-31963","0-20 sm","Gill","17.4","1.76","5.70","0.88","11","12.10","270","1.70","364.63","","0.33","5.3","0.39","7.68","1.44","1679544720.77","Makkajo'xori"
"NMNX-32084","0-20 sm","Yengil qum","34.51","1.53","6.06","1.63","30.44","10.02","210","2.20","","46.99","0.50","6.94","0.45","19.22","1.17","248895875.86","Paxta"
"NTXM-281","0-20 sm","Qumoq","21.43","1.83","7.55","1.71","52.21","4.89","159","2.47","312.42","64.96","0.16","3.1","0.40","17.11","0.67","1497815150.5","Sabzi"
"TSPD-2130","0-20 sm","Loy","17.03","1.61","7.50","3.55","60.05","5.58","375","2.74","433.56","42.42","0.30","4.54","0.42","20.81","1.29","106479502.71","Makkajo'xori"
"Karta-241","0-20 sm","Gill","32.7","1.74","6.63","0.84","41.31","14.17","126","1.71","313.16","46.16","0.57","5.97","0.39","22.87","1.59","1330886323.62","Paxta"
"NTTM-243","0-20 sm","Yengil qum","32.17","1.47","6.88","0.72","35.21","5.58","150","1.35","384.28","48.18","0.33","5.89","0.41","13.05","1.51","94688255.46","Sabzi"
"NMNX-32205","0-20 sm","Yengil qum","27.76","1.81","7.79","5.02","24.61","2.67","104","1.06","380.79","48.75","0.12","2.87","0.43","11.67","0.82","865626392.91","Makkajo'xori"
"NMNX-32326","0-20 sm","Qumoq","28.38","1.52","7.95","1.01","24.53","15.07","169","1.45","398.41","60.67","0.40","1.61","0.13","12.47","0.65","1615111765.03","Paxta"
"NTXM-282","0-20 sm","Loy","37.25","1.48","7.85","3.16","8.81","16.53","334","2.38","315.14","50.81","0.35","1.24","0.10","11.18","1.30","1546920119.88","Sabzi"
"TSPD-2131","0-20 sm","Yengil qum","37.77","1.78","7.76","2.85","38.63","15.97","245","2.04","309.1","","0.25","4.79","0.17","8.82","1.04","1193586752.11","Makkajo'xori"
"Karta-242","0-20 sm","Gill","21.55","1.6","7.79","1.17","56.6","14.12","287","2.35","","62.43","0.26","3.19","0.12","9.66","0.87","1453220957.81",""
"NTTM-244","0-20 sm","Loy","26.35","1.73","7.76","2.43","32.59","37.00","164","2.40","352.79","59.82","0.71","9.8","0.18","18.09","1.31","380234183.64","Sabzi"
"NMNX-32447","0-20 sm","Gill","39.43","1.64","7.44","5.04","48.47","8.13","129","1.62","407.02","43.76","0.49","2.2","0.11","15.1","1.48","106479502.71","Makkajo'xori"
"NMNX-32568","0-20 sm","Gill","27.46","1.45","7.89","1.13","28.79","10.17","151","1.56","371.19","39.11","0.67","2.74","0.17","12.87","0.99","106479502.71",""
"NTXM-283","0-20 sm","Yengil qum","36.62","1.77","7.75","4.19","14.85","7.78","282","1.47","338.34","35.86","0.19","3.87","0.16","16.41","7.21","106479502.71","Sabzi"
"TSPD-2132","0-20 sm","Yengil qum","31.31","1.55","7.53","2.96","36.01","10.74","517","1.65","376.08","70.86","0.45","6.77","0.10","11.63","2.58","1953251744.09","Makkajo'xori"
"Karta-243","0-20 sm","Yengil qum","29.5","1.47","8.03","3.24","44.14","1.69","255","1.54","335.83","57.24","0.19","1.54","0.14","9.34","1.33","441481869.18","Paxta"
"NTTM-245","0-20 sm","Yengil qum","39.89","1.56","7.21","2.44","23.65","8.55","402","1.43","297.52","55.81","0.44","3.66","0.37","10.34","2.64","1969026992.09","Sabzi"
"NMNX-1359","0-20 sm","Yengil qum","22.77","1.34","7.15","0.66","25.95","46.89","477","1.59","301.32","42.55","0.69","6.05","0.25","11.35","3.84","859620849.22","Makkajo'xori"
"NMNX-264","0-20 sm","Qumoq","35.19","1.7","7.73","1.25","11.79","8.38","364","1.95","351.35","42.32","0.39","3.58","0.13","15.15","2.26","132384301.99","Paxta"
"NTXM-273","0-20 sm","Qumoq","29.43","1.57","5.92","2.63","33.44","7.08","168","2.33","442.51","47.89","0.40","13.36","0.44","15.73","1.63","1298299833.01","Sabzi"
"NMNX-265","0-20 sm","Qumoq","34.69","1.52","7.69","1.21","27.26","4.08","347","2.57","369.21","56.1","0.48","4.6","0.53","12.14","3.11","1155486056.4","Makkajo'xori"
"NTXM-274","0-20 sm","Yengil qum","35.12","1.8","7.60","1.61","22.78","3.28","374","2.10","353.44","52.86","0.50","4.55","0.51","18.58","1.20","344863286.78","Paxta"
"NMNT-266","0-20 sm","Qumoq","19.55","1.53","8.01","1.59","50.86","3.18","154","1.95","364.71","","0.32","10.9","0.49","10.27","1.25","494858899.04","Sabzi"
"NTTM-235","0-20 sm","Yengil qum","25.43","1.73","7.95","1.67","7.85","4.02","196","2.52","324.55","59.28","0.53","1.32","0.40","26","1.43","208806115.73","Makkajo'xori"
"NMNX-31715","0-20 sm","Yengil qum","29.29","1.49","6.15","3.02","26.13","11.97","197","2.05","347.68","44.57","0.71","3.03","0.71","14.36","2.45","1228924646.07",""
"NMNX-31836","0-20 sm","Yengil qum","21.42","1.78","5.69","0.8","7.68","8.10","148","1.80","273.95","50.67","0.45","9.3","0.89","10.69","1.79","417498025.21","Sabzi"
"NTXM-274","0-20 sm","Loy","21.07","1.62","7.86","4.84","9.99","7.27","210","1.69","317.73","78.17","0.70","7.62","0.28","26.16","1.37","329144297.05","Makkajo'xori"
"NMNX-266","0-30","Gill","34.65","1.37","8.07","3.68","47.59","7.18","246","2.06","299.95","64.42","2.07","1.74","0.20","14.54","0.92","1336541078.76",""
"NTXM-275","0-30","Yengil qum","28.46","1.41","7.81","1.54","38.48","4.65","273","1.81","291.16","56.8","0.68","3.06","0.14","9.58","1.17","80215989.62","Sabzi"
"NMNT-267","0-30","Yengil qum","35.04","1.6","7.80","0.99","19.1","7.76","184","1.52","420.37","","0.55","3.08","0.10","12.91","1.05","466719513.09","Makkajo'xori"
"NTTM-236","0-30","Yengil qum","24.29","1.47","6.62","5.36","19.17","8.63","156","1.77","443.41","57.37","0.65","2.66","0.32","25.69","1.62","28238911.23","Paxta"
"NMNX-31716","0-30","Qumoq","28.12","1.78","7.22","3.46","11.45","7.86","221","1.76","485.78","75.76","0.76","7.16","0.16","9.78","1.97","43063822.98","Sabzi"
"NMNX-31837","0-30","Gill","24.24","1.78","7.84","0.55","11.44","59.29","1208","4.62","409.2","69.96","3.06","3.22","0.44","8.85","3.90","1404517844.35","Makkajo'xori"
"NTXM-275","0-20 sm","Gill","37.99","1.42","8.05","1.26","16.13","3.28","97","1.30","316.87","53.99","0.58","6.98","0.10","17.02","0.85","778852743.52","Paxta"
"NMNX-267","0-20 sm","Loy","37.8","1.32","7.80","4.26","13.62","4.14","274","2.02","303.76","45.08","0.98","3.74","0.10","17.32","1.42","332134","Sabzi"
"NTXM-276","0-30","Qumoq","21.06","1.49","7.79","1.07","17.66","14.16","361","2.25","361.86","37.59","0.85","5.23","0.38","15.03","1.59","432897496.49","Makkajo'xori"
"NMNT-268","0-20 sm","Yengil qum","38.62","1.66","7.96","1.94","49.29","14.39","694","2.02","414.52","65.46","1.27","1.15","0.47","14.23","1.69","198599406.41","Paxta"
"NTTM-237","0-20 sm","Gill","32.5","1.34","7.88","2.45","29.95","11.04","795","2.41","430.14","38.72","0.70","2.04","0.30","24.46","8.01","213566677","Sabzi"
"NMNX-31717","0-20 sm","Yengil qum","34.36","1.73","7.89","4.61","29.55","9.78","570","1.98","378.56","52.66","0.80","7.97","0.40","11.72","0.87","106479502.71","Makkajo'xori"
"NMNX-31838","0-20 sm","Gill","16.03","1.58","8.12","1.84","18.72","7.87","306","1.91","462.47","50.97","0.98","2.92","0.12","21.41","1.58","332134","Paxta"
"NTXM-276","0-20 sm","Qumoq","20.85","1.4","7.93","1.38","13.54","20.09","392","1.95","366.01","56.91","1.53","5.92","0.17","21.13","2.11","213566677","Sabzi"
"NMNX-268","0-20 sm","Loy","36.35","1.69","7.79","3.05","25.41","6.29","332","2.85","351.5","51.06","0.85","3.29","0.41","8.84","2.02","1493828695.56","Makkajo'xori"
"NTXM-277","0-20 sm","Yengil qum","39.69","1.49","6.17","5","33.51","56.84","228","2.46","484.02","50.14","1.47","1.19","0.41","13.85","2.78","433251053.77","Paxta"
"NMNT-269","0-20 sm","Yengil qum","23.68","1.78","6.69","0.95","12.39","56.86","160","1.92","375.83","67.8","1.28","3.99","0.35","12.21","3.04","532903472.08","Sabzi"
"NTTM-238","0-20 sm","Gill","22.01","1.54","5.11","3.2","50.59","16.66","74","1.90","448.36","73.1","1.51","3.42","0.69","17.05","1.40","315217541.26","Makkajo'xori"
"NMNX-31718","0-30","Loy","31.94","1.34","5.34","4.9","38.01","11.94","89","1.98","348.8","44.85","1.00","4.07","0.52","11.73","1.56","170534843.52","Paxta"
"NMNX-31839","0-20 sm","Gill","36.45","1.66","7.79","2.37","23.61","3.01","160","1.37","401.46","45.11","0.69","4.45","0.10","11.96","1.67","401145615.49","Sabzi"
"NTXM-277","0-20 sm","Gill","25.9","1.61","7.99","3.34","34.6","3.19","174","1.89","","66.88","0.74","6.85","0.12","21.49","1.48","657395371.61","Makkajo'xori"
"NMNX-269","0-20 sm","Yengil qum","27.24","1.66","8.08","2.74","15.74","2.61","128","1.99","357.98","44.74","0.80","1.99","0.12","9.46","1.68","106479502.71","Paxta"
"NTXM-278","0-20 sm","Yengil qum","28.54","1.4","7.84","2.36","10.74","2.19","330","2.34","328.04","58.65","0.69","11.67","0.13","14.58","2.56","1948722875.11","Sabzi"
"NMNT-270","0-20 sm","Gill","25.9","1.34","7.90","4.4","31.65","3.68","317","1.37","298.65","43.33","1.03","3.05","0.14","9.83","2.73","1581172318.33","Makkajo'xori"
"NTTM-239","0-20 sm","Yengil qum","21.13","1.57","7.98","1.46","23.25","3.89","249","1.89","480.18","53.53","0.89","3.4","0.10","12.31","1.11","275910221.8","Paxta"
"NMNX-31719","0-20 sm","Loy","24.09","1.34","7.97","2.88","12.9","2.34","146","1.99","403.64","59.72","0.56","12.53","0.11","21.19","0.83","1203400382.25","Sabzi"
"NMNX-31840","0-20 sm","Loy","21.14","1.55","7.84","1.04","41.92","12.09","518","2.34","394.05","44.46","1.49","3.54","0.18","12.64","2.48","139859503.05","Paxta"
"NTXM-278","0-20 sm","Loy","24.18","1.41","6.40","3.2","33.38","4.94","100","1.38","406.93","68.56","0.71","7.64","0.12","13.08","1.55","106479502.71","Paxta"
"NMNX-270","0-20 sm","Qumoq","30.78","1.7","5.89","1.15","12.14","8.29","80","1.55","426.62","44.75","0.82","5.59","1.22","16.51","1.47","1045234514.58","Sabzi"
"NTXM-279","0-20 sm","Loy","26.6","1.44","5.54","4.23","28.49","8.06","118","0.96","448.2","","0.71","6.85","1.43","19.82","1.63","429230847.82","Makkajo'xori"
"NMNT-271","0-20 sm","Loy","23.54","1.67","6.21","4.42","27.41","4.75","119","1.81","346.12","51.45","0.87","6.38","0.31","20.18","1.95","138858518.18",""
"NTTM-240","0-20 sm","Yengil qum","24.19","1.67","6.18","5.38","34.94","18.49","196","1.04","416.66","52.26","0.80","2.17","0.51","13.66","4.22","899824578.2","Sabzi"
"NMNX-31720","0-20 sm","Gill","21.98","1.59","6.99","2.56","32.74","6.30","205","1.75","396.4","67.8","0.92","1.62","0.10","9.12","2.56","628779310.72","Makkajo'xori"
"NMNX-31841","0-20 sm","Qumoq","17.69","1.41","7.67","3.14","9.64","8.55","549","2.51","316.41","77.93","1.27","9.96","0.17","20.89","4.83","71137244.29",""
"TSPD-2132","0-30","Qumoq","17","1.73","7.83","3.43","46.98","4.66","180","2.06","365.03","70.86","1.34","6.41","0.32","18.45","4.55","106479502.71","Sabzi"
"NMNX-32810","0-30","Qumoq","39.42","1.74","7.83","1.44","17","2.74","203","2.03","","38.39","1.12","14.45","0.11","21.6","3.10","598206058.36","Makkajo'xori"
"NMNX-265","0-30","Loy","25.81","1.57","7.85","4.88","25.41","4.88","237","2.36","315.54","74.59","1.21","7.36","0.22","11.02","4.80","585441938.59",""
"NTXM-275","0-30","Loy","26.14","1.39","7.37","1.87","36.15","4.29","115","0.98","351.25","52.46","0.83","5.74","0.12","21.44","1.98","735238196.7","Sabzi"
"NTXM-277","0-30","Loy","38.3","1.53","8.16","4.65","62.42","5.46","266","0.54","356.4","68.64","0.70","11.98","0.16","22.06","2.82","43759182.15","Makkajo'xori"
"NMNT-270","0-30","Yengil qum","16.99","1.44","7.77","3.64","39.33","9.08","303","2.06","429.04","","0.60","8.41","0.18","14.89","1.97","1410054998.61",""
"NMNX-270","0-30","Qumoq","37.54","1.51","8.02","3.62","23.23","4.10","221","1.18","","52.17","0.61","1.45","0.11","20.81","0.71","166522720.12","Sabzi"
"NMNX-32321","0-30","Qumoq","19.46","1.87","8.12","3.43","17.54","2.95","269","1.48","432.28","38.43","0.58","4.39","0.25","16.11","1.75","106479502.71","Makkajo'xori"
"NTTM-244","0-30","Yengil qum","31.27","1.62","6.34","3.96","38.78","8.28","150","1.73","455.93","26.29","0.90","8.02","0.55","10.35","1.81","332134",""
"NMNX-269","0-30","Loy","24.97","1.67","7.63","0.94","43.26","5.85","138","1.17","314.47","50.53","0.81","4.04","0.13","16.64","1.01","213566677","Sabzi"
"NTXM-280","0-30","Qumoq","25.66","1.52","8.02","5.21","33.3","2.84","146","1.01","353.27","66.12","0.49","11.29","0.10","17.93","1.00","770583782.15","Makkajo'xori"
"NTXM-281","0-30","Yengil qum","19.59","1.65","7.95","1.42","13.15","8.43","114","0.86","326.99","65.1","0.62","4.76","0.11","13.16","0.88","209207242.2","Paxta"
"NTXM-282","0-30","Qumoq","22.73","1.49","7.14","3.87","11.65","9.05","169","1.32","335.64","54.61","0.94","1.65","0.22","9.14","1.57","159130438.02","Sabzi"
"NTXM-284","0-30","Qumoq","30.32","1.33","7.83","1.78","25.29","6.19","112","0.68","438.55","30.45","0.74","3.94","0.14","11.86","1.07","623817425.15","Makkajo'xori"
"NMNX-271","0-30","Loy","25.96","1.65","7.52","4.52","12.02","4.40","127","0.80","329.79","40.67","0.76","5.05","0.18","16.18","1.10","1676013912.79","Paxta"
"NTTM-242","0-30","Qumoq","24.1","1.39","8.09","3.55","46.46","4.84","126","0.89","413.98","48.56","1.04","1.9","0.10","17.59","0.97","551856889.87","Paxta"
"NMNX-32809","0-30","Yengil qum","35.63","1.45","8.02","1.91","48.19","9.11","98","1.32","351.64","61.24","0.70","5.62","0.10","20.23","0.73","121212739.83","Sabzi"
"NTTM-246","0-30","Yengil qum","24.79","1.69","7.97","4.79","20.2","9.42","94","1.25","452.09","47.43","0.77","7.02","0.32","13.1","0.93","128147939.48","Makkajo'xori"
"NTTM-240","0-30","Loy","22.59","1.68","7.63","3.43","44.98","10.12","151","1.39","448.49","52.56","0.69","4.6","0.19","17.11","1.23","713410614.34","Paxta"
"NMNX-33048","0-30","Yengil qum","39.31","1.67","8.14","0.59","13.94","4.01","103","3.09","333.73","46.49","0.78","5.9","0.79","16.88","2.92","65187089.77","Paxta"
"NTXM-282","0-30","Qumoq","32.55","1.74","7.44","4.46","42.53","6.71","202","1.90","289.06","59.63","0.29","4.1","0.10","15.96","1.86","1481027014.73","Sabzi"
"NMNT-275","0-30","Qumoq","31.88","1.53","6.70","4.82","47.04","9.87","189","1.86","389.56","68.15","0.33","3.93","0.16","14.87","6.36","1173567137.98","Makkajo'xori"
"NMNX-33415","0-30","Loy","32.84","1.83","7.23","2.75","20.66","9.69","227","1.86","373.69","42.68","0.39","4.23","0.14","24.79","5.88","331861867.94","Paxta"
"TSPD-2138","0-30","Yengil qum","30.91","1.56","7.87","3.3","21.67","7.65","333","2.39","386.44","59.15","0.24","2.1","0.44","15.65","1.03","965352729.17","Paxta"
"NTXM-283","0-30","Yengil qum","30.99","1.49","7.89","2.98","20.78","9.30","698","2.51","293.27","43.32","0.26","1.65","0.56","11.03","1.96","81906238.81","Sabzi"
"NMNX-33292","0-30","Qumoq","17.69","1.57","8.07","0.92","32.59","20.42","465","2.30","401.51","54.06","0.93","4.54","0.38","12.98","1.52","1491886537.62","Makkajo'xori"
"NMNT-277","0-30","Yengil qum","34.54","1.43","7.93","3.9","19.17","5.30","334","2.33","426.51","55.44","0.25","5.53","0.58","15.83","1.52","106479502.71","Paxta"
"NTXM-285","0-30","Yengil qum","33.94","1.66","8.12","0.63","15.69","4.46","117","1.22","327.94","54.24","0.18","10.13","0.48","20.34","0.64","106479502.71","Paxta"
"NTTM-248","0-30","Qumoq","28.72","1.5","7.84","4.9","22.46","4.28","400","2.44","490.62","49.4","0.31","10.25","0.36","13.35","6.60","346335993.15","Sabzi"
"Karta-249","0-30","Yengil qum","21.87","1.78","7.88","5.46","43.71","10.76","161","2.05","424.84","48.3","0.16","4.89","0.31","16.75","0.74","297349203.83","Makkajo'xori"
"NTTM-245","0-30","Yengil qum","30.87","1.86","7.89","5.36","8.64","6.29","407","2.45","359.63","60.56","0.25","3.44","0.22","13.25","1.96","1158776147.12","Paxta"
"NMNX-33412","0-30","Qumoq","27","1.72","5.58","4.24","33.22","9.00","130","2.24","","72.7","0.66","4.68","0.46","23.42","1.41","193070942.32","Paxta"
"NMNX-277","0-30","Yengil qum","31.17","1.71","7.82","5.35","34.97","3.58","156","1.84","349.05","67.67","0.90","6.22","0.21","11.79","1.36","255356841.86","Sabzi"
"NMNX-33414","0-30","Qumoq","21.71","1.74","7.05","5.31","14.2","9.77","302","1.90","369.03","73.03","0.23","3.66","0.46","16.87","2.19","607517083.04","Makkajo'xori"
"NMNX-33657","0-30","Qumoq","17.59","1.79","7.15","3.02","30.47","14.71","463","2.77","309.27","65.66","0.36","8.25","0.55","14.53","1.96","1158241089.07","Paxta"
"NMNX-33899","0-30","Yengil qum","18.29","1.79","6.36","3","11.32","30.19","297","1.95","318.64","49.04","0.52","2.31","0.23","12.24","2.13","40935195.81","Paxta"
"TSPD-2138","0-30","Loy","21.86","1.75","7.50","4.72","4.33","28.01","728","2.96","297.35","52.27","0.28","3.26","0.35","17.83","0.92","353168215.75","Sabzi"
"NMNX-34262","0-30","Yengil qum","28.12","1.45","7.38","3.87","11.46","18.32","450","2.83","356.93","53.36","0.70","3.03","0.47","17.05","14.75","1321680276.68","Makkajo'xori"
"NMNX-34383","0-30","Loy","34.59","1.73","7.52","2.17","43.48","16.35","319","2.88","306.99","49.83","0.25","7.25","0.45","22.06","1.43","118025456.01","Paxta"
"NMNX-33772","0-30","Qumoq","34","1.72","7.60","2.91","32.83","15.54","299","2.99","343.91","53.21","0.69","4.09","0.51","13.3","4.46","427903926.88","Paxta"
"NMNX-274","0-30","Loy","39.95","1.83","7.89","2.65","29.89","12.17","688","2.93","313.36","49.14","0.59","6.64","0.50","11.25","5.08","112052909.36","Sabzi"
"NTXM-288","0-30","Yengil qum","28.77","1.6","7.85","5.45","5.95","10.86","1091","3.26","314.96","49.86","0.65","3.26","0.64","9.8","3.00","43000184.2","Makkajo'xori"
"NMNX-33893","0-30","Qumoq","25.87","1.37","7.43","4.65","44.03","34.41","386","3.28","298.58","45.62","0.47","1.81","0.58","15.25","1.80","88106611.44","Paxta"
"NTTM-246","0-30","Qumoq","35.73","1.68","7.57","2.36","5.31","10.11","498","3.29","408.73","62.75","0.89","8.71","0.52","10.19","2.85","1076046091.19","Paxta"
"NMNX-34746","0-30","Qumoq","37.31","1.68","7.58","4.66","33.86","20.09","268","2.34","468.95","","0.30","2.71","0.56","13.86","1.90","855390507.17","Sabzi"
"Karta-252","0-30","Qumoq","23.27","1.45","7.51","1.69","25.34","6.13","325","2.64","378.78","41.46","0.37","4.84","0.51","15.57","1.17","1078842390.01","Makkajo'xori"
"NMNT-277","0-30","Loy","27.58","1.39","7.67","5.38","30.41","12.85","781","2.34","360.64","73.87","0.80","4.75","0.53","10.97","1.78","60363507.64","Paxta"
"NTTM-246","0-30","Loy","31.65","1.33","7.69","3.56","49.72","14.39","481","2.56","419.32","44.8","0.83","2.69","0.36","10.21","1.22","1297710914.21","Paxta"
"NMNT-279","0-30","Qumoq","33.1","1.72","7.01","0.62","34.5","13.17","231","1.51","443.22","49.04","1.22","3.2","0.54","15.17","1.03","29412970.92","Sabzi"
"NTTM-254","0-30","Loy","38.36","1.48","7.37","1.84","5.85","33.91","376","2.58","498.49","66.72","2.93","1.93","0.37","27.37","3.46","1073879762.12","Makkajo'xori"
"NTXM-286","0-30","Qumoq","19.72","1.68","7.38","4.93","42.53","41.73","286","3.09","386.39","59.58","1.59","2.93","0.27","15.6","3.59","523199221.26","Paxta"
"NMNX-34378","0-30","Qumoq","31.15","1.82","7.00","1.18","9.41","5.67","91","2.23","361.1","47.6","0.48","2.68","0.34","13.96","0.46","1383871958.13","Paxta"
"NTXM-286","0-30","Yengil qum","22.87","1.83","7.17","4.56","55.55","15.09","235","2.23","346.35","63.13","0.75","9.05","0.25","16.73","1.45","1313959201.04","Sabzi"
"NMNX-34379","0-30","Yengil qum","27.15","1.4","5.56","3.23","9.06","13.87","267","1.74","276.8","","0.92","6.12","0.40","11.6","1.27","713512610.45","Makkajo'xori"
"NTXM-288","0-30","Loy","16.68","1.43","5.29","1.58","37.96","17.54","166","2.40","326.85","46.66","0.60","7.79","0.48","15.22","2.66","45188422.32","Paxta"
"NMNX-34381","0-30","Yengil qum","16","1.73","5.87","3.82","12.44","4.36","160","4.07","406.61","52.04","0.62","10.28","0.42","14.81","1.85","1184622169.16","Paxta"
"NMNX-281","0-30","Yengil qum","38.11","1.64","6.25","5.38","29.45","19.82","289","2.21","380.44","61.91","0.65","5.84","0.45","14.11","2.04","66870511.37","Sabzi"
"NTXM-290","0-30","Yengil qum","23.63","1.81","6.45","1.44","17.26","16.79","220","2.20","339.37","79.14","0.55","4.88","0.35","9.94","2.25","2236101571.75","Makkajo'xori"
"NTXM-294","0-30","Yengil qum","27.97","1.62","6.54","3.27","25.63","13.40","185","2.31","385.07","57.06","0.62","1.14","0.30","16.97","2.97","52199066.07","Paxta"
"NTXM-295","0-30","Qumoq","16.14","1.43","7.50","5.05","11.24","9.31","376","2.54","338.96","79.12","0.39","1.8","0.30","12.22","1.88","1715947861.62","Paxta"
"NTXM-287","0-30","Qumoq","27.6","1.63","7.38","0.88","21.5","10.56","409","1.67","387.99","48.41","0.36","7.8","0.30","11.19","2.08","61369798.34","Sabzi"
"NMNT-280","0-30","Yengil qum","29.65","1.64","8.00","4.83","50.94","7.16","205","1.51","319.96","33.52","0.27","4.41","0.29","19.25","1.14","1439555387.78","Makkajo'xori"
"NMNT-283","0-30","Qumoq","20.05","1.32","7.57","4.79","10.14","16.47","236","1.59","294.17","49.42","0.47","9.7","0.34","6.85","2.13","239263324.56","Paxta"
"NMNX-35225","0-30","Loy","15.09","1.72","7.83","4.65","4.94","10.18","439","1.96","380.88","38.53","0.36","2.96","0.25","18.74","1.76","106479502.71","Paxta"
"NTXM-292","0-30","Qumoq","27.41","1.67","7.85","2.77","21.56","80.66","831","3.50","455.96","43.15","2.94","9.45","0.67","18.11","1.48","332134","Sabzi"
"NMNX-285","0-30","Qumoq","33.01","1.68","7.69","2.73","40.58","15.96","382","1.80","317.28","50.23","0.77","2.69","0.52","18.77","2.57","213566677","Makkajo'xori"
"Karta-254","0-30","Loy","16.93","1.46","7.99","0.66","37.87","16.05","364","2.52","422.95","58.75","1.41","3.35","0.46","16.73","8.21","1678379034.06","Paxta"
"TSPD-2145","0-30","Yengil qum","31.47","1.82","7.94","4.72","13.94","8.66","358","2.99","383.8","59.19","0.53","6.2","0.40","13.52","1.83","47282890.2","Paxta"
"NMNT-285","0-30","Loy","37.39","1.65","7.95","2.37","26.56","7.32","469","2.06","459.1","60.31","0.56","3.73","0.43","13.15","1.82","55299033.93","Sabzi"
"NTXM-294","0-30","Loy","28.49","1.57","5.79","2.37","29.13","14.59","133","1.46","343.88","52.15","0.78","2.62","0.58","9.76","1.32","209377389.34","Makkajo'xori"
"Karta-256","0-30","Loy","21.46","1.64","6.78","1.98","39.19","26.77","116","1.81","440.98","45.43","1.28","5.81","0.24","17.26","2.64","1169921410","Paxta"
"TSPD-2146","0-30","Yengil qum","18.43","1.51","7.71","4.36","31.47","13.34","160","2.61","309.71","51.81","0.65","4.66","0.22","8.61","0.86","1306613916.75","Paxta"
"Karta-259","0-30","Yengil qum","39.11","1.68","6.77","3.42","37.04","13.55","207","1.58","401.05","55.34","0.77","8.19","0.44","11.68","2.62","106479502.71","Sabzi"
"NTTM-254","0-30","Qumoq","17.76","1.82","7.07","4.68","17.08","15.00","142","1.59","385.37","37.51","0.92","2.78","0.33","15.7","1.27","408783141.69","Makkajo'xori"
"NMNX-35590","0-30","Qumoq","28.26","1.36","5.59","4.18","20.84","22.99","219","1.40","381.64","58.87","0.97","2.39","0.59","17.73","4.95","394718128.49","Paxta"
"NTXM-296","0-30","Loy","26.84","1.76","7.93","3.73","30.36","10.24","193","2.26","365.1","47.19","0.46","3.5","0.28","19.88","1.05","830829279.55","Paxta"
"NMNX-35593","0-30","Qumoq","35.74","1.4","7.80","3.47","18.27","22.26","479","2.72","436.21","57.97","0.53","4.59","0.33","6.89","1.29","511261553.83","Sabzi"
"NMNX-284","0-30","Yengil qum","22.27","1.67","8.01","3.16","28.63","16.49","363","2.77","327.06","88.76","1.01","5.47","0.44","18.01","4.46","106479502.71","Makkajo'xori"
"NMNX-35954","0-30","Yengil qum","36.39","1.71","8.15","4.09","22.21","10.72","102","0.90","348.19","66.49","0.26","2.73","0.35","21.32","0.21","371077837.47","Paxta"
"NMNX-35835","0-30","Qumoq","15.94","1.68","7.99","2.64","30.28","9.49","174","1.99","305.31","52.93","0.25","9.16","0.44","14.71","0.84","280104036.87","Paxta"
"Karta-257","0-30","Qumoq","37.33","1.8","8.04","5.41","22.72","3.86","282","1.95","337.56","42.96","0.34","4.49","0.48","11.36","0.91","946355101.47","Sabzi"
"NTXM-300","0-30","Yengil qum","18.01","1.48","7.95","4.52","8.97","18.02","1190","2.84","359.64","71.87","0.73","4.46","0.76","9.24","2.31","106479502.71","Makkajo'xori"
"NTXM-295","0-30","Qumoq","38.63","1.79","7.98","2.86","18.64","22.46","427","3.26","330.38","","0.69","2.02","0.49","23.98","12.61","332134","Paxta"
"NTTM-264","0-30","Qumoq","19.6","1.74","7.96","2.55","26.16","15.46","536","3.66","","47.08","0.70","9.72","0.53","10.25","3.13","213566677","Paxta"
"NMNX-36561","0-30","Yengil qum","23.6","1.45","8.10","5.12","25.77","17.76","347","3.34","324.88","61.02","1.17","3.28","0.70","12.56","2.71","724540236.6","Sabzi"
"NMNX-36682","0-30","Qumoq","35.14","1.57","8.13","3.63","33.83","3.74","140","1.30","354.08","56.18","0.29","3.28","0.39","11.58","1.36","446507636.1","Makkajo'xori"
"Karta-260","0-30","Loy","22.31","1.56","8.10","1.66","6.87","12.06","248","2.31","451.99","42.04","0.93","7.45","0.46","22.67","6.71","94964395.23","Paxta"
"Karta-263","0-30","Qumoq","36.78","1.83","7.89","1.43","5.20","17.96","748","2.65","405.53","54.82","0.55","3.24","0.54","27.37","1.80","391717420.8","Paxta"
"NMNX-284","0-30","Qumoq","22.22","1.56","8.00","0.72","10.52","13.36","972","2.41","372.98","37.68","0.89","7.54","0.51","15.99","10.91","708208839.07","Sabzi"
"NTXM-293","0-30","Yengil qum","17.69","1.62","7.96","2.82","12.55","7.18","561","2.38","298.77","46.98","1.52","3.35","0.47","18.03","3.09","761553724.94","Makkajo'xori"
"NMNX-36558","0-30","Qumoq","30.99","1.54","8.06","0.93","13.39","8.25","243","3.02","374.98","","0.67","1.6","0.16","7.35","1.16","631421324.95","Paxta"
"NTXM-298","0-30","Qumoq","18.9","1.57","8.05","3.96","7.44","13.24","214","2.94","355.25","","0.32","2.53","0.14","21.52","0.90","106479502.71","Paxta"
"NTTM-262","0-30","Qumoq","18.54","1.72","8.16","2.51","10.88","8.22","138","2.23","392.74","54.18","0.56","1.8","0.11","11.38","0.82","101703331.1","Sabzi"
"NTXM-303","0-30","Qumoq","36.79","1.66","8.14","2.65","8.01","7.42","72","1.80","361.19","47.73","0.29","11.84","0.10","14.47","0.70","1295345853.17","Makkajo'xori"
"NTXM-304","0-30","Yengil qum","36.59","1.61","5.75","2.2","6.69","16.61","180","2.05","371.43","48.34","0.46","2.16","0.45","19.59","1.73","1365139548.75","Paxta"
"NTXM-294","0-30","Loy","24.85","1.63","7.96","3.31","7.57","10.97","248","3.16","368.43","54.44","1.06","3.71","0.44","16.32","1.50","268008084.73","Paxta"
"NMNX-287","0-30","Loy","32.97","1.5","7.88","5.44","9.95","6.61","517","2.39","","","0.35","2.99","0.25","19.63","1.42","29596232.96","Sabzi"
"NTXM-300","0-30","Loy","19.21","1.7","8.20","0.58","7.93","7.42","313","1.33","347.08","41.5","0.29","7.15","0.15","20.09","0.96","273213632.91","Makkajo'xori"
"NMNT-293","0-30","Qumoq","29.95","1.52","6.30","3.43","11.71","21.74","243","3.45","443.22","67.98","0.70","5.03","0.67","9.64","2.99","698233051.65","Paxta"
"NTXM-296","0-30","Qumoq","35.17","1.46","5.85","1.65","4.84","23.57","179","2.75","317.14","69.76","0.65","1.82","1.16","11.15","3.44","182408212.16","Paxta"
"Karta-266","0-30","Loy","16.19","1.69","6.28","4.46","4.58","25.28","258","2.52","341.25","43.11","0.74","6.24","0.67","20.65","2.76","164913486.09","Sabzi"
"NTTM-263","0-30","Yengil qum","25.52","1.7","6.65","0.97","9.20","8.56","216","2.98","403.94","47.82","0.78","9.6","0.39","13.34","4.20","78429407.61","Makkajo'xori"
"NTXM-305","0-30","Qumoq","31.76","1.65","6.88","1.96","6.65","8.02","235","2.33","312.03","57.49","0.82","3.12","0.29","14.39","4.36","253408681.91","Paxta"
"NTXM-306","0-30","Loy","29.78","1.76","7.95","2.19","12.02","11.23","67","1.73","395.08","38.68","0.36","2.5","0.21","12.24","0.46","98498185.92","Paxta"
"NTXM-297","0-30","Qumoq","32.14","1.61","6.69","3.66","5.59","9.09","265","1.91","381.65","44.14","0.42","1","0.22","14.54","2.88","339552113.86","Sabzi"
"NTXM-299","0-30","Yengil qum","38.55","1.52","7.94","2.75","10.61","5.54","501","3.16","350.37","61.76","0.98","2.01","0.23","25.11","1.37","106479502.71","Makkajo'xori"
"NMNX-293","0-30","Qumoq","20.17","1.42","8.02","3.01","6.96","11.74","422","2.75","","68.8","0.69","4.22","0.28","15.06","1.36","59516044.15","Paxta"
"NTTM-266","0-30","Qumoq","23.7","1.7","7.94","3.61","20.12","142.10","1420","4.78","356.69","52.36","1.38","6.61","0.41","12.07","1.56","679219906.12","Paxta"
"Karta-265","0-30","Yengil qum","21.73","1.78","8.03","1.96","10.44","12.19","488","2.69","459.7","56.58","0.47","3.47","0.17","10.23","1.41","42052534.66","Sabzi"
"Karta-267","0-30","Loy","32.41","1.65","7.90","4.8","11.67","5.28","560","2.66","368.15","","0.39","2.56","0.30","12.03","1.35","698536607.38","Makkajo'xori"
"NTTM-269","0-30","Yengil qum","32.25","1.4","7.05","1.05","11.49","1.71","298","1.69","323.02","40.36","0.24","5.23","0.61","14.68","1.12","698233051.65","Paxta"
"NTXM-299","0-30","Yengil qum","26.82","1.64","6.80","4.01","6.74","7.02","182","2.04","421.73","55.23","0.44","2.61","0.54","14.69","1.05","182408212.16","Paxta"
"NMNX-37766","0-30","Qumoq","34.64","1.38","6.65","2.83","7.22","4.41","215","2.17","413.05","61.89","0.28","7.91","0.41","15.66","0.69","164913486.09","Sabzi"
"NTXM-300","0-30","Qumoq","24.95","1.58","6.60","2.14","11.80","5.08","317","1.85","313.44","54.6","0.40","1.6","0.50","18.55","1.16","78429407.61","Makkajo'xori"
"NMNX-37768","0-30","Yengil qum","29.44","1.77","6.29","4.79","8.98","1.59","218","1.91","365.06","69.65","0.62","3.48","0.35","14.66","0.75","253408681.91","Paxta"
"NTTM-264","0-30","Qumoq","28.42","1.51","6.88","4.19","19.68","4.37","148","2.48","382.88","48.27","0.56","1.11","0.53","14.34","0.76","98498185.92","Paxta"
"NMNX-295","0-30","Yengil qum","16.79","1.74","6.69","1.55","7.00","4.14","222","2.73","260.51","44.52","0.43","3.9","0.77","17.02","0.89","339552113.86","Sabzi"
"NTXM-308","0-30","Loy","39.92","1.64","6.87","3.85","7.22","4.86","217","2.77","410.26","61.97","0.32","3.35","0.38","9.18","1.11","106479502.71","Makkajo'xori"
"TSPD-2157","0-30","Yengil qum","19.05","1.6","6.83","0.64","6.30","7.95","214","1.96","319.59","46.58","0.30","4.82","0.37","14.92","0.90","59516044.15","Paxta"
"NTTM-264","0-30","Qumoq","15.1","1.59","7.13","5.59","4.32","7.54","165","1.66","385.19","59.72","0.57","3.19","0.18","19.95","0.45","679219906.12","Paxta"
"NMNT-296","0-30","Qumoq","24.88","1.62","7.82","3.47","4.62","7.39","198","1.57","430.35","44.19","0.23","3.85","0.12","11.45","0.46","42052534.66","Sabzi"
"TSPD-2156","0-30","Loy","19.73","1.48","7.77","1.22","4.80","6.00","163","2.01","415.94","72.51","0.45","7.78","0.17","11.71","0.58","698536607.38","Makkajo'xori"
"NMNX-38497","0-30","Yengil qum","34.22","1.37","7.38","3.79","4.18","11.18","218","1.76","","58.7","0.24","6.13","0.15","15.42","0.69","106479502.71","Paxta"
"NTTM-270","0-30","Yengil qum","22.12","1.5","6.99","0.92","23.56","6.20","211","2.55","395.29","64.74","0.30","8.51","0.16","15.02","0.64","1149323197.61","Paxta"
"NTTM-271","0-30","Qumoq","15.23","1.79","6.97","1.08","12.95","5.52","252","1.93","445.67","79.86","0.20","13.09","0.26","9.49","0.48","1532955744.54","Sabzi"
"Karta-268","0-30","Qumoq","33.76","1.47","7.52","4.98","5.64","3.01","168","1.87","401.38","73.39","0.32","5.02","0.15","11.22","0.48","155515534.3","Makkajo'xori"
"NTXM-310","0-30","Qumoq","38.29","1.74","7.33","2.63","11.85","2.55","155","1.68","360.14","45.76","0.27","2.73","0.12","20.94","0.37","608129198.78","Paxta"
"NMNX-38492","0-30","Qumoq","26.45","1.75","7.44","3.94","4.80","5.58","183","1.70","412.51","45.23","0.23","4.04","0.43","13.83","0.58","114208854.27","Paxta"
"NTTM-267","0-30","Qumoq","34.07","1.6","7.89","0.232","4.01","4.33","185","1.53","408.21","55.53","0.31","2.95","0.26","16.05","0.43","1813015537.37","Sabzi"
"NTTM-271","0-30","Loy","26.28","1.41","7.20","0.276","4.49","1.07","147","2.14","334.37","38.82","0.36","3.86","0.24","21.69","0.48","458762562.63","Makkajo'xori"
"NMNT-295","0-30","Qumoq","34.66","1.32","7.13","0.502","16.03","63.96","521","3.30","374.89","50.25","1.41","2.79","0.14","10.16","5.73","37850948.87","Paxta"
"NTXM-305","0-30","Qumoq","29.38","1.59","7.40","0.561","13.87","14.69","304","2.54","445.57","67.3","0.61","3.95","0.19","10.59","3.07","414403085.47","Sabzi"
"NMNX-39344","0-30","Qumoq","39.35","1.71","7.39","0.530","8.06","8.20","174","1.89","416.72","54.01","0.69","5.16","0.11","9.78","2.81","1614787398.52","Makkajo'xori"
"NTXM-312","0-30","Qumoq","24.61","1.39","7.77","0.408","9.07","4.05","212","1.41","319.99","75.14","0.60","3.72","0.10","9.02","1.00","66228693.04","Paxta"
"NTTM-269","0-30","Yengil qum","35.74","1.66","7.73","0.332","5.24","3.38","282","1.63","343.84","52.75","0.23","11.14","0.10","19.12","0.86","885095807.32","Paxta"
"NTXM-310","0-30","Qumoq","28.97","1.65","7.71","0.586","17.44","3.75","183","1.55","457.55","49.34","0.28","3.08","0.11","20.85","33.91","794565424.22","Sabzi"
"NTTM-273","0-30","Loy","25.9","1.35","7.79","0.384","10.35","14.23","326","1.73","446.46","45.33","0.40","10.57","0.12","11.12","1.30","1397104053.95","Makkajo'xori"
"NMNX-39828","0-30","Qumoq","21.45","1.82","7.48","0.398","5.86","22.63","467","2.62","306.31","53.57","0.38","1.75","0.15","19.69","1.34","185170311.28","Paxta"
"NTXM-305","0-30","Qumoq","36.75","1.42","7.70","0.351","5.86","8.25","262","1.72","390.01","41.12","0.33","4.79","0.17","10.46","1.14","31491270.54","Paxta"
"NMNX-39339","0-30","Qumoq","16.77","1.43","7.99","0.325","4.93","8.35","186","1.80","264.82","56.99","0.27","2.37","0.15","12.9","0.65","838813560.96","Sabzi"
"NMNT-300","0-30","Yengil qum","37.98","1.8","7.71","0.364","7.93","8.32","273","1.92","384.09","","0.58","3.61","0.13","18.33","0.84","1940827178.94","Makkajo'xori"
"NMNX-40070","0-30","Loy","31.8","1.59","7.81","0.408","4.58","7.11","260","1.63","427.56","53.49","1.33","14.54","0.17","11.87","2.59","792778876.4","Paxta"
"NMNX-39459","0-30","Qumoq","24.74","1.69","7.82","0.665","7.57","16.86","481","3.10","365.96","51.48","1.41","2.93","0.14","9.68","5.02","498995183.83","Paxta"
"NTTM-269","0-30","Loy","25.89","1.64","8.08","0.400","8.54","18.56","327","2.45","362.74","","0.36","9.28","0.22","13.38","1.98","764285645.05","Sabzi"
"NMNX-39461","0-30","Qumoq","28.85","1.33","8.02","0.451","14.05","4.29","187","1.36","","77.39","0.27","3.83","0.28","15.89","0.74","244433062.63","Makkajo'xori"
"NMNX-39462","0-30","Loy","39.68","1.37","8.01","0.464","17.08","4.75","201","1.15","335.46","57.19","0.25","3.08","0.26","11.52","0.74","476060394.47","Paxta"
"NMNX-39949","0-30","Loy","36.71","1.79","7.98","0.457","14.75","33.11","209","1.65","477.91","35.64","1.17","11.95","0.37","9.46","1.01","1421322272.99","Paxta"
"NTXM-314","0-30","Yengil qum","31.49","1.72","8.10","0.328","8.63","3.58","213","2.00","449.83","","0.25","2.13","0.21","15.95","0.94","873353796.4","Sabzi"
"NMNX-300","0-30","Qumoq","35.91","1.69","8.09","0.343","6.56","3.07","123","1.21","397.51","55.68","0.10","3.77","0.15","11","0.62","454012779.79","Makkajo'xori"
"NMNX-39824","0-30","Yengil qum","38.76","1.53","7.98","0.359","1.98","3.73","206","1.30","320.1","58.8","0.32","5.61","0.14","16.27","0.74","854461214.64","Paxta"
"NTTM-274","0-30","Yengil qum","38.23","1.57","8.02","0.520","2.60","15.18","362","2.04","379.72","33.55","0.38","9.58","0.19","20.58","1.62","136909878.21","Paxta"
"NTTM-275","0-30","Yengil qum","28.01","1.64","8.02","0.425","3.13","3.62","143","1.39","384.43","9.03","0.28","3.09","0.15","8.47","0.58","157188967.05","Sabzi"
"NMNX-299","0-30","Yengil qum","36.77","1.74","7.87","0.830","30.43","7.31","171","1.40","374.12","14.72","0.26","2.4","0.30","13.54","1.14","106479502.71","Makkajo'xori"
"NTXM-314","0-30","Yengil qum","24.04","1.44","7.38","0.379","4.40","5.90","256","1.88","355.18","14.15","0.50","5.28","0.25","7.06","1.39","986835259.69","Paxta"
"NMNX-40070","0-30","Loy","20.47","1.58","7.49","0.497","4.36","10.99","284","2.50","314.31","9.66","0.30","3.41","0.21","19.99","2.45","91520588.19","Paxta"
"TSPD-2163","0-30","Qumoq","17.37","1.76","7.84","0.392","11.62","11.61","174","1.64","371.3","23.38","0.21","7.52","0.19","18.75","0.82","787936474.77","Sabzi"
"NTXM-309","0-30","Yengil qum","24.82","1.49","7.84","0.350","6.08","7.16","136","1.38","399.1","44.49","0.25","3.36","0.28","17.03","2.51","76703957.2","Makkajo'xori"
"NTTM-272","0-30","Loy","16.71","1.41","7.60","0.398","4.05","23.73","131","1.49","366.47","26.92","0.29","2.24","0.52","9.54","1.18","116719538.08","Paxta"
"Karta-275","0-30","Qumoq","23.59","1.56","7.45","0.394","4.62","17.07","138","1.45","417.89","27.98","0.18","3.18","0.28","10.14","0.89","106479502.71","Paxta"
"NMNX-41159","0-30","Yengil qum","18.65","1.47","7.83","0.457","4.05","5.31","161","1.02","438.29","9.77","0.20","5.79","0.34","12.56","0.78","1187135509.66","Sabzi"
"NMNX-40427","0-30","Yengil qum","31.69","1.57","7.70","0.440","2.29","18.48","335","1.96","422.73","20.9","2.59","1.84","0.29","18.37","2.15","298332886.98","Makkajo'xori"
"NMNX-40548","0-30","Yengil qum","33.11","1.75","7.80","0.451","5.46","7.95","188","1.28","398.72","8.26","0.44","5.84","0.21","10.9","1.50","728687870.87","Paxta"
"NTXM-311","0-30","Qumoq","27.14","1.7","7.91","0.352","9.47","7.10","198","2.15","296.39","22.52","0.20","6.38","0.20","13.11","0.84","107516021.12","Paxta"
"NTTM-277","0-30","Loy","37.82","1.39","8.08","0.422","6.34","10.93","203","2.12","420.4","12.61","0.18","3.8","0.25","14.76","0.88","1306183247.24","Sabzi"
"TSPD-2166","0-30","Loy","28.96","1.5","7.80","0.438","7.00","8.45","339","2.51","312.31","9.23","0.65","4.18","0.31","15.86","1.78","1544148659.04","Makkajo'xori"
"TSPD-2168","0-30","Yengil qum","18.52","1.73","7.86","0.380","3.48","16.55","370","1.84","454.27","15.09","0.22","6","0.29","11.62","1.72","118864099.51","Paxta"
"NTXM-321","0-30","Yengil qum","38.94","1.73","7.80","0.563","13.96","10.57","231","2.13","329.5","32.83","0.26","2.79","0.31","12.68","3.78","671706533.92","Paxta"
"NMNX-303","0-20 sm","Loy","19.05","1.41","7.93","0.331","6.43","9.39","289","1.59","329.12","48.45","0.21","5.49","0.40","18.07","1.61","707917306.92","Sabzi"
"NTXM-312","0-20 sm","Gill","31.29","1.39","7.85","0.684","7.27","19.40","664","2.35","336.45","12.9","1.39","9.11","0.62","10.33","3.38","1366507067.62","Makkajo'xori"
"NMNT-304","0-30","Qumoq","28.04","1.52","7.74","0.562","6.52","31.72","1348","3.57","422.13","13","0.51","2.92","0.81","17.46","5.54","1828428808.48","Paxta"
"NTTM-273","0-20 sm","Gill","39.91","1.75","7.78","0.511","10.52","26.76","420","2.26","388.69","19.16","0.35","9.85","0.78","18.99","1.41","1526402923.39","Paxta"
"NMNX-40911","0-20 sm","Gill","21.15","1.51","7.44","0.374","6.25","9.15","251","1.55","388.1","24.26","0.21","2.25","0.25","11.54","1.24","58600951.85","Sabzi"
"NMNX-41032","0-20 sm","Loy","32.76","1.59","6.32","0.313","5.42","5.21","120","1.62","315.45","9.63","0.33","3.15","0.43","18.26","1.10","464210146.02","Makkajo'xori"
"NTXM-312","0-20 sm","Gill","27.64","1.35","7.09","0.572","5.42","9.74","139","1.41","402.18","15.79","0.28","2.75","0.30","14.49","0.99","1828428808.48","Paxta"
"NMNX-304","0-20 sm","Loy","23.96","1.47","7.77","0.523","10.52","20.48","405","2.37","407.88","14.95","0.65","10.84","0.44","21.26","1.74","838870694.5","Paxta"
"NTXM-313","0-20 sm","Loy","34.5","1.51","7.82","1.476","26.64","65.05","1665","3.30","469.46","19.68","1.06","3.49","0.82","13.91","1.88","1583277167.94","Sabzi"
"NMNT-305","0-20 sm","Loy","25","1.4","7.28","0.359","10.79","7.99","293","1.59","380.68","35.74","0.61","0.96","0.20","17.39","1.27","30076281.9","Makkajo'xori"
"NTTM-274","0-20 sm","Yengil qum","26.07","1.61","7.78","0.531","9.33","25.21","450","2.81","349.43","25.7","1.42","3.33","0.62","20.15","2.73","173021258.53","Paxta"
"NMNX-40912","0-20 sm","Loy","37.24","1.67","7.97","0.347","6.69","5.86","272","1.89","420.64","31.87","0.97","10.39","0.20","13.05","11.43","62052046.94","Paxta"
"NMNX-41033","0-20 sm","Gill","39.03","1.47","7.83","0.358","5.28","5.00","376","1.65","334.5","10.41","0.78","7.06","0.27","16.02","2.23","1876844729.14","Sabzi"
"NTXM-313","0-20 sm","Loy","26.37","1.45","7.78","0.493","4.67","2.36","128","1.57","293.88","10.73","0.92","1.65","0.19","15.71","0.74","24457128.34","Makkajo'xori"
"NMNX-305","0-20 sm","Qumoq","31.68","1.47","7.94","0.352","4.54","1.65","185","1.85","391.41","24.71","0.61","5.17","0.21","15.69","0.86","708576362.55","Paxta"
"NTXM-314","0-20 sm","Yengil qum","16.1","1.32","7.95","0.539","14.35","16.06","165","1.57","371.36","12.85","1.50","4.81","0.31","16.13","7.71","93409618.05","Paxta"
"NMNT-306","0-20 sm","Yengil qum","39.41","1.42","7.84","0.314","5.72","6.72","239","1.98","433.12","27.12","0.81","6.41","0.21","21.22","8.16","243565934.38","Sabzi"
"NTTM-275","0-20 sm","Gill","23.72","1.59","7.73","0.640","13.08","12.12","373","2.41","470.07","28.5","0.82","4.57","1.40","9.39","3.07","605946567.51","Makkajo'xori"
"NMNX-40913","0-20 sm","Qumoq","29.12","1.67","7.54","0.738","4.71","7.36","346","2.51","366.66","29.62","0.89","8.47","0.28","19.49","1.41","470148593.76","Paxta"
"NMNX-41034","0-20 sm","Yengil qum","26.94","1.37","7.81","0.379","12.11","2.25","245","2.79","427.81","25.06","0.73","2.16","0.33","16.05","1.08","1828428808.48","Paxta"
"NTXM-314","0-30","Loy","16.02","1.62","7.84","0.584","23.86","11.20","735","2.93","334.78","23.11","1.56","6","0.85","17.79","3.43","234828047.84","Sabzi"
"NMNX-306","0-20 sm","Qumoq","36.02","1.52","7.93","0.772","6.74","6.27","260","3.01","429.61","15.38","1.64","2.03","1.90","27.71","2.55","508009372.35","Makkajo'xori"
"NTXM-315","0-30","Yengil qum","27.76","1.59","7.84","0.504","6.78","9.47","395","2.67","338.18","16.2","1.26","2.95","0.49","12.05","1.53","1645021885.03","Paxta"
"NMNT-307","0-20 sm","Gill","31.29","1.54","7.79","0.546","19.15","6.03","190","2.43","328.58","18.94","1.01","9.54","0.28","27.29","1.25","550403178.49","Paxta"
"NTTM-276","0-20 sm","Qumoq","28.49","1.74","7.80","0.952","46.67","5.22","136","1.57","336.69","15.97","0.96","3.86","0.15","9.27","0.99","1828428808.48","Sabzi"
"NMNX-40914","0-20 sm","Loy","22.83","1.71","7.57","0.500","4.89","4.04","166","2.12","392.85","11.54","0.12","2.35","0.21","7.61","0.97","1723521486.59","Makkajo'xori"
"NMNX-41035","0-20 sm","Yengil qum","32.59","1.7","7.80","0.398","7.13","6.80","277","2.57","273.65","21","0.25","10.24","0.31","16.99","1.41","1273680979.33","Paxta"
"NTXM-315","0-20 sm","Gill","15.16","1.67","7.81","0.359","2.91","28.18","425","2.36","385.6","12.71","0.35","4.07","0.29","8.12","5.65","55522614.66","Paxta"
"NMNX-307","0-20 sm","Gill","31.82","1.51","7.84","0.344","3.96","3.12","204","1.46","381.89","18.54","0.15","2.22","0.21","11.08","0.84","967414658.38","Sabzi"
"NTXM-316","0-20 sm","Yengil qum","30.47","1.56","7.75","1.171","34.52","7.46","161","2.17","312.63","9.66","0.18","4.4","0.32","16.67","1.16","270748931.96","Makkajo'xori"
"NMNT-308","0-20 sm","Yengil qum","21.7","1.8","7.55","0.599","17.04","59.88","899","3.07","428.22","19.35","3.01","8.64","0.82","19.2","4.62","1863257944.85","Paxta"
"NTTM-277","0-20 sm","Qumoq","34.56","1.42","7.90","0.534","16.64","4.70","203","2.36","417.4","9.46","0.18","2.29","0.10","17.4","0.93","170686478.6","Paxta"
"NMNX-40915","0-20 sm","Qumoq","35.94","1.67","7.95","0.432","10.26","4.28","175","2.39","346.77","44.55","0.16","2.62","0.16","14.77","0.83","1873245779.07","Sabzi"
"NMNX-41036","0-20 sm","Yengil qum","29.82","1.74","7.96","0.479","7.27","7.67","315","2.78","424.58","20.8","0.37","3.75","0.24","16.52","3.26","1571967926","Makkajo'xori"
"NTXM-316","0-20 sm","Yengil qum","34","1.5","7.77","1.129","61.25","66.24","762","3.12","343.98","15.95","0.57","1.84","0.21","16.59","1.45","350321127.5","Paxta"
"NMNX-308","0-20 sm","Yengil qum","22.18","1.82","7.72","0.348","16.38","7.31","282","1.44","340.73","14.51","1.19","2.59","0.52","15.86","3.80","1697819178.58","Paxta"
"NTXM-317","0-20 sm","Gill","21.01","1.71","7.80","0.394","9.29","12.86","285","1.59","352.76","20.34","1.78","3.95","0.34","13.67","5.42","114681577.53","Sabzi"
"NMNT-309","0-20 sm","Gill","15.85","1.67","7.83","0.597","19.46","14.42","547","2.04","293.77","21.67","0.71","4.78","0.25","8.65","8.20","1828428808.48","Makkajo'xori"
"NTTM-278","0-20 sm","Yengil qum","20.32","1.57","8.08","0.678","23.78","53.70","984","3.48","468.69","8.02","5.02","3.84","0.88","8.39","5.29","1090610482.87","Paxta"
"NMNX-40916","0-20 sm","Yengil qum","32.17","1.57","7.76","0.321","8.10","4.55","345","1.79","321.12","28.73","0.25","3.56","0.11","20.04","1.11","355769731.2","Paxta"
"NMNX-41037","0-20 sm","Yengil qum","15.42","1.64","7.84","0.765","52.44","12.92","425","2.43","389.83","12.97","0.29","1.33","0.28","17.48","1.85","955094658.18","Sabzi"
"NTXM-317","0-20 sm","Qumoq","22.78","1.83","7.73","0.365","7.53","10.40","507","2.38","367.67","44.77","0.86","2.47","0.25","25.96","2.31","1011567445.34","Makkajo'xori"
"NMNX-309","0-20 sm","Loy","26.28","1.65","7.57","0.835","18.58","4.10","507","2.72","408.84","9.04","0.19","11.22","0.23","21.4","1.03","202993023.19","Paxta"
"NTXM-318","0-30","Qumoq","15.72","1.49","7.58","0.432","14.49","6.60","190","1.78","317.14","22.56","0.24","6.39","0.24","15.07","1.09","41637932.83","Paxta"
"NMNT-310","0-20 sm","Gill","34.44","1.61","7.60","0.563","20.04","10.29","280","1.74","359.4","25.05","0.54","2.14","0.17","9.7","6.81","912517872.86","Sabzi"
"NTTM-279","0-20 sm","Yengil qum","35.08","1.75","6.78","0.787","13.83","24.84","332","1.25","411.56","25.03","1.79","3.01","1.77","9.66","6.38","446814060.56","Makkajo'xori"
"NMNX-40917","0-20 sm","Qumoq","16.17","1.66","5.65","1.672","47.91","69.93","508","1.49","336.09","13.37","2.99","4.2","1.84","13.42","6.14","534231414.58","Paxta"
"NMNX-41038","0-30","Yengil qum","28","1.37","6.20","1.246","18.01","25.80","166","1.51","","34.5","2.92","12.43","0.76","14.09","7.65","1362944692.93","Paxta"
"NTXM-318","0-20 sm","Loy","34.99","1.66","6.26","0.492","4.23","10.38","133","1.38","370.23","18.48","0.42","1.22","0.22","13.76","2.94","657146078.06","Sabzi"
"TSPD-2167","0-20 sm","Yengil qum","23.68","1.45","6.70","0.607","9.29","36.42","252","1.69","489.43","7.69","1.16","12.53","0.27","13.78","3.76","857948898.49","Makkajo'xori"
"Karta-278","0-20 sm","Loy","22.64","1.34","5.91","0.553","20.61","33.51","173","1.95","377.19","13.84","2.52","2.09","0.46","10.96","2.33","450560401.55","Paxta"
"NTTM-280","0-20 sm","Gill","34.76","1.89","5.62","0.201","8.19","9.71","81","1.30","329.11","9.71","0.49","2.54","0.17","11","1.98","135575091.48","Paxta"
"NMNX-41159","0-20 sm","Qumoq","37.77","1.41","6.83","0.543","9.95","72.41","530","1.56","423.76","30.59","2.26","6.03","0.40","11.5","3.11","1874303446.92","Sabzi"
"NMNX-41280","0-20 sm","Loy","24.76","1.73","7.16","0.395","6.78","45.66","300","1.00","295.01","25.02","5.88","4.68","0.22","26.22","2.76","420417219.07","Makkajo'xori"
"NTXM-319","0-20 sm","Yengil qum","15.14","1.46","7.37","0.429","8.81","58.84","218","1.63","417.55","17.25","1.56","2.32","0.22","17.33","0.84","1828428808.48","Paxta"
"TSPD-2168","0-20 sm","Gill","32.97","1.51","6.66","0.676","11.89","51.02","340","1.37","369.8","10.93","2.66","3.15","0.40","22.36","3.10","1438214115.04","Paxta"
"Karta-279","0-20 sm","Gill","21.81","1.83","6.14","0.920","14.00","25.94","255","1.07","409.84","32.18","0.68","4.05","0.64","13.26","1.70","1828428808.48","Sabzi"
"NTTM-281","0-20 sm","Qumoq","25.67","1.42","6.55","1.092","28.27","38.29","282","1.85","414.78","10.15","1.39","5.03","0.30","8.32","1.38","1858184544.13","Makkajo'xori"
"NMNX-41401","0-20 sm","Qumoq","31.79","1.81","7.56","0.324","12.55","17.26","274","2.19","285.66","17.63","0.50","4.04","0.18","15.65","1.31","959075929.34","Paxta"
"NMNX-41522","0-20 sm","Yengil qum","28.67","1.45","7.43","0.333","14.27","8.78","228","2.00","408.94","15.2","0.31","2.57","0.10","9.28","1.27","43540002.62","Paxta"
"NTXM-320","0-20 sm","Qumoq","22.56","1.44","6.42","0.541","10.48","26.76","252","1.92","338.24","13.24","1.59","2.49","0.38","20.43","6.43","242022193.64","Sabzi"
"TSPD-2169","0-20 sm","Gill","36.89","1.72","6.99","0.543","10.92","28.79","292","1.27","383.25","8.72","1.12","4.39","0.41","9.93","3.13","1486836685.69","Makkajo'xori"
"Karta-280","0-20 sm","Yengil qum","36.21","1.4","6.41","0.249","7.88","11.49","141","1.59","427.15","23.65","0.54","8.27","0.48","9.84","1.62","1828428808.48","Paxta"
"NTTM-282","0-20 sm","Yengil qum","31.07","1.31","7.62","0.412","24.61","18.06","307","2.92","312.32","30.99","0.23","1.77","0.26","13.61","1.33","510585700.23","Paxta"
"NMNX-41643","0-20 sm","Loy","18.15","1.37","7.54","0.502","12.86","9.83","127","3.60","431.38","8.07","0.29","9.22","0.36","11.25","1.19","1828428808.48","Sabzi"
"NMNX-41764","0-20 sm","Loy","36.8","1.64","7.65","0.453","11.58","8.83","454","2.59","426.56","19.58","0.77","1.07","0.39","11.43","4.77","334569421.39","Makkajo'xori"
"NTXM-321","0-20 sm","Yengil qum","33.74","1.58","7.64","0.446","9.60","13.87","403","3.09","412.22","22.18","0.54","2.73","0.27","10.9","7.63","70555556.83","Paxta"
"TSPD-2170","0-20 sm","Yengil qum","36.74","1.56","7.62","0.527","20.92","22.88","713","2.41","372.77","17.28","0.82","1.41","0.34","10.83","9.62","1863011815.98","Paxta"
"Karta-281","0-20 sm","Qumoq","35.37","1.83","7.65","0.450","17.79","20.63","1052","2.64","346.41","45.5","0.71","8.61","0.30","21.6","10.79","1038929674.43","Sabzi"
"NTTM-283","0-20 sm","Loy","26.86","1.34","7.72","0.363","2.95","20.67","335","1.97","393.5","23.38","0.16","3.81","0.38","15.33","1.79","1037783344.41","Makkajo'xori"
"NMNX-41885","0-20 sm","Gill","30.23","1.75","7.86","0.334","2.73","14.46","388","2.15","375.84","31.87","0.41","2.96","0.48","10.81","2.74","52453004.38","Paxta"
"NMNX-42006","0-20 sm","Yengil qum","27.45","1.82","7.77","0.361","7.49","4.26","433","2.13","407.65","13.99","0.38","5.29","0.36","12.53","2.71","1828428808.48","Paxta"
"NTXM-322","0-20 sm","Loy","35.93","1.48","7.67","0.409","10.70","13.08","347","2.07","350.47","30.24","0.32","2.87","0.26","21.63","2.49","1828428808.48","Sabzi"
"TSPD-2171","0-20 sm","Loy","24.63","1.51","7.83","0.904","3.87","12.26","219","2.14","286.25","32.09","0.31","4.11","0.58","16.46","2.30","1009343602.11","Makkajo'xori"
"Karta-282","0-20 sm","Yengil qum","15.88","1.71","7.93","0.467","6.47","8.84","541","3.22","429.46","16.2","0.31","1.88","0.61","13.52","3.72","194934299.83","Paxta"
"NTTM-284","0-20 sm","Loy","32.36","1.84","7.77","1.103","12.29","21.44","693","3.73","432.71","20.16","0.32","6.65","1.08","15.14","4.71","1828428808.48","Paxta"
"NMNX-1398","0-20 sm","Gill","34.41","1.77","7.87","0.402","5.95","6.35","233","2.63","329.42","29.12","0.21","1.71","0.30","10.55","1.14","201005557.32","Sabzi"
"NMNX-303","0-20 sm","Qumoq","19.53","1.66","7.87","0.452","6.08","19.65","298","2.45","330.48","14.79","0.29","4.59","0.45","11.65","1.46","763150279.61","Makkajo'xori"
"NTXM-312","0-20 sm","Yengil qum","25.4","1.67","7.88","0.394","5.64","22.00","295","2.69","308.89","9.18","0.32","1.55","0.45","9.89","3.96","2011476940.96","Paxta"
"NMNX-304","0-20 sm","Loy","23.09","1.54","7.86","0.744","27.74","87.33","1297","4.56","358.76","8.21","2.11","6.36","1.14","27.38","2.24","1529242049.3","Paxta"
"NTXM-313","0-30","Qumoq","31.06","1.75","7.73","0.428","10.39","14.02","340","1.90","277.64","8.41","0.52","11.49","0.27","14.94","2.48","122331985.01","Sabzi"
"NMNT-305","0-20 sm","Qumoq","31.77","1.59","7.92","0.470","12.15","9.60","207","2.08","395.95","13.37","0.54","1.95","0.41","18.43","4.20","759311155.59","Makkajo'xori"
"NTTM-274","0-20 sm","Qumoq","23.31","1.42","8.14","0.500","18.40","11.04","163","2.24","312.26","9.93","0.38","3.69","0.40","9.52","3.11","119435335.04","Paxta"
"NMNX-41153","0-20 sm","Loy","20.05","1.79","8.02","0.406","7.31","9.38","164","1.91","337.31","20.43","0.38","2.45","0.31","15.37","2.63","761245657.22","Sabzi"
"NMNX-41274","0-20 sm","Yengil qum","30.65","1.37","6.37","1.232","79.08","34.71","346","2.42","","16.5","0.27","7.94","0.74","13.08","2.25","1010302198.87","Makkajo'xori"
"NTXM-313","0-20 sm","Gill","16.59","1.63","7.88","0.468","11.62","11.99","144","2.46","314.36","22.26","0.27","3.17","0.24","11.62","0.48","","Paxta"
"NMNX-305","0-20 sm","Yengil qum","31.55","1.62","7.47","2.030","102.81","8.68","109","1.93","424.48","8.23","0.20","4.51","0.48","18","0.75","1183143408.7","Paxta"
"NTXM-314","0-20 sm","Qumoq","17.74","1.48","7.66","0.321","2.73","10.25","199","1.28","317.92","24.15","0.39","5.41","0.15","9.25","5.43","1580256038.86","Sabzi"
"NMNT-306","0-20 sm","Yengil qum","15.81","1.68","7.78","0.373","7.22","10.11","257","1.65","395.89","19.6","0.29","5.58","0.26","13.05","2.47","1619858528.97","Makkajo'xori"
"NTTM-275","0-30","Qumoq","23.14","1.76","7.91","0.735","7.13","4.13","146","1.02","460.04","20.3","0.20","4.37","0.14","17.44","0.57","465314621.62","Paxta"
"NMNX-41154","0-20 sm","Loy","15.57","1.64","7.90","0.329","7.97","4.79","256","1.81","358.11","13.13","0.21","4.49","0.34","16.17","1.22","889287717.73","Paxta"
"NMNX-41275","0-20 sm","Gill","16.34","1.62","7.83","0.311","5.02","17.41","284","1.61","315.68","18.15","0.21","10.62","0.26","8.11","0.91","1652895500.43","Sabzi"
"NTXM-314","0-20 sm","Qumoq","30.09","1.75","6.76","0.689","7.57","15.00","140","1.52","356.81","41.86","0.24","5.06","0.30","10.04","1.27","1877749031.46","Makkajo'xori"
"NMNX-306","0-20 sm","Loy","38.81","1.6","5.76","0.215","1.37","31.35","218","0.93","340.4","24.05","0.71","3.22","0.70","19.67","5.45","917235854.63","Paxta"
"NTXM-315","0-20 sm","Gill","19.66","1.55","5.75","0.171","1.89","6.35","90","1.61","327.32","27.78","0.40","2.16","0.40","9.27","0.96","1124005891.83","Paxta"
"NMNT-307","0-20 sm","Gill","18.28","1.44","7.82","0.451","5.55","15.82","317","2.05","391.99","31.81","0.47","7.84","0.82","11.93","4.12","","Sabzi"
"NTTM-276","0-20 sm","Gill","36","1.42","7.68","0.350","7.04","14.87","259","2.10","428.9","27.11","0.37","4.92","0.48","12.74","3.30","302637183.69","Makkajo'xori"
"NMNX-41155","0-20 sm","Qumoq","35.73","1.47","7.81","0.420","11.54","73.08","926","4.16","335.9","25.2","1.16","3.38","0.98","11.63","2.95","","Paxta"
"NMNX-41276","0-20 sm","Qumoq","23.52","1.55","8.01","0.320","23.12","9.43","311","2.04","407.56","25.5","0.27","6.78","0.38","12.8","1.41","919195725.8","Paxta"
"NTXM-315","0-20 sm","Yengil qum","20.14","1.77","7.99","0.435","37.25","5.13","222","2.31","449.9","10.82","0.14","2.16","0.40","18.24","1.71","","Sabzi"
"NMNX-307","0-20 sm","Loy","37.21","1.68","8.03","0.313","24.13","8.10","305","2.06","326.99","36.77","0.51","4.02","0.32","10.64","2.13","2529599086.01","Makkajo'xori"
"NTXM-316","0-20 sm","Qumoq","36.35","1.63","6.24","0.603","17.13","6.78","148","1.12","387.41","28.46","0.41","1.68","0.36","17.84","1.71","","Paxta"
"NMNT-308","0-30","Qumoq","28.19","1.5","6.64","0.495","5.15","8.69","185","1.76","362.03","31.07","0.34","3.95","0.20","9.83","1.70","289174725.34","Paxta"
"NTTM-277","0-20 sm","Gill","34.36","1.66","6.34","0.239","2.78","13.60","110","3.44","410.3","26.54","1.35","5.17","0.53","17.83","2.58","","Sabzi"
"NMNX-41156","0-20 sm","Gill","17.93","1.65","7.54","0.330","23.69","13.13","97","1.62","365.84","29.92","0.27","3.79","0.22","10.26","0.85","132118668.2","Makkajo'xori"
"NMNX-41277","0-20 sm","Yengil qum","18.39","1.43","5.70","0.196","3.04","29.67","239","1.43","411.95","16.42","6.27","12.07","0.69","9.76","2.85","79967469.77","Paxta"
"NTXM-316","0-20 sm","Loy","34.18","1.54","7.82","0.316","24.00","14.49","319","1.99","326.94","9.25","0.29","4.89","0.31","19.07","1.65","756490404.6","Paxta"
"NMNX-308","0-20 sm","Loy","22.13","1.41","5.20","0.324","26.29","40.67","249","2.46","","10.85","0.54","8.97","1.14","7.44","2.79","1820489473.52","Sabzi"
"NTXM-317","0-20 sm","Qumoq","36.88","1.86","7.80","0.407","27.04","11.03","353","3.18","392.15","24.42","0.62","10.11","0.59","17.07","2.17","2235049954.59","Makkajo'xori"
"NMNT-309","0-20 sm","Gill","34.69","1.42","8.06","0.285","19.15","3.54","151","1.61","403.94","17.58","0.49","2.54","0.26","16.23","1.34","960048285.04","Paxta"
"NTTM-278","0-20 sm","Yengil qum","36.87","1.7","7.89","0.362","21.71","5.55","361","2.11","313.19","18.16","0.52","1.78","0.40","10.57","1.62","398946164.03","Paxta"
"NMNX-41157","0-30","Qumoq","16.1","1.78","7.71","1.219","73.53","98.24","571","3.27","440.95","10.42","7.09","7.04","0.63","15.22","2.08","214452973.13","Sabzi"
"NMNX-41278","0-20 sm","Gill","29.68","1.81","8.15","0.309","21.00","11.71","188","1.69","408.85","12.78","0.54","9.15","0.41","15.38","1.68","278363961.71","Makkajo'xori"
"NTXM-317","0-20 sm","Loy","37.56","1.58","8.04","0.297","18.36","5.41","259","1.98","299.82","14.06","0.21","4.97","0.26","13.43","1.40","849020950.93","Paxta"
"NMNX-309","0-20 sm","Gill","15.27","1.36","8.04","0.311","17.35","6.57","300","2.04","320.47","29.53","0.24","4.23","0.27","13.85","1.35","636328054.94","Paxta"
"NTXM-318","0-20 sm","Loy","20.54","1.47","8.16","0.267","19.42","4.18","136","1.78","407.98","21.7","0.23","6.9","0.26","20.31","4.51","2163443190.03","Sabzi"
"NMNT-310","0-20 sm","Yengil qum","32","1.33","7.97","0.249","23.03","5.47","197","1.74","414.61","14.37","0.20","6.32","0.26","7.48","2.93","","Makkajo'xori"
"NTTM-279","0-20 sm","Yengil qum","26.88","1.44","7.80","0.641","45.62","16.80","330","2.67","413.19","13.47","0.51","5.41","0.43","9.63","1.39","504123352.25","Paxta"
"NMNX-41158","0-20 sm","Gill","15.62","1.54","7.82","0.461","32.23","31.81","269","1.71","415.95","13.81","0.79","11.23","0.47","15.03","1.45","556669792.49","Paxta"
"NMNX-41279","0-20 sm","Gill","38.91","1.34","8.03","0.308","21.75","6.43","173","1.32","418.42","16.12","0.66","5.3","0.45","9.93","0.89","415825231.56","Sabzi"
"NTXM-318","0-20 sm","Yengil qum","26.26","1.57","6.25","0.243","18.27","7.32","222","1.94","361.37","12.26","0.54","6.52","0.62","7.85","2.90","620406846.23","Makkajo'xori"
"NMNX-310","0-20 sm","Gill","35.9","1.44","7.44","0.390","3.35","27.81","219","1.81","497.1","59.02","0.38","9.02","0.13","18.31","2.44","2239322134.57","Paxta"
"NTXM-319","0-20 sm","Loy","28.01","1.71","4.63","0.870","39.58","11.16","122","2.41","430.83","20.03","0.78","4.81","0.57","15.78","2.87","391291959.24","Paxta"
"NMNT-311","0-20 sm","Qumoq","32.14","1.55","4.55","0.543","25.45","21.50","106","1.89","385.63","12.35","1.08","9.85","0.91","18.39","2.01","1025869662.3","Sabzi"
"NTTM-280","0-20 sm","Qumoq","18.68","1.7","7.59","0.331","1.72","8.74","123","1.51","342.82","48.03","0.27","3.62","0.23","15.23","1.53","88617513.44","Makkajo'xori"
"NMNX-41159","0-20 sm","Yengil qum","16.94","1.45","7.13","0.433","15.01","10.77","335","1.99","323.35","11.4","0.37","2.92","0.54","16.82","1.87","1277517427.11","Paxta"
"NMNX-41280","0-20 sm","Yengil qum","37.97","1.49","7.55","0.371","5.06","14.17","141","3.03","355.41","12.03","0.34","5.58","0.42","11.17","1.37","1828428808.48","Paxta"
"NTXM-319","0-20 sm","Qumoq","26.6","1.47","5.50","0.291","3.04","16.18","71","1.32","420.57","9.32","0.74","4.51","0.32","14.06","1.58","541052524.63","Sabzi"
"TSPD-2168","0-20 sm","Loy","36.42","1.33","6.08","0.599","22.06","9.57","180","2.53","363.44","14.34","0.66","2.69","0.76","7.89","1.96","137818961.26","Makkajo'xori"
"Karta-279","0-20 sm","Qumoq","31.58","1.53","4.82","0.322","11.62","23.82","139","0.98","448.96","20.99","0.57","8.35","0.82","17.49","1.09","191905297.78","Paxta"
"NTTM-281","0-20 sm","Qumoq","31.45","1.49","6.46","0.753","19.42","29.30","213","2.15","439.05","23.42","0.56","5.04","0.44","14.32","2.92","530674762.99","Paxta"
"NMNX-41401","0-20 sm","Loy","32.2","1.84","4.97","0.355","17.17","14.96","123","1.47","365.88","33.94","0.68","5.61","0.58","12.34","2.15","453805483.27","Sabzi"
"NMNX-41522","0-20 sm","Loy","32.93","1.61","6.41","0.333","7.57","5.72","136","1.35","403.55","15.82","0.43","7.81","0.33","12.05","2.58","639194251.77","Makkajo'xori"
"NTXM-320","0-20 sm","Loy","30.89","1.37","5.97","0.319","6.08","7.59","132","1.98","317.07","10.06","0.70","4.88","0.38","13.76","3.16","562224673.18","Paxta"
"TSPD-2169","0-20 sm","Gill","27.38","1.47","5.92","0.244","4.09","10.12","149","1.94","405.43","16.47","0.68","3.4","0.41","11.06","3.34","713336077.41","Paxta"
"Karta-280","0-20 sm","Gill","25.04","1.75","6.36","0.382","13.34","18.52","283","2.02","448.48","16.52","1.14","1.02","0.69","15.61","3.01","763581464.55","Sabzi"
"NTTM-282","0-20 sm","Qumoq","26.7","1.47","7.43","5.621","63.62","79.08","406","2.02","380.95","12.83","2.96","7.21","0.38","9.61","32.40","433096401.62","Makkajo'xori"
"NMNX-41643","0-20 sm","Qumoq","27.15","1.74","7.58","3.450","74.15","58.22","658","2.01","327.95","28.72","2.29","6.12","0.58","9.28","26.48","668553759.93","Paxta"
"NMNX-41764","0-20 sm","Gill","24.13","1.38","7.24","0.577","20.91","16.85","791","2.21","457.09","31.75","0.63","10.51","0.84","13.75","2.50","1828428808.48","Paxta"
"NTXM-321","0-20 sm","Yengil qum","38.22","1.78","6.63","0.585","17.13","9.70","512","2.35","320.22","30.64","0.50","2.31","0.61","19.44","2.06","196726356.88","Sabzi"
"TSPD-2170","0-20 sm","Qumoq","29.81","1.61","7.66","0.419","5.15","4.55","302","1.32","433.95","31.24","0.27","2.07","0.42","11.41","1.25","2011476940.96","Makkajo'xori"
"Karta-281","0-20 sm","Gill","38.39","1.88","7.53","0.611","8.01","6.69","213","2.06","313.86","17.2","0.45","9.76","0.32","9.25","1.92","1529242049.3","Paxta"
"NTTM-283","0-20 sm","Gill","30.88","1.45","7.20","0.480","19.29","7.24","290","1.61","415.83","30.92","0.32","1.84","0.63","8.45","1.44","122331985.01","Paxta"
"NMNX-41885","0-20 sm","Gill","34.08","1.47","7.43","0.389","5.94","9.22","634","2.24","314.47","53.58","0.37","7.66","0.85","19.8","2.08","759311155.59","Sabzi"
"NMNX-42006","0-20 sm","Gill","29.36","1.37","7.68","0.332","0.79","3.12","138","1.29","360.75","14.19","0.46","1.86","0.24","12.69","1.37","119435335.04","Makkajo'xori"
"NTXM-322","0-20 sm","Qumoq","20.7","1.79","7.45","0.376","15.41","6.91","225","1.36","330.42","25.48","0.26","","0.63","11.98","1.44","761245657.22","Paxta"
"TSPD-2171","0-20 sm","Qumoq","21.17","1.62","7.60","0.336","13.17","3.68","473","1.49","463.83","10.16","0.27","9.54","0.17","7.9","1.42","1010302198.87","Paxta"
"Karta-282","0-20 sm","Gill","39.02","1.61","7.67","0.418","0.35","3.69","273","1.97","272.61","34.82","0.64","9.84","0.53","16.21","1.97","","Sabzi"
"NTTM-284","0-20 sm","Yengil qum","30.59","1.5","7.54","0.377","9.25","2.44","709","2.25","297.21","14.49","0.42","9.91","0.33","25.87","1.78","1183143408.7","Makkajo'xori"
"NMNX-42127","0-20 sm","Yengil qum","16.97","1.73","7.60","0.345","4.67","3.36","380","1.39","410.56","10.91","0.27","9.32","0.26","11.61","0.98","1580256038.86","Paxta"
"NMNX-42248","0-20 sm","Qumoq","32.75","1.46","7.54","0.388","2.60","3.00","501","1.63","377.62","30.54","0.34","7.89","0.23","18.19","1.35","1619858528.97","Paxta"
"NTXM-323","0-20 sm","Qumoq","15.37","1.68","7.51","0.334","8.45","3.73","529","1.97","361.22","31.78","0.35","7.37","0.26","12.71","1.81","465314621.62","Sabzi"
"TSPD-2172","0-20 sm","Qumoq","39.85","1.43","7.61","0.357","7.79","6.26","428","1.24","519.72","28.19","0.20","9.79","0.27","8.13","1.03","889287717.73","Paxta"
"Karta-283","0-20 sm","Gill","23.05","1.6","7.70","0.314","3.83","9.85","361","1.00","355.17","12.25","0.20","8.79","0.32","18.59","0.76","1652895500.43","Sabzi"
"NTTM-285","0-20 sm","Yengil qum","24.39","1.68","7.72","0.403","14.53","8.12","373","0.92","465.55","16.48","0.17","8.38","0.31","12.01","0.77","1877749031.46","Makkajo'xori"
"NMNX-1399","0-20 sm","Loy","30.28","1.71","7.60","0.382","10.57","13.87","283","1.27","322.83","26.19","0.46","9.03","0.37","17.5","1.15","917235854.63","Paxta"
"NMNX-304","0-20 sm","Loy","18.2","1.63","6.81","0.505","0.92","14.71","254","2.27","350.27","9.38","0.51","10.09","0.43","13.29","2.36","1124005891.83","Paxta"
"NTXM-313","0-20 sm","Gill","20.05","1.49","6.46","0.706","5.50","16.04","491","1.69","308.37","13.63","0.37","9.15","0.41","11.44","2.82","","Sabzi"
"NMNX-305","0-20 sm","Gill","18.72","1.59","7.24","0.409","8.72","23.26","171","1.33","305.28","30.75","0.31","9.79","0.46","19.45","0.94","302637183.69","Makkajo'xori"
"NTXM-314","0-20 sm","Yengil qum","17.36","1.53","6.06","0.454","17.39","27.88","211","1.53","453.02","8.33","0.42","9.78","0.44","10.45","1.81","","Paxta"
"NMNT-306","0-20 sm","Qumoq","20.34","1.58","5.71","0.226","12.59","25.21","415","1.74","365.13","31.02","0.48","7.63","0.93","15.94","2.53","919195725.8","Paxta"
"NTTM-275","0-20 sm","Yengil qum","29.11","1.4","7.48","0.328","8.01","7.24","370","1.41","431.76","30.61","0.17","9.99","0.35","14.09","0.84","","Sabzi"
"NMNX-41395","0-20 sm","Yengil qum","18.08","1.5","6.43","0.830","3.74","12.29","171","1.31","385.47","19.31","0.39","8.81","0.48","20.88","1.18","2529599086.01","Makkajo'xori"
"NMNX-41516","0-20 sm","Gill","17.66","1.39","7.58","0.318","9.73","4.64","338","1.44","447.78","26.19","0.20","","0.28","11.44","0.79","","Paxta"
"NTXM-314","0-20 sm","Yengil qum","17.11","1.52","6.64","0.540","13.17","13.75","411","1.86","","10.08","0.41","9.36","0.35","10.34","1.34","289174725.34","Paxta"
"NMNX-306","0-20 sm","Yengil qum","23.29","1.73","7.16","0.436","5.20","7.96","192","1.97","426.05","23.95","0.41","7.67","0.50","10.66","1.07","","Sabzi"
"NTXM-315","0-20 sm","Yengil qum","20.24","1.43","7.73","0.348","12.55","5.55","277","1.63","446.76","58.45","0.26","8.93","0.26","21.2","0.91","132118668.2","Makkajo'xori"
"NMNT-307","0-20 sm","Gill","25.66","1.48","7.66","0.306","0.31","5.32","117","1.86","330.7","43.69","0.38","9.42","0.34","16.7","0.81","79967469.77","Paxta"
"NTTM-276","0-20 sm","Qumoq","39.09","1.64","7.53","0.483","14.75","6.07","172","2.75","372.58","21.44","0.75","9.44","0.43","14.53","1.28","756490404.6","Paxta"
"NMNX-41396","0-20 sm","Loy","32.13","1.85","7.66","0.310","7.40","5.62","242","1.77","417.7","14.39","0.38","9.12","0.38","14.2","0.58","1820489473.52","Sabzi"
"NMNX-41517","0-20 sm","Gill","35.75","1.89","7.69","0.323","7.09","4.41","291","1.85","322.33","31.21","0.30","9.53","0.37","11.88","1.56","2235049954.59","Makkajo'xori"
"NTXM-315","0-20 sm","Gill","15.31","1.39","7.64","0.398","0.84","4.79","124","2.31","350.28","18.42","0.39","9.92","0.52","28.19","1.12","960048285.04","Paxta"
"NMNX-307","0-20 sm","Yengil qum","24.57","1.39","7.70","0.311","6.47","3.82","194","1.66","308.28","17.94","0.26","8.75","0.26","17.63","1.56","398946164.03","Paxta"
"NTXM-316","0-20 sm","Loy","30.62","1.76","7.52","0.350","7.97","3.70","325","2.28","487.13","10.68","0.39","9.25","0.45","8.89","1.45","214452973.13","Sabzi"
"NMNT-308","0-20 sm","Yengil qum","27.64","1.73","7.51","0.419","4.27","3.84","120","1.53","424.96","55.52","0.35","9.45","0.30","18.63","0.89","278363961.71","Makkajo'xori"
"NTTM-277","0-20 sm","Qumoq","22.32","1.37","7.66","0.314","8.23","3.11","165","1.51","414.62","18.36","0.28","9.98","0.44","17.88","0.70","849020950.93","Paxta"
"NMNX-41397","0-20 sm","Yengil qum","17.64","1.43","6.18","0.720","12.72","9.61","264","1.54","368.05","16.84","0.47","9.41","0.61","12.47","1.31","636328054.94","Paxta"
"NMNX-41518","0-20 sm","Loy","35.9","1.34","5.90","0.198","3.74","12.07","142","2.17","471.3","16.76","0.61","7.77","0.27","17.77","1.28","2163443190.03","Sabzi"
"NTXM-316","0-20 sm","Qumoq","16.72","1.53","7.51","0.302","6.43","4.51","437","2.10","450.67","12.72","0.47","8.94","0.35","19.01","1.14","","Makkajo'xori"
"NMNX-308","0-20 sm","Gill","28.56","1.67","7.69","0.375","3.13","7.18","247","1.87","456.55","30.55","0.25","9.29","0.21","19.67","0.83","504123352.25","Paxta"
"NTXM-317","0-20 sm","Yengil qum","24.27","1.78","7.67","0.364","11.89","2.96","182","1.63","391.36","14.24","0.17","9.3","0.21","9.77","0.68","","Paxta"
"NMNT-309","0-20 sm","Yengil qum","19.72","1.8","7.48","0.388","10.00","3.99","246","2.27","359.73","25.18","0.20","9.63","0.19","24.72","0.88","75710622.77","Sabzi"
"NTTM-278","0-20 sm","Loy","16.87","1.58","7.81","0.345","3.79","3.87","118","1.28","361.94","15.17","0.13","9.39","0.25","10.25","0.87","1247546483.82","Makkajo'xori"
"NMNX-41398","0-20 sm","Loy","25.8","1.68","6.98","0.494","5.37","8.73","185","1.84","339.06","9.91","0.72","","0.29","20.15","1.11","922380874.11","Paxta"
"NMNX-41519","0-20 sm","Yengil qum","27.35","1.47","6.15","0.587","3.74","7.52","122","0.90","383.62","12.99","0.27","","0.16","11.34","1.32","2011476940.96","Paxta"
"NTXM-317","0-20 sm","Yengil qum","28.18","1.81","7.28","0.416","10.48","7.46","169","1.25","303.79","10.97","0.16","10.51","0.19","14.92","0.91","1529242049.3","Sabzi"
"NMNX-309","0-20 sm","Gill","27.98","1.55","7.69","0.394","7.93","8.28","267","2.35","424.76","9","0.17","8.98","0.25","16.38","0.98","122331985.01","Makkajo'xori"
"NTXM-318","0-20 sm","Loy","18.26","1.62","7.71","0.390","12.15","3.96","123","1.60","305.2","18.61","0.41","7.98","0.25","14.54","0.79","759311155.59","Paxta"
"NMNT-310","0-20 sm","Gill","25.48","1.67","7.68","0.361","12.59","4.34","193","1.40","376.3","29.96","0.31","9.66","0.13","9.92","0.90","119435335.04","Paxta"
"NTTM-279","0-20 sm","Loy","22.48","1.51","7.71","0.404","14.49","3.21","140","1.39","399.38","11.62","0.13","8.02","0.21","12.5","0.79","761245657.22","Sabzi"
"NMNX-41399","0-20 sm","Yengil qum","33.45","1.58","7.75","0.354","11.01","7.75","124","1.79","432.51","23.76","0.14","8","0.21","9.56","0.69","1010302198.87","Makkajo'xori"
"NMNX-41520","0-20 sm","Yengil qum","35.22","1.75","6.89","0.508","5.72","9.24","297","2.05","461.19","17.08","0.31","9.08","0.24","20.33","1.32","","Paxta"
"NTXM-318","0-30","Yengil qum","33.5","1.46","7.64","0.475","10.35","14.85","354","2.06","426.92","14.09","0.85","8.76","0.48","13.01","1.90","1183143408.7","Paxta"
"NMNX-310","0-20 sm","Gill","35.61","1.78","7.64","0.385","9.33","5.55","210","1.85","394.16","30.95","0.19","7.66","0.26","16.47","1.30","1580256038.86","Sabzi"
"NTXM-319","0-20 sm","Loy","33.52","1.37","7.64","0.474","4.76","4.66","300","1.91","395.22","28.5","0.16","10.11","0.44","13","1.45","1619858528.97","Makkajo'xori"
"NMNT-311","0-20 sm","Gill","28.89","1.71","7.48","0.446","10.04","2.44","406","2.19","354.21","33.51","0.29","8.29","0.52","13.56","1.36","465314621.62","Paxta"
"NTTM-280","0-30","Qumoq","31.95","1.49","6.42","0.665","1.94","7.39","328","1.85","405.36","47.2","0.71","8.65","0.31","10.46","2.31","889287717.73","Paxta"
"NMNX-41400","0-20 sm","Yengil qum","29.96","1.68","7.74","0.330","5.68","4.52","355","1.45","368.59","30.59","0.27","8.05","0.26","19.42","1.11","1652895500.43","Sabzi"
"NMNX-41521","0-20 sm","Yengil qum","35.75","1.39","7.49","0.377","5.64","5.20","253","1.69","424.83","23.95","0.25","9.08","0.21","13.9","0.84","1877749031.46","Makkajo'xori"
"NTXM-319","0-20 sm","Loy","30.59","1.46","7.12","0.464","7.49","3.73","335","1.47","358.6","11.73","0.25","9.53","0.25","10.51","1.12","917235854.63","Paxta"
"NMNX-311","0-20 sm","Yengil qum","28.23","1.4","7.78","0.331","6.16","5.96","133","2.12","369.12","17.93","0.21","9","0.22","18.13","0.81","1124005891.83","Paxta"
"NTXM-320","0-30","Qumoq","36.29","1.66","7.70","0.382","14.66","3.98","165","1.53","387.91","22.56","0.24","9.92","0.28","17.1","0.78","","Sabzi"
"NMNT-312","0-20 sm","Yengil qum","18.43","1.77","7.00","0.517","13.56","6.00","212","1.76","368.48","16.06","0.32","10.76","0.24","6.78","0.94","302637183.69","Makkajo'xori"
"NTTM-281","0-20 sm","Loy","31.54","1.7","7.61","0.343","5.55","4.63","207","1.89","404.88","26.57","0.22","8.79","0.19","22.15","0.86","","Paxta"
"NMNX-41401","0-20 sm","Yengil qum","30.38","1.57","7.05","0.558","10.39","10.26","251","1.73","368.89","30.21","0.35","9.6","0.43","15.93","1.82","919195725.8","Paxta"
"NMNX-41522","0-30","Loy","15.92","1.62","7.29","0.483","19.55","4.85","312","1.90","368.85","16.13","0.28","8.87","0.28","10.09","1.30","","Sabzi"
"NTXM-320","0-20 sm","Loy","26.9","1.46","7.55","0.427","8.54","8.69","248","1.69","386.11","30.42","0.25","10.12","0.35","10.74","1.17","2529599086.01","Makkajo'xori"
"TSPD-2169","0-20 sm","Yengil qum","26.81","1.41","7.63","0.515","17.08","5.01","295","1.54","351.44","16.92","0.27","7.77","0.20","10.14","1.29","","Paxta"
"Karta-280","0-20 sm","Yengil qum","18.69","1.65","7.58","0.399","7.93","6.44","530","1.75","355.88","8.8","0.36","8.45","0.38","7.89","1.93","289174725.34","Paxta"
"NTTM-282","0-20 sm","Yengil qum","20.63","1.55","7.37","0.421","11.10","7.64","283","1.63","481.82","24.34","0.34","10.04","0.33","12.12","1.69","","Sabzi"
"NMNX-41643","0-20 sm","Qumoq","27.94","1.49","4.78","0.174","11.58","21.09","122","1.63","348.43","44.2","0.46","8.58","0.72","18.18","1.46","132118668.2","Makkajo'xori"
"NMNX-41764","0-20 sm","Gill","26.06","1.41","6.65","0.701","12.86","13.59","174","1.54","390.45","27.97","0.31","9.57","0.39","18.18","1.19","79967469.77","Paxta"
"NTXM-321","0-20 sm","Qumoq","36.94","1.65","7.82","0.296","8.94","3.12","182","0.68","411.39","32.3","0.14","8.21","0.35","21.16","0.42","756490404.6","Paxta"
"TSPD-2170","0-20 sm","Qumoq","18.41","1.53","7.31","0.458","21.93","10.93","261","1.78","435.91","9.72","0.35","9.33","0.45","11.99","1.51","1820489473.52","Sabzi"
"Karta-281","0-20 sm","Yengil qum","28.22","1.67","7.80","0.262","2.99","1.21","243","0.37","319.3","10.72","0.10","9.34","0.32","17.97","1.26","2235049954.59","Makkajo'xori"
"NTTM-283","0-20 sm","Yengil qum","21.28","1.68","7.63","0.408","20.39","4.00","207","1.93","338.14","10.81","0.22","9.09","0.31","25.1","0.84","960048285.04","Paxta"
"NMNX-41885","0-30","Qumoq","24.71","1.59","7.55","0.457","9.60","14.64","301","1.57","313.7","23.29","1.63","9.41","0.32","15.31","1.21","398946164.03","Paxta"
"NMNX-42006","0-20 sm","Qumoq","34.25","1.59","7.73","0.306","3.30","3.76","198","1.10","329.44","10.54","0.19","7.65","0.31","17.01","1.01","214452973.13","Sabzi"
"NTXM-322","0-20 sm","Loy","30.21","1.41","7.75","0.558","20.47","50.94","385","2.14","370.97","13.53","3.06","10.32","0.69","17.69","2.22","278363961.71","Makkajo'xori"
"TSPD-2171","0-20 sm","Yengil qum","39.99","1.52","7.55","0.617","12.77","61.24","334","2.67","363.24","40.02","3.26","10.12","0.78","20.85","2.27","849020950.93","Paxta"
"Karta-282","0-20 sm","Gill","39.89","1.76","7.64","0.418","7.40","2.64","302","1.72","357.84","10.25","0.22","9.16","0.39","17.44","1.60","636328054.94","Paxta"
"NTTM-284","0-20 sm","Loy","35.64","1.57","7.62","0.371","8.41","2.57","363","1.35","423.35","15.65","0.31","8.59","0.16","16.47","1.55","2163443190.03","Sabzi"
"NMNX-42127","0-20 sm","Yengil qum","24.2","1.56","7.69","0.290","7.93","3.77","356","1.59","295.4","15.84","0.20","10.35","0.53","13.12","1.35","","Makkajo'xori"
"NMNX-42248","0-20 sm","Gill","33.8","1.66","7.65","0.343","4.62","2.78","341","1.62","372.95","20.49","0.19","9.23","0.44","20","1.21","504123352.25","Paxta"
"NTXM-323","0-20 sm","Gill","29.63","1.59","7.68","0.351","8.81","4.94","354","1.97","443.64","10.7","0.25","9.46","0.46","15.09","1.22","","Paxta"
"TSPD-2172","0-20 sm","Yengil qum","18.33","1.37","7.66","0.373","3.92","3.10","348","1.50","394.18","12.26","0.26","7.93","0.35","16.47","1.27","822743451.81","Sabzi"
"Karta-283","0-20 sm","Qumoq","34.79","1.56","7.62","0.464","3.43","9.39","321","1.99","439.85","16.1","0.36","9.77","0.26","21.59","1.84","687350279.23","Makkajo'xori"
"NTTM-285","0-20 sm","Loy","32.52","1.44","6.99","0.526","6.30","11.42","234","2.45","422.02","33.28","0.37","9.51","0.52","11.04","2.13","","Paxta"
"NMNX-42369","0-20 sm","Yengil qum","32.02","1.5","7.59","0.400","9.20","10.59","244","1.31","388.45","26.63","0.44","8.99","0.46","8.23","1.21","534794055.38","Paxta"
"NMNX-42490","0-20 sm","Yengil qum","27.89","1.79","7.56","0.370","3.48","3.89","335","1.34","436.07","44.11","0.30","9.33","0.24","13.67","0.87","","Sabzi"
"NTXM-324","0-20 sm","Yengil qum","22.58","1.72","7.62","0.359","7.13","5.32","162","4.68","429.61","25.79","0.40","8.88","0.45","9.2","1.02","116254884.09","Makkajo'xori"
"TSPD-2173","0-20 sm","Yengil qum","20.59","1.75","7.75","0.357","13.96","3.67","197","2.70","314.99","26.65","0.28","7.49","0.50","20.72","1.14","542828133.9","Paxta"
"Karta-284","0-20 sm","Gill","17.94","1.37","7.66","0.252","3.43","3.97","146","2.18","299.47","18.57","0.24","7.5","0.48","16.49","0.80","2066938657.62","Paxta"
"NTTM-286","0-20 sm","Qumoq","33.19","1.58","7.62","0.318","4.09","3.15","260","2.36","415.81","18.73","0.22","8.54","0.55","16.37","1.06","876625497.86","Sabzi"
"NMNX-1400","0-20 sm","Yengil qum","31.04","1.5","7.66","0.342","10.17","4.33","284","2.61","456.18","30.33","0.30","9.48","0.59","7.9","1.26","1791767313.57","Makkajo'xori"
"NMNX-305","0-20 sm","Gill","26","1.71","6.77","0.421","11.84","6.99","363","2.57","371.51","13.45","0.42","8.74","0.26","17.25","1.89","656211597.56","Paxta"
"NTXM-314","0-20 sm","Yengil qum","23.75","1.37","7.50","0.484","12.46","9.58","363","3.30","383.33","31.79","0.82","8.94","0.32","21.65","1.53","1918047965.41","Paxta"
"NMNX-306","0-20 sm","Yengil qum","24.29","1.63","7.69","0.408","9.64","5.42","187","1.68","278.53","32.39","0.22","10.53","0.31","21.09","0.73","1253894571.86","Sabzi"
"NTXM-315","0-20 sm","Loy","24.32","1.6146666666667","6.91","0.595","4.58","12.30","361","1.55","389.02","42.54","0.36","7.82","0.48","21.96","1.47","1144164388.35","Makkajo'xori"
"NMNT-307","0-20 sm","Yengil qum","28.94","1.6398095238095","6.66","0.531","13.21","25.51","139","1.19","312.35","10.19","0.29","8.38","0.30","10.46","0.97","1808133492.4","Paxta"
"NTTM-276","0-20 sm","Loy","19.81","1.6649523809524","6.80","0.546","8.67","12.71","215","1.25","235.68","39","0.27","9.57","0.48","20.27","1.52","1579242913.21","Paxta"
"NMNX-41637","0-20 sm","Yengil qum","17.86","1.6900952380952","6.56","0.767","11.84","11.92","192","1.33","159.01","18.71","0.31","9.26","0.42","11.75","1.67","1071179330.67","Sabzi"
"NMNX-41758","0-20 sm","Gill","26.74","1.7152380952381","7.64","0.375","1.72","8.71","211","1.07","82.34","44.94","0.23","8.57","0.61","10.45","0.88","1257492937.44","Makkajo'xori"
"NTXM-315","0-20 sm","Yengil qum","29.99","1.7403809523809","7.60","0.401","15.54","7.49","341","1.88","5.67","11.99","0.32","8.18","0.36","21.36","1.00","1185782688.6","Paxta"
"NMNX-307","0-20 sm","Loy","23.47","1.7655238095238","7.52","0.398","7.09","5.70","449","2.36","5.67","8.07","0.32","9.26","0.21","10.02","1.39","1752450412.6","Paxta"
"NTXM-316","0-20 sm","Loy","27.1","1.7906666666667","7.50","0.456","5.94","8.00","320","1.63","340.94","23.78","0.24","7.22","0.34","24.19","1.02","1685315706.83","Sabzi"
"NMNT-308","0-20 sm","Qumoq","32.37","1.8158095238095","7.55","0.488","8.23","4.75","340","1.66","327.84","52.65","0.26","8.57","0.31","8.76","1.30","1116884293.73","Makkajo'xori"
"NTTM-277","0-20 sm","Qumoq","32.21","1.8409523809524","7.41","0.442","6.21","8.55","386","1.97","344.62","22.29","0.30","6.84","0.36","27.46","1.29","1408851622.91","Paxta"
"NMNX-41638","0-20 sm","Yengil qum","37.73","1.8660952380952","7.53","0.395","3.08","13.96","381","1.80","344.17","9.93","0.31","8.5","0.44","9.71","1.45","1731950688.04","Paxta"
"NMNX-41759","0-20 sm","Loy","23.62","1.8912380952381","7.64","0.419","7.35","71.69","596","1.99","294.08","16.05","1.12","7.03","0.54","25.17","1.21","1314457568.23","Sabzi"
"NTXM-316","0-20 sm","Gill","17.69","1.916380952381","7.63","0.405","11.98","8.07","352","1.84","333.99","9.87","0.31","8.74","0.29","16.54","1.28","1560412181.96","Makkajo'xori"
"NMNX-308","0-20 sm","Gill","26.99","1.9415238095238","7.66","0.388","9.47","21.48","306","2.83","387.44","19.67","0.36","8.87","0.35","9.75","1.36","1112447160.33","Paxta"
"NTXM-317","0-20 sm","Gill","17.8","1.9666666666667","7.59","0.467","25.41","8.55","417","2.58","293.2","24.99","1.53","9.36","0.42","7.83","2.02","1281697255.2","Paxta"
"NMNT-309","0-30","Qumoq","18.02","1.9918095238095","7.64","0.363","22.19","8.21","319","2.59","413.31","20.57","0.92","9.77","0.12","11.09","1.68","906322183.1","Sabzi"
"NTTM-278","0-20 sm","Yengil qum","18.76","2.0169523809524","7.54","0.320","10.96","10.61","328","2.58","301.74","59.05","1.12","8.03","0.19","10.28","2.08","1315258778.92","Makkajo'xori"
"NMNX-41639","0-20 sm","Loy","19.31","2.0420952380952","7.44","0.453","29.90","7.38","314","2.50","370.02","21.41","0.66","10.27","0.19","9.96","2.11","938950369.37","Paxta"
"NMNX-41760","0-20 sm","Qumoq","35.62","2.0672380952381","6.36","0.509","33.02","20.31","386","2.65","389.46","16.62","0.83","9.24","0.24","21.23","1.71","1247919432.05","Paxta"
"NTXM-317","0-20 sm","Yengil qum","28.42","2.092380952381","7.17","0.364","25.23","10.35","161","2.04","406.32","36.59","0.47","8.82","0.19","12.48","1.17","1282675140.59","Sabzi"
"NMNX-309","0-20 sm","Yengil qum","16.33","2.1175238095238","7.46","0.408","12.72","2.82","248","2.30","429.76","25.02","0.43","8.5","0.28","12.36","1.53","786616023.14","Makkajo'xori"
"NTXM-318","0-20 sm","Yengil qum","38.65","2.1426666666667","7.66","0.387","9.29","3.53","165","2.11","321.98","9.43","0.46","8.65","0.16","15.33","1.00","1141749605.85","Paxta"
"NMNT-310","0-20 sm","Qumoq","28.92","2.1678095238095","7.61","0.355","9.11","3.93","116","2.22","340.27","10.59","0.48","9.79","0.16","10.94","1.26","","Paxta"
"NTTM-279","0-20 sm","Yengil qum","18.51","2.1929523809524","7.56","0.388","16.82","4.36","276","2.10","309.5","13.34","0.44","7.89","0.20","22.17","1.02","1533085053.34","Sabzi"
"NMNX-41640","0-20 sm","Loy","23.08","2.2180952380952","7.53","0.372","15.28","7.47","160","1.68","423.65","35.48","0.38","9.15","0.17","7.65","1.19","829055829.76","Makkajo'xori"
"NMNX-41761","0-20 sm","Yengil qum","25.12","2.2432380952381","7.48","0.367","18.14","3.98","206","4.98","379.69","32.3","0.39","10.03","0.25","16.05","1.24","1367485847.01","Paxta"
"NTXM-318","0-20 sm","Yengil qum","36.15","2.268380952381","5.99","0.342","12.11","13.91","154","1.81","335.73","33.51","0.65","9.23","0.49","14.57","2.27","765724054.93","Paxta"
"NMNX-310","0-20 sm","Qumoq","30.83","2.2935238095238","7.45","0.402","8.19","8.29","162","2.00","291.77","11.87","0.85","10.88","0.21","14.05","1.67","","Sabzi"
"NTXM-319","0-20 sm","Yengil qum","28.13","2.3186666666667","6.81","0.422","10.39","33.93","163","2.04","247.81","22.86","1.61","10.13","0.49","10.32","1.31","1334283565.13","Makkajo'xori"
"NMNT-311","0-20 sm","Qumoq","33.92","","7.59","0.341","12.90","9.81","357","2.25","203.85","17.29","0.86","10.5","0.21","7.86","2.04","861954123.54","Paxta"
"NTTM-280","0-20 sm","Gill","29.22","","6.72","0.330","3.96","10.61","120","1.23","159.89","12.7","1.72","8.4","0.35","21.22","1.27","745594401.13","Paxta"
"NMNX-41641","0-20 sm","Qumoq","24.53","2.3438095238095","7.66","0.385","9.07","6.91","207","2.06","115.93","28.8","0.45","9.41","0.29","10.99","1.01","1993362453.72","Sabzi"
"NMNX-41762","0-20 sm","Gill","35.9","2.3689523809524","7.32","0.380","11.49","16.51","285","1.96","71.97","17.11","0.43","9.26","0.12","12.98","1.23","1210457471.68","Makkajo'xori"
"NTXM-319","0-20 sm","Gill","34.68","","7.64","0.372","17.83","9.13","158","1.77","28.01","16.71","0.40","9.82","0.16","24.43","1.03","721317268.77","Paxta"
"NMNX-311","0-20 sm","Gill","34.09","","7.66","0.450","17.13","7.18","120","2.22","136.43","22.75","0.50","7.32","0.31","20.29","1.36","1030867972.96","Sabzi"
"NTXM-320","0-20 sm","Yengil qum","34.57","2.3940952380952","6.70","0.455","10.30","3.44","333","1.55","161.3","11.13","0.79","9.18","0.49","21.21","1.35","1623244284.06","Makkajo'xori"
"NMNT-312","0-20 sm","Loy","38.6","2.4192380952381","6.98","0.454","1.98","9.69","142","2.79","102.83","14.02","1.23","9.41","0.28","13.27","0.94","1556360663.48","Paxta"
"NTTM-281","0-20 sm","Yengil qum","16.66","","6.94","0.447","7.57","7.91","155","3.07","126.06","10","1.08","9.58","0.35","28.64","1.23","721804494.2","Paxta"
"NMNX-41642","0-20 sm","Gill","18.32","","6.66","0.458","12.55","20.41","203","4.04","125.61","12.93","1.62","8.82","0.96","14.3","1.23","1706490541.96","Sabzi"
"NMNX-41763","0-20 sm","Yengil qum","27.75","2.444380952381","6.30","0.487","10.70","12.81","114","3.38","82.9","13.79","0.79","7.82","0.74","15.43","1.21","892634592.46","Makkajo'xori"
"NTXM-320","0-20 sm","Gill","19.96","2.4695238095238","6.20","0.381","26.86","38.93","300","3.52","116.33","10.45","0.85","8.63","0.65","14.7","1.50","1368879436.19","Paxta"
"NMNX-312","0-20 sm","Yengil qum","34.79","","6.35","0.499","10.44","32.05","655","3.19","121.71","18.01","1.05","7.83","0.84","17.13","1.78","994190164.12","Paxta"
"NTXM-321","0-20 sm","Qumoq","24.92","","7.36","0.500","20.61","5.73","473","2.57","130.85","20","0.44","7.07","0.36","10.33","0.93","1059209738.32","Sabzi"
"NMNT-313","0-20 sm","Yengil qum","24.89","2.4946666666667","7.65","0.384","9.20","5.69","187","1.96","157.96","33","0.37","8.15","0.12","12.57","0.69","796801502.19","Makkajo'xori"
"NTTM-282","0-20 sm","Gill","33.18","2.5198095238095","7.66","0.386","12.90","10.93","229","2.00","146.64","35.03","0.54","","0.16","9.73","0.85","1097371749.32","Paxta"
"NMNX-41643","0-20 sm","Yengil qum","26.62","","7.62","0.537","31.17","8.60","231","2.71","95.03","45.17","0.69","9.56","0.51","13.22","1.18","893565144.74","Paxta"
"NMNX-41764","0-30","Loy","20.66","","7.81","0.414","6.16","14.73","414","2.23","233.29","8.22","0.61","8.38","0.31","17.61","0.91","911384891.16","Sabzi"
"NTXM-321","0-20 sm","Loy","31.08","2.5449523809524","7.24","0.412","12.06","7.27","581","2.70","95.97","45.64","0.54","","0.45","19.63","0.99","1088216761.36","Makkajo'xori"
"TSPD-2170","0-30","Qumoq","33.16","2.5700952380953","7.18","0.387","7.62","40.66","373","2.24","186.67","10.91","1.00","10.13","0.37","9.67","1.47","646538154.54","Paxta"
"Karta-281","0-20 sm","Gill","25.33","","7.69","0.383","5.15","6.18","486","2.30","194.5","11.15","0.48","8.77","0.31","11.29","0.76","932939251.3","Paxta"
"NTTM-283","0-20 sm","Gill","39.03","","7.48","0.362","7.27","8.38","207","2.87","130.91","31.39","0.45","","0.54","13.7","1.15","628929848.97","Sabzi"
"NMNX-41885","0-20 sm","Gill","15.23","2.5952380952381","7.61","0.379","13.39","6.28","88","2.71","159.26","57.64","0.39","9.68","0.26","13.45","1.12","718275951.03","Makkajo'xori"
"NMNX-42006","0-20 sm","Qumoq","30.84","2.620380952381","6.67","0.345","5.86","5.71","304","2.09","77.48","23.82","0.49","8.41","0.40","12.19","1.61","","Paxta"
"NTXM-322","0-20 sm","Qumoq","37.77","","5.16","0.347","20.83","13.18","59","2.30","76.22","21.47","0.72","9.31","0.66","11.59","1.89","","Paxta"
"TSPD-2171","0-20 sm","Loy","31.65","","7.12","0.360","14.00","5.89","202","1.43","97.53","10.8","0.43","8.64","0.37","12.61","1.02","","Sabzi"
"Karta-282","0-20 sm","Yengil qum","24.74","2.6455238095239","6.24","0.800","8.63","11.85","338","1.85","160.36","12.11","0.60","10.24","0.60","13.41","1.84","1098016828.51","Makkajo'xori"
"NTTM-284","0-20 sm","Loy","29.32","2.6706666666667","5.15","0.325","22.50","23.67","767","1.70","113.9","15.57","0.55","","0.68","13.4","1.77","","Paxta"
"NMNX-42127","0-20 sm","Yengil qum","22.92","","6.74","0.516","14.35","26.31","305","2.88","139.9","46.69","2.13","8.44","0.42","10.64","1.50","","Paxta"
"NMNX-42248","0-20 sm","Yengil qum","23.1","","5.84","0.856","23.12","22.13","80","2.64","152.5","17.76","0.43","8.19","0.45","11.46","1.50","1496264958.12","Sabzi"
"NTXM-323","0-20 sm","Qumoq","32.9","2.6958095238096","6.54","0.357","2.33","43.46","344","2.65","115.36","10.52","0.74","9.8","0.77","11.87","1.80","924077710.4","Makkajo'xori"
"TSPD-2172","0-20 sm","Qumoq","25.44","2.7209523809524","7.24","0.365","2.11","6.37","315","2.76","147.63","36.65","0.45","9.17","0.23","13.23","1.10","1293415854.1","Paxta"
"Karta-283","0-20 sm","Qumoq","19.56","","5.08","0.224","5.94","24.78","161","2.14","87.62","26.23","0.46","7.45","0.47","12.34","1.58","1286594596.72","Paxta"
"NTTM-285","0-20 sm","Gill","32.89","","6.89","0.427","9.91","31.92","266","2.20","139.33","9.6","0.49","9.64","0.18","13.45","1.22","1451420947.26","Sabzi"
"NMNX-42369","0-20 sm","Qumoq","32.59","2.7460952380953","7.25","0.599","24.00","20.04","288","2.15","128.5","8.99","0.57","","0.36","14.35","0.90","822100950.36","Makkajo'xori"
"NMNX-42490","0-20 sm","Yengil qum","18.74","2.7712380952382","6.88","0.985","52.18","11.65","315","2.03","91.89","17.43","0.64","8.61","0.26","9.05","1.16","1708751692.16","Paxta"
"NTXM-324","0-20 sm","Yengil qum","35.8","","7.60","0.322","1.59","5.66","201","1.95","119.37","28.13","0.27","9.68","0.20","11.28","0.59","756984615.55","Paxta"
"TSPD-2173","0-20 sm","Yengil qum","17.95","","7.74","0.381","2.82","6.33","244","1.79","99.99","24.72","0.25","8.75","0.43","10.21","0.84","716993564.46","Sabzi"
"Karta-284","0-20 sm","Yengil qum","15.19","2.796380952381","7.66","0.356","1.67","7.31","221","2.65","83.69","10.02","0.30","8.28","0.93","10","1.20","1155524776.98","Makkajo'xori"
"NTTM-286","0-20 sm","Yengil qum","30.25","2.8215238095239","6.91","0.522","3.74","18.80","408","3.18","186.37","19.9","0.47","8.36","0.55","10.94","2.20","876913394.67","Paxta"
"NMNX-42611","0-20 sm","Qumoq","30.09","","5.88","0.483","7.44","11.27","157","2.44","172.29","13.9","0.48","9.37","0.31","8.46","1.80","","Paxta"
"NMNX-42732","0-20 sm","Gill","22.88","","7.56","0.425","11.18","20.87","303","2.47","76.16","19.67","0.32","9","0.50","13.23","1.28","637385121.23","Sabzi"
"NTXM-325","0-20 sm","Qumoq","22.18","2.8466666666667","7.69","0.379","10.00","15.26","180","2.54","87.95","33.71","0.30","9.47","0.45","14.82","0.96","975322016.4","Makkajo'xori"
"TSPD-2174","0-20 sm","Qumoq","36.07","2.8718095238096","7.58","0.472","17.26","39.43","489","2.62","187.73","28.22","0.81","8.23","0.41","11.6","0.95","1338055449.87","Paxta"
"Karta-285","0-30","Yengil qum","18.03","","7.74","0.321","1.36","4.45","214","2.41","107.29","11.02","0.28","11.1","0.21","11.12","0.84","2113442684.49","Paxta"
"NTTM-287","0-20 sm","Gill","17.11","","7.68","0.302","0.88","8.07","272","2.44","106.83","15.12","0.26","10.715","0.23","12.89","1.01","","Sabzi"
"NMNX-1401","0-20 sm","Gill","34.98","2.8969523809524","7.82","0.460","3.87","11.68","263","2.05","148.11","20.59","0.42","11.221","0.41","12.92","1.23","2064621652.22","Makkajo'xori"
"NMNX-306","0-20 sm","Gill","39.27","2.9220952380953","7.71","0.368","0.88","5.75","166","2.54","201.98","55.27","0.28","11.727","0.18","13.22","0.87","635123458.55","Paxta"
"NTXM-315","0-20 sm","Qumoq","32.51","","7.78","0.343","1.63","22.71","94","2.62","89.12","8.04","0.40","12.233","0.42","12.84","0.54","1246305415.27","Paxta"
"NMNX-307","0-30","Qumoq","21.01","","7.72","0.394","5.11","22.05","107","2.41","192.92","13.14","0.32","12.739","0.17","12.61","0.50","1192022128.61","Sabzi"
"NTXM-316","0-20 sm","Yengil qum","30.28","2.9472380952382","7.67","0.414","10.70","8.86","136","1.48","131.29","13.33","0.36","13.245","0.50","13.7","0.68","1205727508.79","Makkajo'xori"
"NMNT-308","0-20 sm","Yengil qum","25.24","2.972380952381","7.70","0.515","19.37","13.70","162","2.36","87.89","13.97","0.43","13.751","0.42","14.06","0.86","","Paxta"
"NTTM-277","0-20 sm","Loy","33.28","","7.74","0.520","0.26","25.11","255","2.47","120.79","16.03","0.26","14.257","0.46","12.72","0.91","1189922293.15","Paxta"
"NMNX-41879","0-20 sm","Yengil qum","34.49","","7.78","0.489","20.03","10.81","202","1.54","152.82","14.73","0.33","14.763","0.32","11.73","0.88","","Sabzi"
"NMNX-42000","0-20 sm","Yengil qum","27.87","2.9975238095239","7.83","0.570","24.26","12.73","122","2.06","192.04","29.31","0.51","15.269","0.48","13.27","0.79","1693894572.77","Makkajo'xori"
"NTXM-316","0-20 sm","Qumoq","34.68","3.0226666666667","7.74","0.290","5.20","14.28","177","1.76","150.13","13.63","0.34","15.775","0.44","12.03","1.03","1285645508.2","Paxta"
"NMNX-308","0-20 sm","Yengil qum","22.57","","7.70","0.397","16.60","19.63","486","2.22","108.22","15.65","0.39","16.281","0.63","12.61","2.05","703520203.82","Paxta"
"NTXM-317","0-20 sm","Gill","30.52","","7.62","0.365","8.06","15.15","360","1.90","66.31","15.4","0.34","16.787","0.45","11.38","1.74","1685335078.68","Sabzi"
"NMNT-309","0-20 sm","Gill","21.37","3.0478095238096","7.84","0.445","14.27","12.39","114","1.45","24.4","59.76","0.31","17.293","0.48","10.76","0.74","1415913338.49","Makkajo'xori"
"NTTM-278","0-30","Yengil qum","17.48","3.0729523809525","7.65","0.405","14.31","8.60","118","1.79","","30.82","0.25","17.799","0.45","11.69","0.69","951933058.14","Paxta"
"NMNX-41880","0-20 sm","Yengil qum","19.87","","7.74","0.422","17.83","9.08","327","1.94","","21.46","0.40","18.305","0.88","14.51","1.37","2040733254.96","Paxta"
"NMNX-42001","0-20 sm","Loy","39.25","","7.72","0.562","23.73","4.46","226","1.66","91.39","17.04","0.31","18.811","0.59","9.82","1.41","888708828.48","Sabzi"
"NTXM-317","0-20 sm","Yengil qum","26.02","3.0980952380953","6.93","0.530","11.23","20.68","332","1.84","154.95","18.32","0.39","19.317","0.42","10.73","1.79","1574429987.11","Makkajo'xori"
"NMNX-309","0-20 sm","Yengil qum","31.2","3.1232380952382","5.61","0.246","14.27","20.77","271","2.26","167.6","13.57","0.69","19.823","0.57","15","2.63","1588134656.8","Paxta"
"NTXM-318","0-20 sm","Yengil qum","33.38","","5.61","0.225","16.78","23.30","319","2.65","215.81","13.86","0.67","20.329","0.34","9.4","2.67","1204953919.25","Paxta"
"NMNT-310","0-20 sm","Yengil qum","23.19","","7.58","0.337","4.05","20.85","275","1.83","136.37","19.06","0.37","20.835","0.42","10.81","1.30","1678677974.36","Sabzi"
"NTTM-279","0-20 sm","Yengil qum","24.85","3.148380952381","7.62","0.336","7.57","7.73","289","2.24","172.95","58.53","0.33","21.341","0.41","9.2","1.38","987011197.79","Makkajo'xori"
"NMNX-41881","0-20 sm","Loy","26.78","3.1735238095239","7.66","0.343","6.08","7.73","282","1.81","213.16","14.05","0.27","21.847","0.33","9.5","1.30","1106456246.09","Paxta"
"NMNX-42002","0-20 sm","Loy","23.73","","7.63","0.427","14.62","12.19","195","1.75","242.28","17.79","0.32","22.353","0.52","12.47","0.97","1775320148.98","Paxta"
"NTXM-318","0-20 sm","Loy","19.41","","7.57","0.348","10.88","7.85","469","2.04","103.86","38.18","0.39","22.859","0.37","10.9","1.65","1375484298.46","Sabzi"
"NMNX-310","0-20 sm","Gill","16.63","3.1986666666668","7.08","0.535","16.38","12.41","296","1.99","99.42","18.56","0.43","23.365","0.44","","1.57","1345623432.9","Makkajo'xori"
"NTXM-319","0-20 sm","Yengil qum","22.72","3.2238095238096","7.62","0.508","27.78","5.35","319","1.64","149.7","47.92","0.24","23.871","0.39","9.04","1.53","808119662.54","Paxta"
"NMNT-311","0-20 sm","Qumoq","23.8","","7.54","0.411","17.30","22.18","587","2.32","194.72","21.28","0.26","24.377","0.36","11.2","1.58","1201091956.05","Paxta"
"NTTM-280","0-20 sm","Gill","15.54","","7.60","0.378","10.74","7.31","257","1.75","101.03","15.38","0.19","24.883","0.34","11.44","1.11","700734190.5","Sabzi"
"NMNX-41882","0-20 sm","Loy","38.04","3.2489523809525","5.72","0.240","10.00","22.82","273","1.78","116.57","8.56","0.49","25.389","0.52","13.04","2.87","2118656500.18","Makkajo'xori"
"NMNX-42003","0-20 sm","Yengil qum","19.27","3.2740952380954","6.49","0.778","12.81","20.23","385","2.24","183.98","14.58","0.38","25.895","0.38","11.68","2.28","1195380247.51","Paxta"
"NTXM-319","0-20 sm","Yengil qum","27.35","","7.04","0.500","9.11","17.72","356","1.85","83.42","25.91","0.31","26.401","0.39","13.29","1.67","909656838.83","Paxta"
"NMNX-311","0-20 sm","Qumoq","25.39","","7.46","0.496","21.75","11.73","345","1.53","142.13","12.23","0.24","26.907","0.31","11.04","1.40","828164257.1","Sabzi"
"NTXM-320","0-20 sm","Qumoq","21.86","3.2992380952382","7.63","0.384","11.40","16.67","288","1.56","134.06","25.49","0.19","27.413","0.36","11.3","1.34","1494440560.17","Makkajo'xori"
"NMNT-312","0-20 sm","Gill","31.48","3.3243809523811","7.64","0.383","17.30","13.02","184","1.06","112.07","20.38","0.15","27.919","0.29","11.76","1.00","976731220.64","Paxta"
"NTTM-281","0-20 sm","Gill","35.85","","7.57","0.370","9.47","8.23","229","1.63","135.08","22.56","0.46","28.425","0.33","10.4","1.18","789850719.82","Paxta"
"NMNX-41883","0-20 sm","Qumoq","17.8","","7.69","0.427","17.17","14.11","268","1.54","154.1","42.33","0.27","28.931","0.29","10.91","0.92","1047563022.95","Sabzi"
"NMNX-42004","0-20 sm","Loy","23.48","3.3495238095239","7.65","0.379","16.25","8.71","264","1.29","140.86","8.35","0.21","29.437","0.23","14.01","1.11","1370094293.4","Makkajo'xori"
"NTXM-320","0-20 sm","Yengil qum","22.42","3.3746666666668","7.36","0.447","21.05","6.72","363","1.76","170.33","9.04","0.35","29.943","0.24","10.14","1.53","","Paxta"
"NMNX-312","0-20 sm","Gill","32.5","","5.31","0.214","12.20","8.70","155","2.35","122.98","24.46","0.58","30.449","0.49","10.77","1.60","1010393320.75","Bug'doy"
"NTXM-321","0-20 sm","Gill","26.13","","7.43","0.549","23.64","12.05","157","1.62","189.65","39.06","0.29","30.955","0.27","14.5","0.70","931183993.95","Sabzi"
"NMNT-313","0-20 sm","Gill","18.94","3.3998095238097","6.70","0.392","9.25","24.69","152","2.23","193.66","10.49","0.38","31.461","0.81","11.62","1.90","714191740.11","Makkajo'xori"
"NTTM-282","0-20 sm","Qumoq","39.28","3.4249523809525","5.22","0.454","26.64","17.96","87","1.93","96.1","9.86","1.04","31.967","0.50","11.73","1.50","1461844528.38","Bug'doy"
"NMNX-41884","0-30","Qumoq","24.8","","5.80","0.252","11.23","13.51","216","2.31","139.21","16.28","0.62","32.473","0.47","12.39","4.08","1136685218.58","Sabzi"
"NMNX-42005","0-20 sm","Gill","23.01","","5.37","0.219","7.71","21.20","152","2.66","104.05","34.49","0.75","32.979","0.74","9.84","2.98","1303756408.12","Bug'doy"
"NTXM-321","0-20 sm","Loy","23.79","3.4500952380954","5.57","0.195","5.99","18.92","138","1.32","112.85","16.05","1.16","33.485","0.46","14.16","1.17","1178810758.91","Bug'doy"
"NMNX-313","0-20 sm","Loy","21.55","3.4752380952382","6.01","0.194","7.66","12.04","118","1.39","201.44","10.39","0.80","33.991","0.42","11.56","0.89","","Sabzi"
"NTXM-322","0-20 sm","Yengil qum","18.62","","7.06","0.516","3.87","16.01","92","1.40","114.23","14.85","0.65","34.497","0.27","10.22","0.78","950998627.32","Makkajo'xori"
"NMNT-314","0-20 sm","Loy","39.29","","5.47","0.146","8.63","19.66","86","1.35","187.67","13.75","0.79","35.003","0.46","13.7","0.91","1364084834.32","Bug'doy"
"NTTM-283","0-20 sm","Loy","19.36","3.5003809523811","7.48","0.901","45.57","152.42","764","4.16","132.54","21.48","4.02","35.509","0.95","11.37","2.46","694990988.4","Sabzi"
"NMNX-41885","0-20 sm","Loy","28.29","3.5255238095239","7.53","0.410","6.03","11.84","316","1.48","133.24","8.78","0.40","36.015","0.30","11.96","1.45","1624504092.47","Bug'doy"
"NMNX-42006","0-20 sm","Yengil qum","26.51","","7.21","0.513","7.53","19.24","426","2.30","78.53","32.78","1.89","36.521","0.25","12.57","1.69","717693756.8","Bug'doy"
"NTXM-322","0-20 sm","Yengil qum","21.1","","7.02","0.510","6.96","25.03","251","1.64","123.4","19.38","0.64","37.027","0.44","10.92","1.90","1969439146.77","Sabzi"
"TSPD-2171","0-30","Qumoq","31.84","3.5506666666668","7.15","0.554","6.78","9.75","132","1.26","113.17","20.8","0.54","37.533","0.28","12.2","1.38","2197019608.44","Makkajo'xori"
"Karta-282","0-20 sm","Yengil qum","15.87","3.5758095238097","5.40","0.164","7.35","8.46","202","2.15","178.48","13.82","0.83","38.039","0.43","9.78","2.44","1495379370.36","Bug'doy"
"NTTM-284","0-20 sm","Yengil qum","30.16","","7.50","0.406","7.75","5.85","161","1.44","162.18","19.34","0.49","38.545","0.24","12.42","0.92","","Sabzi"
"NMNX-42127","0-20 sm","Gill","31.09","","7.49","0.483","6.56","28.41","251","1.65","118.42","15.23","0.61","39.051","0.27","11.09","1.55","736638329","Bug'doy"
"NMNX-42248","0-20 sm","Qumoq","23.31","3.6009523809525","6.38","0.838","8.10","18.39","237","1.95","187.62","18.86","0.62","39.557","0.28","8.57","1.95","1484476937.92","Bug'doy"
"NTXM-323","0-20 sm","Gill","26.58","3.6260952380954","7.51","0.402","16.60","7.54","241","1.81","114.28","25.35","0.50","40.063","0.62","12.45","1.08","824284626.49","Sabzi"
"TSPD-2172","0-20 sm","Gill","38.5","","5.27","0.173","3.21","12.34","204","1.77","95.19","11.94","0.80","40.569","0.46","13.45","2.57","783089454.55","Makkajo'xori"
"Karta-283","0-20 sm","Loy","29.46","","4.94","0.175","3.74","11.79","94","1.87","132.93","42.56","1.27","41.075","0.35","11.15","1.60","914053811.84","Bug'doy"
"NTTM-285","0-20 sm","Loy","34.06","3.6512380952382","7.26","0.399","10.66","8.80","268","2.24","185.87","15.8","0.44","41.581","0.29","12.4","1.65","865092612.72","Sabzi"
"NMNX-42369","0-20 sm","Loy","20.33","3.6763809523811","5.12","0.212","7.57","9.64","176","2.25","95.02","19.39","1.01","42.087","0.78","11.51","1.70","1082040049.46","Bug'doy"
"NMNX-42490","0-20 sm","Gill","22.69","","5.26","0.233","13.78","20.20","261","2.50","212.08","8.22","0.91","","0.66","13.3","2.78","782063490.03",""
"NTXM-324","0-20 sm","Loy","22.53","","5.72","0.224","14.53","20.15","299","2.08","138.36","51.3","0.90","","0.67","11.52","2.78","1262287236.97","Sabzi"
"TSPD-2173","0-20 sm","Qumoq","23.68","3.701523809524","7.26","0.408","17.35","3.66","409","1.78","187.49","29.71","0.69","","0.12","13.4","1.67","1367020665.86","Makkajo'xori"
"Karta-284","0-20 sm","Loy","17.7","3.7266666666668","6.15","0.295","14.88","10.71","551","1.88","176.17","14.55","0.75","","0.24","9.49","2.17","",""
"NTTM-286","0-20 sm","Yengil qum","32.4","","5.78","0.229","8.89","17.70","405","2.18","93.86","24.73","0.80","","0.41","12.59","2.24","1779006997.93","Sabzi"
"NMNX-42611","0-20 sm","Qumoq","20.86","","5.87","0.359","22.98","18.58","259","1.73","145.99","","0.53","","0.21","11.5","2.04","1363913371.07","Bug'doy"
"NMNX-42732","0-20 sm","Loy","28.07","3.7518095238097","6.40","0.394","6.21","14.52","339","1.96","133.87","","0.40","","0.19","10.9","1.70","",""
"NTXM-325","0-20 sm","Yengil qum","30.15","3.7769523809526","7.15","0.378","29.41","29.50","538","2.45","153.04","","1.20","","0.18","13.65","1.49","2061389902.44","Sabzi"
"11922","40-60 sm","Gill","39.16","1.45","6.1","0.56","40.95","22.87","503.93","3.1","428.69","47.51","2.88","9.51","2.02","","1.24","1905220833.17","Makkajo'xori"
"11923","40-60 sm","Qum","37.8","1.53","8.24","1","43.85","16.5","468.55","3.01","429.46","38.74","1.8","7.89","1.03","","0.55","935300391.96","Makkajo'xori"
"11924","40-60 sm","Loy","36.22","1.46","7.12","0.82","35.17","24.23","473.09","2.59","441.52","46.95","2.28","10.77","1.01","9.24","0.87","","Makkajo'xori"
"11928","40-60 sm","Qum","40.14","1.44","6.86","1.67","36.78","25.48","438.8","2.94","389.77","47.57","2.29","9.32","1.24","12.79","1.02","1364977860.58","Makkajo'xori"
"11935","40-60 sm","Loy","43.07","1.5","6.03","1.34","42.71","28.29","490.83","3.63","453.2","65.98","1.44","8.66","1.62","13.95","1.16","1631587555.41","Makkajo'xori"
"11941","40-60 sm","Qumoq","35.06","1.61","6.36","3.16","45.92","23.51","425.43","2.02","363.21","50.38","2.41","9.76","1.81","13.63","0.99","1411179717.04","Makkajo'xori"
"11943","40-60 sm","Qum","40.51","1.43","6.68","0.64","39.96","24.49","496.88","2.57","421.25","47.85","2.27","9.51","0.81","","1.09","2071786063.74","Makkajo'xori"
"11946","40-60 sm","Loy","31.22","1.57","8.19","2","33.53","16.76","413.89","1.75","346.4","51.27","1.65","7.05","0.96","11.8","0.58","687051506.41","Makkajo'xori"
"11948","40-60 sm","Gill","34.96","1.39","6.42","1.02","37.56","25.71","442.64","2.03","388.79","78.25","1.95","","0.9","10.21","1.14","1298826659.03","Makkajo'xori"
"11949","40-60 sm","Qum","35.15","1.4","8.51","4.36","50.44","24.7","490.55","2.78","455.7","50.82","2.16","9.22","2.44","12.11","0.49","1535611266.55","Makkajo'xori"
"11950","40-60 sm","Loy","32.83","1.57","7.34","1.03","28.81","20.18","430.9","2.46","395.39","46.54","2.02","8.23","0.8","8","0.79","954619175.27","Makkajo'xori"
"11951","40-60 sm","Loy","43.68","1.41","7.42","0.6","47.81","24.68","525.24","2.49","481.35","78.86","2.64","10.14","0.72","10.27","0.52","1549823416.68","Makkajo'xori"
"11952","40-60 sm","Qumoq","35.4","1.59","6.53","5.14","32.23","22.48","474.62","2.9","409.97","63.94","1.8","9.07","2.85","13.69","1.14","1037973886.2","Makkajo'xori"
"11956","40-60 sm","Loy","30.15","1.42","6.72","2.79","34.46","17.32","466.88","3.36","412.8","37.5","2.25","9.77","1.9","13.03","1.14","1666232615.15","Makkajo'xori"
"11962","40-60 sm","Qumoq","39.13","1.5","7.45","0.82","32.89","23.01","477.11","2.85","449.92","48.17","0.97","7.99","0.92","10.99","0.82","1675284548.27","Makkajo'xori"
"11963","40-60 sm","Gill","42.09","1.38","6.92","0.94","47.53","21.14","484.24","2.34","440.66","","2.63","9.13","1.02","10.8","0.93","1459162879.39","Makkajo'xori"
"11965","40-60 sm","Loy","34.45","1.52","6.62","3.19","46.69","15.75","459.61","2.69","398.35","59.37","1.27","8.49","2.14","12.99","0.81","","Makkajo'xori"
"11972","40-60 sm","Qumoq","34.51","1.39","7.09","2.66","40.58","19.45","437.55","2.55","392.01","47.52","2.12","10.42","1.97","","0.84","1084148549.91","Makkajo'xori"
"11974","40-60 sm","Qum","41.91","1.43","6.09","1.3","46.81","28.68","517.06","3.21","486.68","71.73","2.59","10.07","1.55","11.18","1.24","1566295624.19","Makkajo'xori"
"11978","40-60 sm","Gill","35.2","1.46","6.71","4.34","45.47","22.09","481.16","2.13","440.02","51.84","1.99","","2.63","14.07","0.97","954661736.95","Makkajo'xori"
"11981","40-60 sm","Loy","41.37","1.38","8.45","1.97","53.99","27.07","524.15","2.99","475.88","70.19","1.29","9.04","1.54","11.26","0.51","1923295295.96","Makkajo'xori"
"11984","40-60 sm","Gill","41.69","1.35","6.03","1.58","49.46","28.7","500.83","3.5","473.52","76.21","2.38","10.05","1.37","10.15","1.33","2201855752.88","Makkajo'xori"
"11987","40-60 sm","Loy","33.56","1.65","6.62","4.14","33.3","20.69","442.32","2.88","389.11","41.38","2.02","10.36","2.66","12.88","1.04","1194419606.37","Makkajo'xori"
"11988","40-60 sm","Qumoq","32.56","1.45","6.89","1.74","30.93","22.55","434.18","2","394.13","60.85","2.13","","1.82","13.14","0.96","810398991.93","Makkajo'xori"
"11989","40-60 sm","Gill","33.47","1.74","6.67","2.82","36.64","17.98","452.99","1.96","417.66","52.96","0.93","7.72","1.8","9.71","1.04","1272227327.5","Makkajo'xori"
"11991","40-60 sm","Loy","34.78","1.55","6.61","2.29","35.56","23.93","434.24","2.33","406.47","46.8","2.02","8.43","1.8","12.34","1.14","862290515.88","Makkajo'xori"
"11993","40-60 sm","Qumoq","30.5","1.57","7.57","0.82","31.93","17.45","430.89","1.93","404.59","77.72","","8.71","0.65","12.76","0.73","638696029.84","Makkajo'xori"
"11995","40-60 sm","Qum","34.93","1.38","7.53","4.06","35.6","17.63","396.65","2.32","342.81","59","2.33","7.84","2.68","10.84","0.82","786610052.09","Makkajo'xori"
"11997","40-60 sm","Loy","33.75","1.63","6.61","2.88","31.61","19.89","442.89","2.23","395.86","","2.08","9.27","1.84","11.55","0.84","1116241321.21","Makkajo'xori"
"11999","40-60 sm","Gill","33.25","1.64","6.27","2.42","31","19.37","407.28","1.97","410.88","55.65","","8.83","1.81","13.59","1.24","","Makkajo'xori"
"12000","40-60 sm","Qum","35.38","1.51","6.03","2.7","40.72","18.71","432.84","1.93","386.41","44.03","2.02","9.77","1.74","12.13","1.39","1047827044.97","Makkajo'xori"
"12003","40-60 sm","Qumoq","39.29","1.38","7.03","0.69","52.56","20.43","532.75","3","506.62","59.61","1.63","8.84","","11.75","0.87","1518506934.51","Makkajo'xori"
"12009","40-60 sm","Gill","39.53","1.31","7.17","1.85","46.35","28.91","489","3.42","439.42","","1.96","9.5","1.52","","0.93","1816363023.12","Makkajo'xori"
"12011","40-60 sm","Loy","30.55","1.53","8.15","2.62","31.99","18.51","411.52","1.85","393.77","73.99","1.23","7.4","1.66","13.2","0.71","867359782.68","Makkajo'xori"
"12013","40-60 sm","Qumoq","38.01","1.47","6.41","4.49","32.49","20.03","471.6","2.74","415.63","","1.66","7.98","","9.29","1.2","942512130.73","Makkajo'xori"
"12019","40-60 sm","Qumoq","36.44","1.36","7.47","0.97","37.75","23.02","455.39","1.91","406.44","60","2.3","9.04","0.79","12.74","0.83","1155680258.43","Makkajo'xori"
"12022","40-60 sm","Loy","40.73","1.49","6.24","2.42","56.67","21.49","494.84","2.65","470.04","54.83","1.05","7.5","2.08","11.5","1","1535120921.43","Makkajo'xori"
"12023","40-60 sm","Loy","34.87","1.46","6.01","2.4","47.1","25.05","458.6","1.97","403.27","40.16","2.03","9.27","1.97","14.78","1.37","1176685299.19","Makkajo'xori"
"12025","40-60 sm","Gill","33.75","1.49","6.94","0.67","44.49","21.86","466.25","2.1","410.47","43.7","2.26","","1.13","14.91","0.81","1214060100.5","Makkajo'xori"
"12031","40-60 sm","Qum","35.36","1.37","7.12","1.33","39.5","25.84","463.87","2.2","422.9","","2.93","","","12.37","0.83","1090650276.62","Makkajo'xori"
"12033","40-60 sm","Loy","39.39","1.56","6.22","1.77","43.03","28.2","507.59","3.18","467.93","","1.04","6.57","1.55","10.26","1.05","1405525489.52","Makkajo'xori"
"12034","40-60 sm","Qumoq","34.45","1.48","6.66","3.22","42.86","22.53","463.32","2.59","430.11","48.19","1.93","9.24","2.13","12.88","1.12","1203036367.21","Makkajo'xori"
"12035","40-60 sm","Gill","36.87","1.53","7.14","1.28","51.19","19.71","457.73","2.76","404.15","45.49","1.97","9.74","1.19","","0.91","2011919973.39","Makkajo'xori"
"12041","40-60 sm","Qum","30.92","1.55","8.4","1.45","28.82","20.84","451.72","2.49","422.06","62.74","2.29","","0.87","12.38","0.37","844582695.85","Makkajo'xori"
"12042","40-60 sm","Loy","33.4","1.59","7.13","3.5","40.74","20.14","444.08","1.69","397.53","39.33","2.44","9.88","","7.85","","774386640.1","Makkajo'xori"
"12043","40-60 sm","Loy","37.76","1.51","6.59","0.73","37.89","21.59","474.11","2.26","420.2","50.06","1.5","7.4","1.19","12.65","1.16","1460356120.42","Makkajo'xori"
"12044","40-60 sm","Qumoq","38.81","1.37","7.11","1.61","45.9","24.26","472.71","3.17","","45.89","2.52","10.01","1.17","13.16","1.11","1162579016.42","Makkajo'xori"
"12045","40-60 sm","Gill","35.81","1.54","6.83","2.39","40.62","19.8","442.19","2.79","408.61","50.42","1.11","6.93","1.97","12.3","0.99","1234091571.74","Makkajo'xori"
"12050","40-60 sm","Gill","36.35","1.62","6.27","2.48","29.14","19.3","425.63","1.8","401.36","50.14","3","10.59","","11.15","1.31","1120793427.27","Makkajo'xori"
"12052","40-60 sm","Loy","32.57","1.63","6.18","1.79","30.78","21.05","447.34","1.72","411.51","60.6","","9.57","1.74","12.05","1.18","1023071412.96","Makkajo'xori"
"12056","40-60 sm","Gill","30.24","1.53","6.96","3.3","31.74","17.97","399.46","1.57","367.36","32.68","1.18","7.1","2.64","12.23","0.8","678915093.55","Makkajo'xori"
"12057","40-60 sm","Qum","37.41","1.45","6.53","1.09","35.02","23.83","440.29","2.11","410.12","42.17","1.88","8.85","0.92","10.45","1.21","","Makkajo'xori"
"12060","40-60 sm","Qumoq","35.65","1.47","7.71","0.98","33.51","20.09","485.74","2.31","441.65","48.26","1.38","8.61","0.55","12.79","0.65","1547709764.67","Makkajo'xori"
"12064","40-60 sm","Loy","43.93","1.34","7.51","1.7","50.36","18.87","505.46","2.6","471.16","44.29","0.3","6.81","","11.08","0.85","1949438816.28","Makkajo'xori"
"12068","40-60 sm","Loy","32.7","1.53","6.84","0.82","39.08","21.04","462.3","2.39","429.15","66.67","3.25","10.27","0.7","11.25","0.98","1082383723.66","Makkajo'xori"
"12071","40-60 sm","Gill","33.21","1.47","8.47","3.99","46.75","24.87","459.5","1.97","420.53","52.74","2.07","10.03","1.71","11.15","0.39","923083694.89","Makkajo'xori"
"12074","40-60 sm","Loy","38.55","1.31","7.29","1.84","36.27","23.41","519.91","3.42","441.93","49.26","1.34","7.72","1.11","8.45","0.8","1206065161.07","Makkajo'xori"
"12076","40-60 sm","Gill","33.35","1.43","6.11","1.65","51.65","22.68","490.91","2.03","461.66","46.01","0.93","6.62","1.58","11.13","1.3","1533162801.09","Makkajo'xori"
"12081","40-60 sm","Gill","39.35","1.36","6.09","1.31","51.04","28.81","469.51","2.76","439.47","52.19","","9.15","1.24","11.75","1.36","1631480285.55","Makkajo'xori"
"12084","40-60 sm","Loy","37.38","1.4","8.94","2.03","31.61","19.09","501.97","2.69","422.48","75.88","1.6","8.7","0.64","13.72","0.38","1324334824.35","Makkajo'xori"
"12085","40-60 sm","Qumoq","32.53","1.4","7.09","3.98","23.85","17.12","441.42","2.29","400.83","44.7","1.93","9.07","","9.21","0.78","840627224.71","Makkajo'xori"
"12088","40-60 sm","Loy","32.76","1.45","6.23","1.55","44.32","16.39","427.49","2.38","372.61","59.32","2.25","9.71","1.38","9.67","1.03","1026074610.33","Makkajo'xori"
"12089","40-60 sm","Loy","41.09","1.48","6.51","2.71","40.05","28.55","494.01","2.42","458.5","49.42","1.16","7.54","2.08","12.02","0.91","1303015018.57","Makkajo'xori"
"12090","40-60 sm","Loy","37.81","1.52","6.1","1.28","45.81","17.94","491.03","2.21","462.79","","2.28","","1.42","12.87","1.07","1849910341.54","Makkajo'xori"
"12091","40-60 sm","Qumoq","34.83","1.54","8.06","4.38","29.79","24.9","440.82","2.53","402.81","50.83","2.45","9.08","","12.77","0.53","1323433960.08","Makkajo'xori"
"12098","40-60 sm","Qum","33.54","1.46","6.28","2.46","27.35","22.81","448.34","1.86","408.9","45.42","1.83","8.62","1.62","","1.21","1066142587.59","Makkajo'xori"
"12099","40-60 sm","Loy","31.68","1.41","8.64","0.91","42.51","18.52","456.25","2.38","415.07","34.86","1.89","9.48","0.69","13.92","0.25","","Makkajo'xori"
"12100","40-60 sm","Loy","42.01","1.42","6.18","1.07","44.32","24.4","489.03","2.5","413.59","45.44","2.89","9.84","1.27","9.3","1.09","1903395076.3","Makkajo'xori"
"12101","40-60 sm","Qumoq","43.16","1.33","7.07","0.64","41.98","20.08","487.08","2.59","435.99","66.12","1.75","9.14","0.68","13.78","0.89","1893698072.3","Makkajo'xori"
"12104","40-60 sm","Loy","31.48","1.65","8.65","3.19","24.54","19.19","436.49","2.07","389.91","49.09","1.34","7.13","1.67","11.22","0.22","726008308.06","Makkajo'xori"
"12106","40-60 sm","Qumoq","33.83","1.61","7.23","2.47","33","24.22","494.77","3.04","455.31","49.95","2.01","9.47","1.77","10.6","0.73","","Makkajo'xori"
"12107","40-60 sm","Gill","36.02","1.75","7.69","1.76","32.66","16.11","488.94","1.93","424.48","","2.62","8.78","","13.95","0.65","1308693453.74","Makkajo'xori"
"12110","40-60 sm","Loy","31.17","1.49","8.69","0.98","32.3","16.32","432.67","1.53","","46.09","1.93","9.18","0.92","10.7","0.39","662031030.24","Makkajo'xori"
"12111","40-60 sm","Qumoq","37.13","1.48","6.04","1.09","44.67","18.85","483.89","2.14","437.74","49.94","2.24","10.17","1.03","7.71","1.29","1488808754.79","Makkajo'xori"
"12112","40-60 sm","Gill","39.09","1.48","6.22","1.69","43.13","26.02","477.83","2.38","430.8","73.37","2.17","9.83","1.41","13.01","1.18","1316244580.72","Makkajo'xori"
"12118","40-60 sm","Qum","35.79","1.44","8.02","5","44.51","23.36","459.02","2.86","418.64","50.02","2.26","9.4","2.47","12.28","0.61","","Makkajo'xori"
"12121","40-60 sm","Qumoq","36.85","1.38","8.92","1.48","29.67","24.49","511.73","2.92","454.01","","1.64","7.93","0.72","10.08","0.26","1150141603.58","Makkajo'xori"
"12122","40-60 sm","Gill","40.04","1.37","7.81","1.43","44.32","28.88","479.14","3.23","423.35","46.42","1.02","7.07","1.39","7.6","0.71","1628407881.67","Makkajo'xori"
"12123","40-60 sm","Qum","36.26","1.47","6.84","1.42","36.35","18.44","405.3","2.41","399.06","67.41","","8.5","1.1","12.15","1","1526913976.15","Makkajo'xori"
"12124","40-60 sm","Loy","33.54","1.58","6.87","2.67","39.14","23.93","453.88","2.11","410.6","43.92","1.09","6.87","1.81","11.99","0.96","1322145218.37","Makkajo'xori"
"12125","40-60 sm","Loy","30.39","1.51","6.52","1.31","30.53","15.98","425.18","2.12","389.52","58.16","2.04","9.55","1.19","12.05","0.98","575567901.2","Makkajo'xori"
"12127","40-60 sm","Qumoq","38.2","1.5","8.2","2.24","43.09","18.93","513.89","3.24","466.57","76.53","","8.59","1.05","11.5","0.54","1456415747.36","Makkajo'xori"
"12131","40-60 sm","Loy","38.87","1.51","6.15","3.36","37.84","25.57","504.32","2.58","440.22","38.34","0.93","7.53","2.38","10.16","1.1","1876943381.83","Makkajo'xori"
"12132","40-60 sm","Qumoq","42.13","1.4","6.23","0.62","42.25","30.27","482.24","2.51","426.14","49.39","1.94","8.25","1.4","13.23","1.05","2221194440.84","Makkajo'xori"
"12133","40-60 sm","Gill","32.65","1.44","7.17","2.4","25.7","19.42","399.64","2.11","359.22","49.21","2.51","8.97","1.63","14.21","0.9","678681062.87","Makkajo'xori"
"12136","40-60 sm","Loy","35.83","1.47","7.25","1.98","29.59","24.54","459.91","2.29","419.27","57.13","2.5","","1.51","11.59","0.76","948873508","Makkajo'xori"
"12140","40-60 sm","Loy","38.59","1.49","6.21","1.92","42.66","27.92","450","2.48","389.44","45.22","2.25","9.24","1.66","13.6","1.17","1426802636.47","Makkajo'xori"
"12142","40-60 sm","Qumoq","38.01","1.56","7.03","1.65","34.53","21.45","489.7","2.08","431.72","51.45","2","8.53","1.47","12.67","1.1","1582684379.77","Makkajo'xori"
"12146","40-60 sm","Loy","39.14","1.38","8.18","1.53","51.35","18.63","485.03","2.48","474.34","62.26","2.34","10.33","1.08","11.71","0.6","1983372282.64","Makkajo'xori"
"12151","40-60 sm","Loy","38.15","1.56","6.15","2.6","45.78","22.16","474.83","2.66","430.61","60.59","1.11","7.05","2.04","","1.18","","Makkajo'xori"
"12152","40-60 sm","Qumoq","41.63","1.57","6.43","2.49","59.4","24.25","497.34","3.32","465.55","48.51","1.89","8.01","1.96","12.39","0.91","1529982849.67","Makkajo'xori"
"12153","40-60 sm","Gill","40.69","1.35","7.26","1.46","52.38","23.07","514.4","2.63","466.36","","1.77","8.87","1.03","13.76","0.78","","Makkajo'xori"
"12155","40-60 sm","Loy","36.51","1.49","6.38","0.97","46.75","24.9","417.04","2.63","376.04","40.04","1.77","","1.3","12.44","1","975308256.65","Makkajo'xori"
"12157","40-60 sm","Qumoq","35.26","1.36","6.28","0.89","38.83","19.02","448.94","2.25","413.66","63.88","2.19","9.63","1.31","13.62","1.02","916839645.63","Makkajo'xori"
"12158","40-60 sm","Gill","31.76","1.64","6.26","4.14","38.18","17.71","432.49","2.08","396","60.37","1.47","7.32","2.62","13.03","0.97","1052619478.11","Makkajo'xori"
"12159","40-60 sm","Qum","31.69","1.68","7.16","3.51","43.84","21.18","398.78","2.03","345.52","68.45","2.21","9.85","1.95","12.71","0.93","988505312.02","Makkajo'xori"
"12160","40-60 sm","Loy","31.32","1.66","8.59","4.43","30.83","14","422.14","1.8","387.73","60.22","2.58","9.11","2.5","11.71","0.42","","Makkajo'xori"
"12162","40-60 sm","Loy","31.39","1.49","6.47","2.08","41.1","20.28","452.74","2.31","406.9","54.57","2.35","10.07","1.89","8.51","1.02","937678827.63","Makkajo'xori"
"12163","40-60 sm","Qumoq","34.17","1.69","8.2","3.81","32.64","15.18","393.05","1.94","","41.81","1.9","8.76","2.12","11.68","0.58","","Makkajo'xori"
"12166","40-60 sm","Loy","37.01","1.5","6.85","1.66","33.55","15.7","474.83","2.03","428.1","43.48","2.44","9.46","","9.3","1.03","1048510987.47","Makkajo'xori"
"12167","40-60 sm","Loy","32.57","1.46","7.77","1.99","36.84","18.41","462.96","2.28","403.73","41.01","2.4","10.26","1.31","12.29","0.83","852653482.1","Makkajo'xori"
"12168","40-60 sm","Qumoq","31.53","1.58","8.35","1.61","30.08","18.31","438.84","1.84","408.87","65.73","1.46","9.98","0.76","10.22","0.52","1072836348.43","Makkajo'xori"
"12169","40-60 sm","Gill","32.32","1.73","7.06","3.4","41.81","19.93","417.51","1.87","401.19","","2.25","10.47","2.02","9.11","","973512080.71","Makkajo'xori"
"12171","40-60 sm","Loy","37.66","1.38","6.64","0.76","37.5","15.28","448.13","2.69","404.72","51.5","1.8","8.8","0.76","10.41","1.16","806296063.34","Makkajo'xori"
"12173","40-60 sm","Qumoq","32.58","1.53","6.36","1.75","36.27","20.57","426.89","2.66","380.66","40.84","2.64","9.27","","12.83","1.18","","Makkajo'xori"
"12174","40-60 sm","Gill","35.26","1.57","6.44","1.21","38.61","27.19","453.42","3.18","393.39","53.84","2.3","10.02","1.36","12.16","0.96","1220951784.98","Makkajo'xori"
"12175","40-60 sm","Qum","32.12","1.5","7.01","2.04","47.18","20.76","449.08","2.14","404.47","45","1.42","6.63","1.68","","0.85","896359107.35","Makkajo'xori"
"12177","40-60 sm","Loy","42.67","1.46","6.04","0.88","48.72","30.47","496.1","2.4","468.69","59.56","2.91","9.8","","12.5","1.17","1818016731.24","Makkajo'xori"
"12179","40-60 sm","Gill","40.51","1.34","8.41","1.59","38.8","19.96","514.42","3.29","468.49","","1.66","7.85","1.18","13.5","0.45","1360490573.36","Makkajo'xori"
"12181","40-60 sm","Loy","31.23","1.57","7.56","3.73","35.21","17.04","407.07","1.78","377.88","39.8","2.12","10.2","2.29","9.86","0.64","688933989.09","Makkajo'xori"
"12185","40-60 sm","Qum","40.24","1.32","7.13","0.93","44.04","25.21","464.25","2.46","420.77","53.4","1.6","7.81","1.02","","0.99","1308625335.37","Makkajo'xori"
"12186","40-60 sm","Loy","33.03","1.38","8.51","2.43","32.29","13.72","425.42","1.61","415.09","75.75","2.72","9.61","","10.55","0.35","665423136.59","Makkajo'xori"
"12188","40-60 sm","Qumoq","32.95","1.57","6.55","4.17","43.6","18.38","448.47","2.68","408.11","54.62","2.49","10.18","2.68","10.53","1.04","1409158649.67","Makkajo'xori"
"12191","40-60 sm","Loy","30.06","1.37","7.99","3.05","18.7","16.29","408.71","1.67","372.18","50.57","2.66","8.93","1.66","11.69","0.49","343737616.79","Makkajo'xori"
"12200","40-60 sm","Gill","32.36","1.48","6.55","2.14","45.24","22.86","470.11","2.76","452.73","41.74","1.14","7.07","1.68","7.73","0.82","1351593736.77","Makkajo'xori"
"12201","40-60 sm","Qum","42.81","1.3","6.49","0.67","45.79","24.73","477.35","3.23","421.19","43.14","1.17","7.62","0.82","11.41","1.1","1600068512.17","Makkajo'xori"
"12203","40-60 sm","Loy","35.91","1.46","6.51","0.92","40.55","24.46","465.31","2.84","427.67","54.83","2.68","9.39","","13.04","0.9","1852088881.22","Makkajo'xori"
"12206","40-60 sm","Qum","36.98","1.33","7.36","2.06","40.68","19.59","502.68","3.07","461.15","69.06","2.43","9.22","","11.75","0.73","","Makkajo'xori"
"12208","40-60 sm","Loy","32.54","1.74","6.1","4.51","40.26","20.97","457.46","2.09","423.29","52.62","","7.41","2.44","13.3","1.18","","Makkajo'xori"
"12211","40-60 sm","Qum","40.16","1.4","6.33","1.03","48.81","25.81","481.66","2.48","419.22","61.4","1.25","8.43","1.13","13.47","1.27","1751336279.42","Makkajo'xori"
"12212","40-60 sm","Loy","31.45","1.49","6.26","3.76","29.76","19.58","415.26","2.08","389.23","46.43","1.76","10.81","2","12.39","1.17","810070961.61","Makkajo'xori"
"12214","40-60 sm","Qumoq","39.77","1.41","6.1","0.81","46.1","26.45","508.86","2.28","462.78","54.73","1.6","7.72","1.04","11.11","1.08","1619490025.96","Makkajo'xori"
"12217","40-60 sm","Loy","40.49","1.45","7.95","2.66","48.09","17.09","479.37","2.22","449.09","56.71","2.46","9.2","1.74","13.31","0.64","1705229350.44","Makkajo'xori"
"12221","40-60 sm","Qum","36.63","1.55","6.21","1.45","52.33","24.86","454.38","2.21","400.25","48.59","1.69","","1.04","12.06","1.13","1336945642.41","Makkajo'xori"
"12223","40-60 sm","Loy","42.7","1.38","6.45","0.61","55.5","21.46","477.01","3.69","442.08","51.92","2.69","","0.75","15.34","1.25","","Makkajo'xori"
"12225","40-60 sm","Gill","34.16","1.43","8.51","3.16","29.64","21.12","473.5","2.6","434.57","57.08","2.68","9.32","1.75","12.02","0.37","686454216.89","Makkajo'xori"
"12232","40-60 sm","Loy","31.74","1.64","6.05","2.13","30.65","21.32","473.4","2.76","421.97","60.57","2.19","7.6","","8.96","1.29","1100872572.83","Makkajo'xori"
"12233","40-60 sm","Loy","38.57","1.47","7.55","2.31","51.61","18.97","488.63","2.62","435.81","54.6","2.3","9.14","1.61","15.25","0.65","","Makkajo'xori"
"12239","40-60 sm","Loy","35.62","1.49","6.47","2.83","37.03","23.87","443.06","2.67","414.03","","2.37","8.43","1.98","11.38","1.2","1575927845.85","Makkajo'xori"
"12241","40-60 sm","Gill","33.42","1.44","7.15","3.38","39.22","18.34","438.47","2.41","421.81","65.54","1.63","8.63","1.91","13.02","0.83","983921357.47","Makkajo'xori"
"12242","40-60 sm","Qum","32.74","1.49","6.33","3.44","43.22","19.16","428.19","2.56","404.47","72.41","2.03","","1.96","11.44","1","1181441596.96","Makkajo'xori"
"12244","40-60 sm","Loy","35.64","1.46","6.83","4.06","36.81","21.02","440.58","2.72","404.23","49.03","2.77","9.53","2.17","13.12","0.98","","Makkajo'xori"
"12246","40-60 sm","Gill","41.46","1.31","6.43","0.61","49.69","25.27","500.75","2.79","452.4","69.88","1.88","10.27","0.96","10.77","0.95","1923795312.22","Makkajo'xori"
"12249","40-60 sm","Loy","30.44","1.61","7.94","4.1","33.8","18.05","409.98","1.51","391.67","49.96","2.09","8.16","","11.53","0.61","639321613.37","Makkajo'xori"
"12251","40-60 sm","Gill","39.61","1.48","8.05","1.36","43.04","27.97","490.58","2.9","475.7","67.73","2.51","10.05","1.15","9.78","0.46","1432132233.44","Makkajo'xori"
"12252","40-60 sm","Qum","36.21","1.68","6.44","3.97","45.96","27.2","458.29","2.37","415.38","52.64","3.14","10.51","","11.11","1.04","1735920285.66","Makkajo'xori"
"12253","40-60 sm","Loy","34.92","1.66","6.32","2.65","52.17","25.46","458.22","2.39","418.93","62.77","2.81","9.26","2.07","14.78","","1795304938.44","Makkajo'xori"
"12254","40-60 sm","Loy","35.82","1.43","8.03","3.39","38.39","19.35","438.36","2.13","","59.36","1.86","","1.88","13.07","0.7","1029114743.47","Makkajo'xori"
"12255","40-60 sm","Qumoq","41.54","1.41","7.66","1.8","45.19","24.59","498.08","3.66","452.88","63.59","1.16","6.36","1.28","10.3","0.67","1863556901.72","Makkajo'xori"
"12257","40-60 sm","Qum","40.11","1.41","6.13","2.52","42.46","25.49","486.02","3.49","439.3","43.58","1.9","7.53","2.25","11.39","1.02","1651359304.36","Makkajo'xori"
"12258","40-60 sm","Loy","33.82","1.4","7.84","1.17","39.15","19.31","475.61","1.96","434.69","51.16","2.4","9.64","0.88","13.46","0.67","773612522.12","Makkajo'xori"
"12259","40-60 sm","Loy","44.45","1.33","6.69","1.18","42.75","29.55","472","2.59","","45.14","1.14","6.28","1.34","10.77","0.96","2009625193.98","Makkajo'xori"
"12261","40-60 sm","Gill","30.18","1.48","8.13","1.96","35.5","17.99","420.02","1.44","379.38","57.11","1.57","8.31","1.13","11.64","0.45","554796004.65","Makkajo'xori"
"12262","40-60 sm","Qum","40.26","1.53","6.06","1.58","42.13","18.96","465.19","2.69","413.08","47.03","2.43","8.84","1","10.95","1.11","1861248451.88","Makkajo'xori"
"12264","40-60 sm","Loy","34.48","1.63","6.97","1.16","44.7","25.15","506.74","3.02","427.26","50.38","2.19","8.95","1.04","11.82","1","1196386865.76","Makkajo'xori"
"12265","40-60 sm","Qumoq","39.24","1.49","7.06","1.04","46.11","23.99","483.64","3.18","439.39","50.34","2.71","10.11","0.86","11.84","0.63","1201835109.05","Makkajo'xori"
"12267","40-60 sm","Qum","39.6","1.41","6.29","1.52","36.38","28.96","482.66","3.32","442.96","56.62","1.83","8.81","1.38","11.95","1.01","1478800847.62","Makkajo'xori"
"12273","40-60 sm","Qum","38.3","1.42","7.04","2.57","37.72","25.26","480.36","3.33","454.62","","2.03","8.6","1.45","13.67","","1647076851.04","Makkajo'xori"
"12275","40-60 sm","Loy","44.35","1.35","7.01","1.07","48.38","21.91","532.11","3.12","462.22","66.63","2.52","9.94","1.19","12.81","0.96","1742552401.2","Makkajo'xori"
"12277","40-60 sm","Gill","37.99","1.52","6.65","2.74","42.99","17.57","493.38","3.04","456.73","54.57","2.48","10.36","","12.73","1.1","1076378298.08","Makkajo'xori"
"12282","40-60 sm","Gill","40.15","1.39","6.09","1.05","37.28","24.91","506.39","2.38","465.57","57.16","1.73","8.78","1.34","14","1.28","","Makkajo'xori"
"12287","40-60 sm","Gill","42.6","1.36","6.26","1.15","43.86","21.07","484.8","2.77","458.31","73.89","1.92","9.05","1.55","10.95","0.96","1576362890.03","Makkajo'xori"
"12288","40-60 sm","Qum","31.62","1.66","7.43","5.22","35.62","18.16","420.52","2.36","371.05","56.66","2.13","10.26","2.35","14.63","1","624798597.15","Makkajo'xori"
"12290","40-60 sm","Loy","34.23","1.53","6.22","2.79","50.23","22.12","439.47","2.15","416.04","45.56","1.36","7.56","2.14","10.08","1.05","1121747597.73","Makkajo'xori"
"12291","40-60 sm","Qumoq","45.53","1.3","6","0.68","45.03","28.35","492.77","3.06","462.37","59.08","1.72","8.68","1.13","11.05","1.16","1800813827.76","Makkajo'xori"
"12292","40-60 sm","Gill","41.51","1.37","6.12","2.42","52.24","28.03","480.71","2.9","428.92","51.33","1.36","7.98","1.57","14.95","1.41","1632083092.05","Makkajo'xori"
"12293","40-60 sm","Qum","39.66","1.39","6.4","0.96","48.79","30.4","510.41","3.49","470.31","68.69","2.16","","1.14","13.83","1.1","1840826910.74","Makkajo'xori"
"12294","40-60 sm","Loy","37.17","1.53","8.54","4.61","29.5","18.21","451.75","2.56","412.18","73.91","1.35","8.33","2.51","13.27","0.46","957873716.89","Makkajo'xori"
"12296","40-60 sm","Qumoq","32.67","1.79","7.81","4.86","29.73","18","453.34","2.36","","58.1","2.57","8.37","2.46","9.96","0.7","856530581.33","Makkajo'xori"
"12302","40-60 sm","Gill","41.18","1.36","6.47","2.64","44.34","18.8","522.59","2.94","440.52","50.18","2.27","8.66","","10.15","0.96","1797151454.31","Makkajo'xori"
"12309","40-60 sm","Qum","31.14","1.34","8.27","2.4","25.75","14.43","384.18","1.96","356.07","66.32","2.72","10.24","1.22","13.27","0.56","519923933.58","Makkajo'xori"
"12310","40-60 sm","Loy","35.21","1.55","7.37","3.72","36.6","21.84","483.68","2.92","433.92","48.53","2.52","8.79","2.25","9.4","0.85","1252263868.33","Makkajo'xori"
"12314","40-60 sm","Qum","38.24","1.74","6.31","1.29","46.89","21.74","463.05","2.88","401.08","55","2.35","9.65","1.31","11.97","1.04","1649919210.76","Makkajo'xori"
"12315","40-60 sm","Loy","39.15","1.38","6.74","1.52","47.35","19.5","490.93","2.94","438.15","64.49","2.09","9.25","","14.28","1.06","1553006270.93","Makkajo'xori"
"12318","40-60 sm","Gill","42.08","1.49","6.07","2.66","57.81","29.53","492.26","2.41","437.83","45.3","1.39","","","12.47","1.18","1716078316.98","Makkajo'xori"
"12319","40-60 sm","Qum","40.53","1.42","7.52","0.93","46.8","27.08","511.26","3.15","","64.94","2.32","9.37","0.77","11.98","0.77","","Makkajo'xori"
"12320","40-60 sm","Loy","30.58","1.45","7.2","3.1","42.12","22.8","457.25","2.26","419.3","61.8","1.89","7.5","2.28","11.9","0.9","809364963.13","Makkajo'xori"
"12321","40-60 sm","Loy","41.92","1.47","6.04","2.38","55.52","26.53","479.76","2.34","434.64","49.49","1.06","7.93","","10.82","1.28","1515068015.8","Makkajo'xori"
"12323","40-60 sm","Gill","36.75","1.55","6.02","1.67","34.33","23.33","481.75","2.25","427.86","42.1","1.82","9.66","1.74","14.73","1.22","1137028790.94","Makkajo'xori"
"12324","40-60 sm","Qum","31.21","1.59","8.05","1.2","29.36","21.89","469.56","2.44","426.76","44.52","2.21","10.29","","11.16","0.51","730038014.68","Makkajo'xori"
"12325","40-60 sm","Loy","43.51","1.42","6.23","1.29","39.65","26.16","491.54","3.15","435.54","49.87","1.62","8.77","1.26","9.2","1.18","1573171256.71","Makkajo'xori"
"12326","40-60 sm","Loy","35.71","1.47","6.63","1.06","35.67","21.97","432.96","2.04","403.95","57","","8.57","","14.42","1.08","1109926789.01","Makkajo'xori"
"12330","40-60 sm","Loy","37.98","1.4","7.82","2.66","34.28","20.88","507.42","2.68","453.99","62.81","1.68","","","13.52","0.6","1548258076.4","Makkajo'xori"
"12332","40-60 sm","Qumoq","33.44","1.39","7.04","4.22","28.1","19.27","467.01","2.37","416.13","51.02","2.15","9.88","2.57","11.7","0.78","1216299018.08","Makkajo'xori"
"12336","40-60 sm","Loy","35.49","1.58","8.25","1.99","48.32","24.07","479.03","2.33","446.98","40.84","2.06","9.5","1.28","14.02","0.43","1782391653.98","Makkajo'xori"
"12343","40-60 sm","Qumoq","34.96","1.47","6.86","1.17","42.29","20.13","448.23","2.2","428.3","41.41","1.87","","1.24","10.17","0.91","1481493428.78","Makkajo'xori"
"12346","40-60 sm","Loy","35.74","1.33","7.72","0.89","41.27","21.41","476.65","2.33","447.73","47.09","","8.27","0.91","13.47","0.57","1502619874.6","Makkajo'xori"
"12347","40-60 sm","Loy","30.74","1.57","6.7","2.35","35.9","16.98","402.45","2.15","373.8","70.73","1.75","","1.44","11.34","0.92","","Makkajo'xori"
"12350","40-60 sm","Qum","31.77","1.51","6.66","3.7","40.56","17.4","444.1","2.88","376.59","38.43","2.11","8.51","2.66","12.05","0.98","1174640828.5","Makkajo'xori"
"12353","40-60 sm","Qumoq","35.84","1.38","6.11","1.11","38.2","24.45","436.53","2.82","371.5","43.76","2.16","8.76","1.17","11.18","1.11","1401124357.23","Makkajo'xori"
"12355","40-60 sm","Qum","32.81","1.61","6.38","1.68","41.77","17.55","398.12","1.86","357.09","40.48","1.08","9.13","","12.09","1.15","","Makkajo'xori"
"12356","40-60 sm","Loy","31.46","1.83","6.7","0.88","37.21","16.63","425.68","1.73","392.95","37.4","2.6","9.97","","12.81","1.11","915535902.1","Makkajo'xori"
"12359","40-60 sm","Gill","32.13","1.59","7.25","1.12","43.03","22.45","437.32","1.85","403.78","65.7","1.99","7.83","1.01","12.95","0.63","955610413.11","Makkajo'xori"
"12360","40-60 sm","Qum","35.42","1.46","8.64","3.35","31.1","17.43","507.97","2.92","458.54","36.6","1.68","7.72","1.64","12.63","0.36","","Makkajo'xori"
"12361","40-60 sm","Loy","31.7","1.43","6.42","1.24","44.72","21.18","472.51","2.49","437.28","62.72","1.55","7.68","1.41","10.12","1.08","1084122477.05","Makkajo'xori"
"12363","40-60 sm","Qumoq","34.56","1.46","7.54","3.91","41.66","22.36","487.52","1.97","457.97","","2.52","9.71","2.11","10.77","0.64","1099750365.35","Makkajo'xori"
"12366","40-60 sm","Loy","30.51","1.62","7.65","5.51","29.09","13.86","437.83","2.15","403.2","30.14","1.25","7.86","2.85","10.23","0.79","687641781.5","Makkajo'xori"
"12369","40-60 sm","Gill","35.01","1.43","6.85","0.92","39.86","19.39","436.01","2.45","370.38","48.6","2.65","9.49","1.18","11.22","0.88","1311845414.99","Makkajo'xori"
"12373","40-60 sm","Qumoq","40.27","1.42","6.85","1.05","53.05","25.02","503.96","3.2","462.3","54.39","2.52","","1.2","12.41","0.66","1595582099.23","Makkajo'xori"
"12374","40-60 sm","Gill","32.98","1.44","7.71","2.91","40.1","20.88","448.93","2.24","391.01","63.63","2.57","9.46","2.02","14.25","0.7","930646617.28","Makkajo'xori"
"12376","40-60 sm","Loy","33.33","1.47","6.94","3.37","31.48","16.34","461.24","2.31","420.22","54.56","1.28","","2.3","9.45","0.89","792890749.28","Makkajo'xori"
"12377","40-60 sm","Loy","36.33","1.52","8.05","2.4","38.28","17.34","479.08","1.9","","50.22","2.45","10.65","1.76","10.44","0.42","855091585.31","Makkajo'xori"
"12380","40-60 sm","Gill","34.77","1.51","7.06","1.63","53.71","26.5","494.32","3.44","455.59","46.94","1.04","7.67","1.32","9.33","0.91","1843901934.5","Makkajo'xori"
"12385","40-60 sm","Gill","42.63","1.37","6.74","0.61","48.32","26.59","492.8","2.98","409.31","70.65","1.75","8.5","0.73","11.32","0.9","2220696295.19","Makkajo'xori"
"12388","40-60 sm","Loy","36.5","1.58","7.65","3.64","51.29","22.89","513.39","2.13","490.39","58.26","1.98","","1.93","11.97","0.73","1380297168.28","Makkajo'xori"
"12389","40-60 sm","Qumoq","41.82","1.42","7.59","2.04","45.82","24.83","507.57","3.71","467.62","53.12","0.87","7.32","1.5","11.74","0.67","1577583755.02","Makkajo'xori"
"12390","40-60 sm","Gill","36.4","1.46","6.78","2.78","45.16","19.22","469.65","2.07","434.97","46.19","1.83","8.11","2.08","12.3","1.1","1427444109.39","Makkajo'xori"
"12392","40-60 sm","Loy","39.69","1.36","6.76","0.67","42.33","21.6","489.66","2.3","446.92","71.77","1.74","8.53","0.94","12.5","","1067691375.84","Makkajo'xori"
"12395","40-60 sm","Gill","32.08","1.69","6.43","4.19","30.16","15.4","432.3","1.86","395.39","","1.09","7.56","2.53","11.15","","854484875.01","Makkajo'xori"
"12397","40-60 sm","Loy","33.24","1.5","7.08","3.57","32.57","18.24","425.39","2.24","384.01","67.97","2.13","9.65","2.34","12.31","0.94","654647946.05","Makkajo'xori"
"12399","40-60 sm","Qumoq","36.63","1.58","6.25","3.14","49.37","20.04","483.35","2.82","433.91","66.48","2.49","10.09","","9.54","1.23","1698291401.52","Makkajo'xori"
"12402","40-60 sm","Loy","35.83","1.47","7.09","2.49","33.56","17.43","428.57","2.9","397.98","43.17","2.34","9.12","1.82","13.35","0.91","1061056529.73","Makkajo'xori"
"12404","40-60 sm","Qumoq","38.5","1.44","7.33","0.59","49.72","18.29","486.67","2.66","465.76","44.81","2.59","10.08","0.92","13.42","0.77","1731701699.46","Makkajo'xori"
"12406","40-60 sm","Qum","39.17","1.38","8.24","0.98","42.59","25.67","506.83","3.13","454.82","66.51","2.02","9.12","0.61","12.71","0.42","1505782921.54","Makkajo'xori"
"12408","40-60 sm","Loy","40.61","1.41","6.36","1.81","50.49","27.48","484.17","2.95","436.32","65.38","1.97","9.31","2","10.73","1.31","","Makkajo'xori"
"12409","40-60 sm","Qumoq","36.72","1.49","8.32","3.48","46.48","20.54","462.18","2.79","419.84","61.49","2.38","","1.77","13.89","0.51","","Makkajo'xori"
"12410","40-60 sm","Gill","36.54","1.54","6.34","3.86","44.07","21.95","427.74","2.47","397.52","45.62","1.14","6.36","2.66","8.85","1.35","1039177290.24","Makkajo'xori"
"12411","40-60 sm","Qum","39.1","1.57","6.11","1.49","40.45","21.96","464.15","2.96","441.44","66.11","2.75","9.09","1.57","11.09","1.16","","Makkajo'xori"
"12415","40-60 sm","Qumoq","38.78","1.36","6.09","3.2","57.92","30.7","457.18","3.23","422.39","63.95","2.02","8.09","","13.27","1.15","1648519933.88","Makkajo'xori"
"12420","40-60 sm","Qumoq","34.11","1.46","8.85","3.11","28.18","20.77","449.33","1.85","400.96","72.56","1.73","8.58","1.89","13.94","0.15","728321708.45","Makkajo'xori"
"12421","40-60 sm","Gill","41.03","1.44","6.44","3.76","39.63","21.95","490.61","3.47","454.37","44.22","2.72","10.02","2.39","8.03","1.08","1348578395.07","Makkajo'xori"
"12422","40-60 sm","Qum","33.61","1.39","8.29","1.82","38.45","19.92","455.23","2.57","407.56","51","","9.44","1.02","13.19","0.43","","Makkajo'xori"
"12424","40-60 sm","Loy","38.71","1.36","7.15","1.97","49.1","24.06","491.33","2.93","416.16","","1.6","8.52","1.59","9.66","1","1436721205.46","Makkajo'xori"
"12426","40-60 sm","Gill","38.26","1.5","6.09","1.57","37.89","26.58","435.32","2.06","381.42","54.52","1.73","","1.71","11.59","1.47","1360986696.83","Makkajo'xori"
"12427","40-60 sm","Qum","33.8","1.4","8.68","2.17","37.22","16.95","504.18","2.77","456.85","43.58","2.39","9.56","1.12","11.99","0.26","1548546645.13","Makkajo'xori"
"12435","40-60 sm","Qumoq","34.09","1.46","7.12","1.63","40.24","19.94","435.75","1.99","412.01","59.03","1.96","8.7","","9.03","0.87","1200995872.45","Makkajo'xori"
"12439","40-60 sm","Loy","31.89","1.52","7.21","3.15","36.22","13.95","457.12","1.94","404.46","38.38","1.71","8.7","1.84","11.95","0.83","788322536.96","Makkajo'xori"
"12440","40-60 sm","Qumoq","35.89","1.48","8.37","1.38","28.11","18.25","454","2.48","410.63","39.54","2.28","9.19","1.22","11.69","0.56","797844220.17","Makkajo'xori"
"12441","40-60 sm","Gill","35.1","1.52","6.34","1.17","33.85","21.69","449.79","2.77","409.47","47.3","1.48","8.41","1.54","9.53","","870914451.53","Makkajo'xori"
"12442","40-60 sm","Qum","40.72","1.39","6.2","1.14","57.99","20.71","444.74","2.43","415.15","48.39","2.22","","1.32","13.29","1.18","1771193249.82","Makkajo'xori"
"12443","40-60 sm","Loy","40.03","1.39","6.73","1.24","53.33","22.75","491.89","3.04","438.07","40.21","1.99","9.43","1.48","14.69","1.13","1605866472.46","Makkajo'xori"
"12449","40-60 sm","Loy","35.76","1.47","6.74","1.02","49.22","17.69","478.24","2.27","428.45","47.36","2.77","10.78","1.18","11.73","1.01","1103998537.72","Makkajo'xori"
"12450","40-60 sm","Loy","33.51","1.41","6.45","1.54","36.39","19.56","448.6","2","394.44","52.24","2.08","9.59","1.5","14.94","1.08","938559315.89","Makkajo'xori"
"12451","40-60 sm","Qumoq","36.09","1.71","6.74","1.66","45.49","18.27","454.81","2.28","416.6","42.75","2.28","9.03","1.6","11.34","0.82","1314781822.04","Makkajo'xori"
"12452","40-60 sm","Gill","39.94","1.41","6.54","2.16","43.97","26.01","480.97","3.14","423.07","47.03","2.31","9.86","1.66","13.12","0.9","1087591586.59","Makkajo'xori"
"12454","40-60 sm","Loy","31.4","1.48","8.42","2.15","25.98","14.18","431.15","2.18","","41.76","2.12","9.76","","12.55","0.38","706216435.74","Makkajo'xori"
"12457","40-60 sm","Gill","41.3","1.39","6.06","0.62","41.26","24.12","522.18","3.7","470.01","60.51","1.72","","0.99","8.41","1.18","1668907233.97","Makkajo'xori"
"12458","40-60 sm","Qum","35.66","1.36","6.94","2.1","43.14","23.02","505.93","3.04","445.25","47.59","2.59","8.71","1.45","14.01","0.84","1747252340.38","Makkajo'xori"
"12466","40-60 sm","Qumoq","38.83","1.35","7.28","0.93","40.12","27.74","480.07","2.98","441.71","50.39","2.06","8.61","1.22","11.2","0.81","1622752654.39","Makkajo'xori"
"12470","40-60 sm","Loy","42.71","1.5","6.06","0.7","58.08","26.41","487.81","3.11","453.92","46.01","2.57","9.83","1.05","12.38","1.11","1768688791.84","Makkajo'xori"
"12476","40-60 sm","Qumoq","37.07","1.35","6.48","0.66","49.34","18.06","479.65","3.22","439.88","68.73","1.19","7.66","1.23","12.85","1.17","","Makkajo'xori"
"12478","40-60 sm","Qum","33.75","1.66","7.07","3.52","34.17","20.33","435.42","1.99","403.94","52.87","2.19","10.57","","13.54","0.78","1227869425.39","Makkajo'xori"
"12480","40-60 sm","Loy","34.94","1.62","7.62","2.53","32.56","17.78","451.39","2.55","433.58","49.42","2.47","9.3","1.57","12.52","0.69","1026499957.32","Makkajo'xori"
"12481","40-60 sm","Qumoq","39.18","1.39","6.92","1.43","43.49","19.2","500.2","2.36","454.19","46.3","1.55","9.97","0.97","13.27","0.92","1674091149.97","Makkajo'xori"
"12484","40-60 sm","Loy","35.99","1.57","7.27","0.87","44.81","16.51","455.73","2.33","424.69","54.66","2.33","9.74","0.73","12.08","0.73","1057115822.19","Makkajo'xori"
"12487","40-60 sm","Qumoq","35.13","1.61","7.92","3.03","41.17","21.06","439.86","2.71","403.05","53.35","1.74","7.84","1.78","10.89","0.68","1372812518.68","Makkajo'xori"
"12491","40-60 sm","Loy","35.43","1.49","6.8","2.69","45.43","23","452.8","2.54","419.13","58.1","1.86","10.16","1.72","","1.17","1092818793.27","Makkajo'xori"
"12497","40-60 sm","Qumoq","38.21","1.41","8.16","3.19","43.34","14.59","447.55","2.49","401.53","45.24","1.39","7.58","2.29","13.17","0.54","1124397577.11","Makkajo'xori"
"12499","40-60 sm","Qum","34.99","1.58","6.48","1.34","37.31","17.07","433.14","2.39","395.32","57.87","2.66","9.75","1.47","9.57","1.15","1029100151.67","Makkajo'xori"
"12501","40-60 sm","Loy","36.64","1.55","6.78","2.2","46.71","22.8","482.33","2.42","448.62","43.39","0.89","6.2","","","0.96","","Makkajo'xori"
"12502","40-60 sm","Qumoq","41","1.42","6.77","0.96","54.12","22.86","492.47","2.78","431.24","39.71","2.52","9.95","0.9","12","1.11","1533057485.86","Makkajo'xori"
"12503","40-60 sm","Gill","36.03","1.43","6.65","1.11","49.42","25.07","469.94","2.5","441.13","59.71","","9.59","1.01","13.18","1.01","1520881863.22","Makkajo'xori"
"12505","40-60 sm","Loy","39.78","1.39","6.58","1.82","53.84","22.52","466.99","2.69","","51.33","1.27","8.19","1.26","13.23","1.09","1305857238.55","Makkajo'xori"
"12506","40-60 sm","Loy","36.36","1.41","6.28","1.36","55.99","18.08","497.59","3.19","443.32","51.42","1.82","9.53","1.22","11.35","1.3","1526166818.43","Makkajo'xori"
"12507","40-60 sm","Qumoq","33.24","1.57","6.32","1.35","41.18","17.17","432.48","2.78","386.61","55.45","2.27","9.16","1.39","13.02","1.02","","Makkajo'xori"
"12509","40-60 sm","Qum","32.1","1.42","7.49","2.81","26.71","16.25","447.91","2.2","445.57","37.51","1.54","8.17","2.21","11.83","0.78","790881749.87","Makkajo'xori"
"12510","40-60 sm","Loy","33.38","1.65","6.97","0.9","30.65","14.31","421.01","2.34","414.83","54.53","1.68","8.69","1.06","10.36","0.86","953844148.98","Makkajo'xori"
"12511","40-60 sm","Loy","36.68","1.66","7.45","2.55","39.22","29.15","496.56","2.68","440.07","35.98","1.81","8.14","1.28","11.24","0.71","1864480905.25","Makkajo'xori"
"12512","40-60 sm","Qumoq","42.49","1.39","6.04","0.63","58.41","31.63","470.47","2.76","425.1","64.21","1.97","9.65","0.73","11.26","1.22","1771642879.66","Makkajo'xori"
"12514","40-60 sm","Qum","30.78","1.46","8.33","3.94","23.86","14.18","416.79","1.21","367.16","","2.53","9.87","2.41","14.69","0.34","","Makkajo'xori"
"12515","40-60 sm","Loy","38.9","1.33","6.73","1.58","33.74","26.16","509.33","3.22","480.4","72.99","1.3","6.68","1.07","7.92","","1159303268.38","Makkajo'xori"
"12521","40-60 sm","Loy","40.1","1.42","6.18","4.6","54.97","27.77","472.14","2.48","420.54","44.42","2.15","10.43","2.73","12.34","1.07","1593944038.16","Makkajo'xori"
"12523","40-60 sm","Qumoq","36.81","1.6","6.21","1.37","40.06","25.59","525.57","2.52","468.67","63.92","2.37","9.64","1.44","13.38","1.14","1259619887.79","Makkajo'xori"
"12527","40-60 sm","Loy","38.86","1.44","6.41","3.29","35.71","17.94","506.44","2.56","454.3","","1.88","9.61","2.45","13.57","1.16","1587279449.75","Makkajo'xori"
"12528","40-60 sm","Qumoq","36.52","1.41","7.58","1.04","38.29","22.7","476.92","1.82","407.11","47.41","1.96","8.86","1.06","12.32","0.81","1246738842.98","Makkajo'xori"
"12529","40-60 sm","Gill","36.64","1.31","6.23","0.73","53.45","18.63","516.83","2.82","466.53","40.52","2.11","8.72","1","9.85","0.88","1763198766.17","Makkajo'xori"
"12532","40-60 sm","Loy","32.69","1.53","8","1.53","33.85","14.49","455.79","1.86","429.8","50.95","1.56","7.73","0.94","13","0.7","763375965.96","Makkajo'xori"
"12536","40-60 sm","Loy","37.97","1.49","6.46","1.76","37.86","25.08","453.66","2.61","438.16","49.42","1.74","9.1","1.31","11.64","1.17","1198702687.22","Makkajo'xori"
"12538","40-60 sm","Qumoq","33.62","1.36","8.92","1.7","26.79","12.42","412.64","1.85","","51.21","2.61","10.25","1.25","12.74","0.28","540787440.39","Makkajo'xori"
"12539","40-60 sm","Gill","42.83","1.32","6.11","0.61","59.16","25.37","454.24","3.19","404.01","75.84","2.39","9.62","1.31","8.3","1.13","1557342268.31","Makkajo'xori"
"12542","40-60 sm","Loy","33.04","1.46","6.41","4.08","46.84","27.83","464.38","3.14","427.06","55.71","1.77","8.19","2.5","11.67","","","Makkajo'xori"
"12543","40-60 sm","Qumoq","33.92","1.66","8.29","2.22","43.98","25","503.54","2.1","464.62","49.97","1.99","9.65","1.53","13.12","0.51","1057435495.99","Makkajo'xori"
"12550","40-60 sm","Qum","36.75","1.4","6.74","1.19","56.65","18.48","484.4","2.36","437.96","69.71","2.28","9.53","0.89","10.94","","1887775175.07","Makkajo'xori"
"12553","40-60 sm","Qumoq","33.06","1.49","6.43","3.58","29.13","16.85","433.69","2.29","414.24","57.95","1.85","7.73","2.3","12.52","0.94","1099110210.66","Makkajo'xori"
"12554","40-60 sm","Gill","39.94","1.5","7.93","2.93","48.46","26.68","496.51","3.22","468.65","49.82","1.25","8.49","1.85","11.47","0.42","1492142149.25","Makkajo'xori"
"12557","40-60 sm","Loy","37.44","1.39","7.87","0.74","49.54","23.1","492.08","2.85","427.87","47.05","2.13","9.5","0.52","9.81","0.68","1622890376.68","Makkajo'xori"
"12559","40-60 sm","Qumoq","30.77","1.62","7.72","2.4","26.44","17.72","417.48","1.6","406.44","59.48","1.91","9.09","1.15","12.52","0.74","","Makkajo'xori"
"12560","40-60 sm","Gill","30.71","1.47","6.51","3.32","39.05","21.71","409.67","2.42","394.07","53.61","","8.36","2.36","10.77","1.22","","Makkajo'xori"
"12562","40-60 sm","Loy","42.99","1.37","6.7","1.19","47.04","25.26","502.73","3.08","","74.17","2.02","10.33","1.22","13.54","1.14","1514150903.36","Makkajo'xori"
"12572","40-60 sm","Loy","31.34","1.63","8.54","4.58","33.56","19.87","454.76","1.73","421.4","52.29","2.84","10.52","2.42","13.18","0.4","660295846.4","Makkajo'xori"
"12573","40-60 sm","Loy","40.46","1.33","6.51","1.14","42.35","18.02","511.88","2.64","461.95","63.21","0.97","6.8","1.69","9.7","1.11","1786950214.92","Makkajo'xori"
"12574","40-60 sm","Qumoq","40.71","1.34","6.17","1.9","34.88","25.47","456.57","3.37","419.79","57.7","","","1.55","12.92","","1532400778.04","Makkajo'xori"
"12576","40-60 sm","Qum","38.21","1.39","6.33","2.11","34.49","19.26","505.91","2.23","451.59","51.51","2.25","9.49","1.41","13.51","1.08","1350749941.88","Makkajo'xori"
"12580","40-60 sm","Gill","36.47","1.57","6.93","2.42","44.95","21.39","443.91","2.08","389.12","51.36","2.8","10.71","1.77","13.75","0.94","1194914400.46","Makkajo'xori"
"12581","40-60 sm","Qum","32.01","1.49","7.12","1.72","38.18","18.4","455.56","2.49","403.41","50.29","1.08","","1.24","11.03","0.72","774579264.56","Makkajo'xori"
"12585","40-60 sm","Gill","42.72","1.42","8.23","0.66","44.39","24.12","491.58","2.89","430.04","81.47","1.67","","0.99","9.88","0.33","1905334771.32","Makkajo'xori"
"12586","40-60 sm","Qum","31.29","1.63","7.71","5.15","28.34","18.46","463.43","2.05","421.35","50.46","2.06","9.11","2.48","9.07","0.79","904229687.74","Makkajo'xori"
"12587","40-60 sm","Loy","44.36","1.35","6.5","0.75","56.96","24.26","504.51","3.07","440.46","45.25","1.8","9.4","1.11","10.56","1.1","2070950174.83","Makkajo'xori"
"12590","40-60 sm","Gill","36.02","1.42","6.06","1.1","41.23","20.47","477.64","3.11","461.71","77.36","1.74","9.05","1.24","13.2","","","Makkajo'xori"
"12592","40-60 sm","Loy","36.36","1.62","6.81","3.13","43.92","22.64","526.05","3.37","484.25","55.48","2.04","8.77","2.05","","0.99","1534067722.89","Makkajo'xori"
"12597","40-60 sm","Qum","36.59","1.53","6.52","2.59","55.49","18.08","454.44","2.97","426.6","38.95","2.35","8.78","1.9","12.7","1.04","","Makkajo'xori"
"12599","40-60 sm","Loy","40.3","1.39","6.18","0.77","47.37","19.76","460.05","3.51","414.38","63.8","2.97","","1.11","12.46","1.04","1746438890.8","Makkajo'xori"
"12600","40-60 sm","Qumoq","31.4","1.6","7.72","4.47","27.76","19.97","406.63","2.02","387.11","45.82","2.13","8.45","2.8","14.13","0.95","564847407.23","Makkajo'xori"
"12602","40-60 sm","Qum","34.54","1.47","7.77","1.75","29.41","21.95","472.47","1.97","424.01","43.69","2.55","9.61","0.91","10.56","0.75","","Makkajo'xori"
"12603","40-60 sm","Loy","34.58","1.48","7.03","1.83","44.89","16.97","477.21","2.95","396.28","43.4","2.34","9.24","1.28","10.9","0.89","","Makkajo'xori"
"12606","40-60 sm","Gill","41.99","1.37","7.29","1.19","54.79","24.71","516.32","3.47","465.22","48.14","2.65","9.74","1.01","11.22","0.67","1700516186.58","Makkajo'xori"
"12608","40-60 sm","Loy","33.38","1.41","7.38","2.69","25.71","14.33","391.77","1.77","350.84","44.58","2.07","11.02","","12.38","0.79","637467282.56","Makkajo'xori"
"12610","40-60 sm","Qumoq","36.28","1.65","6.21","1.27","37.24","19.65","447.32","2.08","404.81","49.05","1.72","8.82","1.32","11.87","1.03","1204545499.09","Makkajo'xori"
"12611","40-60 sm","Gill","39.84","1.45","6.02","1.4","37.51","21.5","508.06","2.29","454.16","55.62","2.66","10.49","1.61","13","1.18","1141492945.87","Makkajo'xori"
"12613","40-60 sm","Loy","30.38","1.49","8.79","3.58","27.05","21.1","456.98","2.01","431.04","53.96","1.85","9.15","","12.35","0.31","","Makkajo'xori"
"12614","40-60 sm","Loy","34.35","1.34","7.96","2.55","38.49","14.16","443.87","2.06","418.95","75.75","2.2","8.82","1.24","8.02","0.64","699491791.09","Makkajo'xori"
"12620","40-60 sm","Qumoq","40.47","1.44","6.46","3.99","43.43","27.9","437.03","2.98","412.58","62.07","1.51","","2.77","11.19","0.91","1487042551.83","Makkajo'xori"
"12622","40-60 sm","Qum","41.14","1.33","6.08","3.12","50.23","25.55","485.47","2.98","451.87","41.89","1.99","7.66","2.22","12.86","1.3","1250508179.55","Makkajo'xori"
"12624","40-60 sm","Loy","35.61","1.36","8.16","0.92","42.23","24.4","464.45","2.93","426.33","45.6","1.93","8.27","","12.25","0.56","1231460401.33","Makkajo'xori"
"12625","40-60 sm","Qumoq","31.48","1.63","7.36","0.96","31.25","17.36","433.63","1.73","389.72","48.72","2.63","8.82","1.08","10.21","0.94","998164171.88","Makkajo'xori"
"12627","40-60 sm","Qum","44.09","1.37","6.63","0.74","44","20.44","505.91","3.5","448.4","31.86","2.43","7.51","1.1","11.42","1.02","","Makkajo'xori"
"12629","40-60 sm","Loy","35.88","1.47","6.81","0.69","46.5","17.27","450.74","2.93","435.36","46.97","2.14","10.18","","13.41","1.15","1409716875.99","Makkajo'xori"
"12630","40-60 sm","Loy","32.4","1.48","7.14","2.24","34.28","14.21","455.11","1.97","388.08","52.16","2.02","9.45","","12.04","0.88","853687098.64","Makkajo'xori"
"12634","40-60 sm","Loy","31.07","1.55","7.15","2.1","37.02","22.29","411.43","2.61","376.2","46.66","1.45","9.49","","12.73","0.79","1054779636.3","Makkajo'xori"
"12637","40-60 sm","Gill","38.78","1.57","6.54","1.63","42.91","26.03","515.55","3.11","462.04","","1.63","8.09","1.4","12.36","1","1223507903.37","Makkajo'xori"
"12638","40-60 sm","Qum","40.69","1.33","6.18","0.58","44.63","26.76","500.36","2.69","460.44","44.43","1.04","8.53","0.98","13.36","1.24","2211911394.66","Makkajo'xori"
"12640","40-60 sm","Loy","36.08","1.71","7.75","1.3","39.87","19.17","505.25","2.97","455.85","","1.37","8.44","1.01","13.82","0.65","1626681959.32","Makkajo'xori"
"12644","40-60 sm","Loy","36.39","1.58","6.09","0.66","39.19","23.63","516.22","3.21","463.6","46.06","2.17","9.89","1.3","11.42","1.13","","Makkajo'xori"
"12646","40-60 sm","Qumoq","40.36","1.5","6.25","1.42","33.86","17.04","455.5","3.31","407.06","41.19","2.19","8.1","1.41","13.18","1.06","1308534971.33","Makkajo'xori"
"12652","40-60 sm","Gill","38.93","1.44","6","0.59","62.39","24.32","502.05","3.63","437.63","","2.1","10.18","1.12","14.37","1.19","1823456136.64","Makkajo'xori"
"12653","40-60 sm","Qum","41.99","1.44","6.54","2.15","40.93","21.48","475.45","3.66","424.51","68.62","1.92","9.55","2.13","14.63","1.06","1361629873.41","Makkajo'xori"
"12654","40-60 sm","Loy","33.44","1.37","6.78","4.45","39.82","18.63","408.5","2.04","375.73","48.69","1.61","8.37","2.76","14.33","0.92","1195379785.28","Makkajo'xori"
"12660","40-60 sm","Loy","41.61","1.33","6.18","1.09","44.56","28.75","461.95","3.37","411.8","42.98","2.57","9.2","1.44","11.07","0.95","1802902220.26","Makkajo'xori"
"12661","40-60 sm","Qumoq","31.22","1.44","6.31","0.84","39.4","13.05","377.71","2.35","377.49","44.13","3.27","10.67","1.21","13.45","1.18","668195053.49","Makkajo'xori"
"12662","40-60 sm","Gill","32.77","1.64","6.36","1.23","47.41","16.63","391.54","2.7","352.53","56.28","1.72","7.18","1.36","9.8","1.19","897066550.56","Makkajo'xori"
"12664","40-60 sm","Loy","30.3","1.46","7.5","2.27","41.59","20.62","443.59","2.48","380.83","54.41","1.95","9.08","1.77","11.25","0.76","","Makkajo'xori"
"12667","40-60 sm","Qumoq","35.44","1.43","7.96","2.38","41.83","22.18","477.79","2.4","431.65","55.89","2.12","8.79","","11.66","0.6","1201470449.72","Makkajo'xori"
"12670","40-60 sm","Loy","35.52","1.4","7.98","1.28","36.84","17.33","490.33","3.16","429.82","51.81","2.07","7.58","1.13","10.23","0.8","1355130288.45","Makkajo'xori"
"12671","40-60 sm","Loy","36.81","1.42","6.79","1.65","43.26","25.37","452.17","2.93","415.08","40.16","2.19","8.51","1.4","10.3","","978312657.55","Makkajo'xori"
"12681","40-60 sm","Loy","37.43","1.37","7.46","0.75","38.37","18.76","424.52","2.62","373.24","45.15","2.2","9.62","1.03","13.76","0.74","1014613731.97","Makkajo'xori"
"12682","40-60 sm","Qumoq","38.42","1.43","6.32","0.9","46.83","21.74","498.76","3.37","462.72","55.33","1.13","7.53","1.01","12.01","1.11","1814613295.88","Makkajo'xori"
"12685","40-60 sm","Loy","34.67","1.57","6.27","3.22","37.13","21.82","423.75","2.03","401.27","","1.71","9.4","2.13","12.08","1.23","946458300.6","Makkajo'xori"
"12686","40-60 sm","Loy","42.07","1.42","6.93","1.93","42.64","17.77","484.76","2.55","439.46","54.74","2.27","11.24","0.98","14.15","0.86","1383174323.1","Makkajo'xori"
"12687","40-60 sm","Qumoq","32.2","1.51","7.98","2.9","46.18","24.82","462.26","2.58","416.98","54.79","2.26","10.12","1.77","11.12","0.57","1369607210","Makkajo'xori"
"12688","40-60 sm","Gill","30.93","1.48","7.83","2.4","25.82","18.66","442.38","2.19","385.77","48.51","1.91","8.24","1.7","8.96","0.64","554192844.84","Makkajo'xori"
"12689","40-60 sm","Qum","33.68","1.55","7.32","1.58","28.24","22.75","481.13","1.8","416.15","33.96","2.43","10.05","1.37","9.46","0.78","","Makkajo'xori"
"12692","40-60 sm","Qumoq","33.82","1.49","6.28","0.61","35.83","18.87","437.26","1.69","391.44","61.33","1.22","","0.83","10.33","1.15","991493430.12","Makkajo'xori"
"12693","40-60 sm","Gill","38.68","1.49","7.52","3.48","45.27","21.56","490.49","2.76","438.71","48.63","2.91","9.77","2","12.24","0.89","1332745301.55","Makkajo'xori"
"12695","40-60 sm","Loy","36.94","1.47","6.24","0.82","39.24","26.84","515.9","3.24","449.94","46.1","2.41","9.39","1.17","10.57","1.18","1478286920.22","Makkajo'xori"
"12696","40-60 sm","Loy","43.2","1.32","6.63","0.57","57.5","29.2","527.4","3.34","485.82","66.49","1.82","8.72","0.52","13.97","0.79","1733738925.1","Makkajo'xori"
"12697","40-60 sm","Qumoq","30.22","1.52","7.82","4.05","33.31","17.45","433.32","2.46","385.6","38.06","2.15","9.71","2.37","","0.73","964574947.9","Makkajo'xori"
"12698","40-60 sm","Gill","34.93","1.44","6.47","0.84","48.42","21.88","434.44","2.77","402.44","39.55","2.98","10.58","1.38","9.83","1.17","873577975.55","Makkajo'xori"
"12700","40-60 sm","Loy","41.48","1.42","6.1","1.2","34.83","24.43","486.06","3.23","416.37","64.6","2.7","9.55","1.22","12.72","1.4","1288294056.9","Makkajo'xori"
"12703","40-60 sm","Qumoq","39.19","1.4","8.34","3.28","37.96","19.34","513.03","2.62","461.42","61.56","0.96","7.19","1.94","12.96","0.54","1629801500.2","Makkajo'xori"
"12704","40-60 sm","Gill","37.09","1.54","7.15","1.81","51.74","24.11","496.02","3.48","","46.92","1.86","","","9.65","0.82","1880235803.99","Makkajo'xori"
"12707","40-60 sm","Loy","43.78","1.41","6.66","0.9","41.47","20.54","525.74","2.98","469.25","81.04","1.93","8.72","","11.47","1.06","1780252445.85","Makkajo'xori"
"12710","40-60 sm","Qum","30.54","1.42","7.55","4.82","37.52","14.78","440.79","1.98","388.56","43.83","1.86","9.87","","11.25","0.74","609862780.61","Makkajo'xori"
"12711","40-60 sm","Loy","38.81","1.38","6.43","0.73","48.06","25.18","454.5","3.37","417.52","53.42","1.02","8.08","1.18","11.31","1.14","","Makkajo'xori"
"12712","40-60 sm","Loy","41.64","1.35","7.13","0.99","53.73","20.57","510.23","3.77","474.2","77.04","2.01","9.38","1.22","12.06","0.79","1521356503.32","Makkajo'xori"
"12717","40-60 sm","Loy","32.2","1.65","8.1","2.99","39.88","21.57","408.11","2.51","362.88","43.59","2.61","10.07","1.66","12.55","0.56","818699064.97","Makkajo'xori"
"12720","40-60 sm","Qum","42.76","1.32","7.15","0.59","47.1","20.37","492.3","3.14","456.55","41.68","2.45","9.65","0.7","11.38","0.99","2027117823.18","Makkajo'xori"
"12723","40-60 sm","Qumoq","36.8","1.6","6.12","1.12","48.71","20.71","476.83","3.02","447.34","74.92","1.96","","0.94","11.75","1.27","1274939350.37","Makkajo'xori"
"12728","40-60 sm","Qumoq","36.71","1.44","6.44","3.71","34.68","23.65","444.74","2.72","388.07","40.84","2.04","9.24","2.21","14.09","1.11","","Makkajo'xori"
"12730","40-60 sm","Qum","35.3","1.63","8.07","1.99","41.26","18.24","447.82","2.85","435.38","56.54","2.01","7.06","1.42","12.37","0.65","1029238168.06","Makkajo'xori"
"12731","40-60 sm","Loy","39.56","1.34","6.03","1.69","44.86","29.51","506.8","3.42","462.6","43.81","2.3","8.1","","11.13","1.15","1511453981.44","Makkajo'xori"
"12732","40-60 sm","Loy","30.32","1.47","7.35","2.18","28.17","14.91","441.56","1.64","425.63","","1.92","8.67","1.8","13.26","0.84","601497313.21","Makkajo'xori"
"12736","40-60 sm","Loy","37.59","1.55","6.01","0.94","41.25","23.55","476.83","3.13","423.96","46.08","2.23","10.67","1.1","10.6","1.21","996887221.88","Makkajo'xori"
"12738","40-60 sm","Loy","37.32","1.48","6.91","1.8","49.42","21.62","466.72","2.6","406.25","55.88","1.46","","1.15","13.06","0.88","1023055453.33","Makkajo'xori"
"12739","40-60 sm","Qumoq","30.23","1.54","7.44","2.76","26.46","17.69","411.11","1.44","366.25","45.61","1.76","8.15","1.71","12.61","0.6","564882676","Makkajo'xori"
"12742","40-60 sm","Loy","31.61","1.64","6.46","1.45","36.38","16.16","429.14","2.55","396.29","44.66","2.76","9.77","1.55","","1.12","982235384.78","Makkajo'xori"
"12745","40-60 sm","Gill","30.51","1.36","6.39","1.72","41.68","15.03","478.7","2.72","418.93","48.2","2.11","9.63","1.54","11.15","1.04","1339213027.77","Makkajo'xori"
"12746","40-60 sm","Qum","42.87","1.33","6","0.63","49.42","28.29","455.37","2.85","406.4","48.37","1.83","9.94","","12.23","1.09","1381291076.31","Makkajo'xori"
"12749","40-60 sm","Qumoq","33.83","1.43","8.4","1.98","31.29","20.16","484.81","2.54","452.2","32.63","1.81","9.41","1.14","14.93","0.57","892203553.23","Makkajo'xori"
"12751","40-60 sm","Qum","35.81","1.53","7.87","0.7","50.33","25.31","443.67","3","","","2.54","10.58","1.04","8.59","0.75","1234236179.81","Makkajo'xori"
"12752","40-60 sm","Loy","38.09","1.61","7.09","1.32","39.73","17.07","475.72","2.85","421.86","","2.72","9.53","1.11","10.32","0.92","","Makkajo'xori"
"12754","40-60 sm","Qumoq","37.4","1.53","6.22","1.28","50.95","17.12","486.58","2.07","457.1","49.02","0.9","6.69","1.08","","1.02","1252336482.33","Makkajo'xori"
"12756","40-60 sm","Qum","30.37","1.71","8.16","1.95","28.83","19.55","401.1","1.51","357.29","46.84","1.9","","1.13","13.45","0.54","604246356.05","Makkajo'xori"
"12758","40-60 sm","Loy","37.08","1.49","6.8","1.83","44.1","24.6","456.12","2.32","408.06","50.9","2.02","8.88","1.5","9.43","0.87","1504256696.17","Makkajo'xori"
"12769","40-60 sm","Qumoq","35.41","1.5","6.25","1.99","54.4","23.77","496.34","2.92","444.26","52.11","0.95","7.87","2","13.24","1.12","1033725689.7","Makkajo'xori"
"12773","40-60 sm","Loy","31.28","1.43","6.88","2.01","32.56","16.25","463.47","2.23","","77.1","1.82","8.76","1.3","14.25","1.16","862377469.28","Makkajo'xori"
"12774","40-60 sm","Loy","36.66","1.49","6.59","4.34","53.92","25.05","491.84","2.78","447.18","70.21","1.16","8.12","2.51","13.51","","","Makkajo'xori"
"12775","40-60 sm","Qumoq","32.39","1.37","6.54","3.87","45.71","21.92","474.68","2.24","439.14","58.05","","","2.25","15","1.08","964236418.45","Makkajo'xori"
"12777","40-60 sm","Qum","32.98","1.52","7.73","2.56","52.88","17.05","490.24","2.98","447.5","35.42","2.26","","1.25","11.08","0.59","1441371545.05","Makkajo'xori"
"12778","40-60 sm","Loy","37.64","1.43","7.64","1.37","47.68","19.13","441.99","2.17","422.8","59.21","1.74","9.76","1.43","10.03","0.77","1039976706.34","Makkajo'xori"
"12780","40-60 sm","Qumoq","39.67","1.47","7.63","3.04","36.86","29","473.55","2.47","462.24","58.5","2.11","9.72","1.44","11.61","0.59","1361693817.64","Makkajo'xori"
"12782","40-60 sm","Qum","37.26","1.5","6.57","3.17","47.02","16.78","457.83","2.9","417.01","51.92","2.12","9.26","2","12.35","","1266713175.23","Makkajo'xori"
"12783","40-60 sm","Loy","40.6","1.35","7.91","2.11","42.09","27.26","512.51","2.79","457.25","62.9","1.43","9.41","1.82","","0.47","1739275121.67","Makkajo'xori"
"12784","40-60 sm","Loy","31.35","1.49","7.07","4.09","39.15","16.09","434.39","1.67","400.9","35.29","1.12","7.74","2.3","9.34","0.83","683045513.13","Makkajo'xori"
"12785","40-60 sm","Qumoq","40.22","1.42","6.03","0.87","49.95","20.22","475.51","2.72","435.86","50.67","2.95","","1.12","12.43","1.11","1600336690.48","Makkajo'xori"
"12789","40-60 sm","Loy","39.68","1.48","6.78","1.16","48.21","23.34","501.66","2.65","458.97","63.39","1.32","8.2","1.11","11.26","0.73","1384385576.25","Makkajo'xori"
"12790","40-60 sm","Qumoq","34.5","1.54","7.3","3.2","51.2","20.93","486.88","2.93","421.42","44.55","1.81","7.86","2.14","13.53","","1245495013.14","Makkajo'xori"
"12793","40-60 sm","Loy","38.56","1.36","7.66","1.31","51.5","18.43","490.51","2.65","","68.77","2.6","9.79","0.66","10.82","0.9","1563904478.45","Makkajo'xori"
"12796","40-60 sm","Gill","38.6","1.57","6.51","3.23","40.3","23.32","482.62","3.36","440.63","47.54","2.48","8.71","2.21","11.87","1","1742781820.46","Makkajo'xori"
"12805","40-60 sm","Qumoq","44.16","1.36","6.31","0.65","55.29","26.97","477.19","3.75","420.78","36.89","2.17","8.75","0.66","13.52","0.9","2179256678.4","Makkajo'xori"
"12807","40-60 sm","Qum","30.82","1.41","8.67","1.28","32.24","14.87","422.56","1.67","406.69","39.15","1.76","8.79","0.44","13.92","0.44","688066622.91","Makkajo'xori"
"12811","40-60 sm","Qumoq","32.41","1.51","6.84","1.73","32.77","19.28","483.45","2.52","422.24","51.85","1.14","7.12","1.75","9.39","1.01","970184273.64","Makkajo'xori"
"12815","40-60 sm","Loy","42.4","1.4","6.68","0.93","41.89","19.43","482.62","3.22","442.44","46.12","1.04","7.35","0.85","10.78","","1671605584.83","Makkajo'xori"
"12819","40-60 sm","Loy","34.33","1.4","8.21","1.01","29.06","19.1","475.84","2.74","421.27","42.36","2.31","9.67","","13.52","0.52","866340583.01","Makkajo'xori"
"12820","40-60 sm","Loy","38.09","1.41","7.49","0.74","45.05","16.73","471.71","2.8","418.15","50.1","2.51","9.59","","8.82","0.67","975159192.08","Makkajo'xori"
"12822","40-60 sm","Gill","33.82","1.57","8.27","2.15","28.02","14.27","429.93","2.11","393.46","61.92","1.96","10.91","1.35","10.71","0.49","786807743.97","Makkajo'xori"
"12823","40-60 sm","Qum","31.95","1.5","7.82","3.66","25.65","14.08","404.24","1.69","370.79","69.62","2.66","10.02","2.18","9.53","0.71","810127443.68","Makkajo'xori"
"12825","40-60 sm","Loy","37.18","1.49","7.05","4.3","50.23","22.24","474.49","2.65","404.04","55.49","2.9","10.23","2.68","10.96","","","Makkajo'xori"
"12827","40-60 sm","Gill","34.12","1.48","6.34","1.94","43.29","23.5","444.11","2.07","396.98","59.05","2.71","9.91","1.57","13.32","1.3","925810720.92","Makkajo'xori"
"12828","40-60 sm","Qum","32.04","1.36","6.85","2.89","40.93","15.93","435.98","2.23","419.85","","2.9","10.23","","13.1","0.99","","Makkajo'xori"
"12830","40-60 sm","Loy","34.61","1.66","6.42","1.33","35","21.27","407.76","2.37","369.69","","2.7","9.61","","12.3","1.19","764243987.34","Makkajo'xori"
"12831","40-60 sm","Qumoq","35.84","1.37","6.6","0.75","39.57","22.8","472.76","2.23","440.37","37.38","1.65","8.36","","11.05","1.08","1134477486.84","Makkajo'xori"
"12834","40-60 sm","Loy","32.04","1.45","8.4","1.68","29.32","15.4","433.4","1.74","417.26","43.91","1.49","7.88","0.91","12.41","0.62","437673671.65","Makkajo'xori"
"12835","40-60 sm","Loy","36.91","1.42","6.05","1.18","32.53","21.37","417.8","2.02","393.81","53.74","2.55","8.64","1.26","9.53","1.14","937614582.76","Makkajo'xori"
"12837","40-60 sm","Gill","31.57","1.58","7.63","2.91","28.67","15.15","452.22","1.67","425.3","46.51","2.31","10","","13.46","0.63","709000332.42","Makkajo'xori"
"12839","40-60 sm","Loy","31.47","1.53","7.51","1.48","26.4","16.27","454.63","2.35","411.46","51.49","2.04","8.6","1.39","11.25","0.6","790979460.64","Makkajo'xori"
"12843","40-60 sm","Qum","39.96","1.57","6.33","1.21","31.51","16.17","461.29","2.96","427.81","45.21","2.65","9.36","1.19","10.45","1.13","1048119403.36","Makkajo'xori"
"12845","40-60 sm","Loy","36.86","1.42","7.16","2.34","56.45","24.06","456.38","2.65","420.36","43.06","1.61","8.83","1.49","13.31","0.87","1145011238.97","Makkajo'xori"
"12846","40-60 sm","Loy","31.7","1.56","6.99","1.46","32.03","19.11","383.82","1.64","351.19","43.48","2.91","9.76","0.98","11.83","1.07","730188232.53","Makkajo'xori"
"12847","40-60 sm","Qumoq","39.98","1.65","8.1","0.7","42.78","17.66","431.39","2.03","379.27","74.64","1.8","9.56","0.32","10.82","0.67","","Makkajo'xori"
"12848","40-60 sm","Gill","30.31","1.64","7.99","4.6","34.95","13.98","405.65","2.08","365.14","48.02","3.01","9.9","2.38","8.61","0.67","801764527.55","Makkajo'xori"
"12849","40-60 sm","Qum","30.13","1.63","7.65","2.25","43.34","19.49","471.37","1.92","449.98","86.89","1.94","8.93","1.76","9.34","0.61","1157099662.24","Makkajo'xori"
"12852","40-60 sm","Qumoq","36.04","1.53","6.42","4.98","32.06","17.18","442.74","2.21","422.65","52.77","1.11","6.95","2.66","12.53","0.92","","Makkajo'xori"
"12854","40-60 sm","Qum","33.06","1.7","6.73","2.18","37.88","15.45","469.29","1.88","420.68","43.42","2.14","9.46","1.26","13.7","0.95","955279590.98","Makkajo'xori"
"12855","40-60 sm","Loy","36.44","1.5","6.41","1.17","33.51","23.07","481.38","2.95","414.79","60.88","1.18","","","12.84","1.13","1490746545.63","Makkajo'xori"
"12856","40-60 sm","Loy","43.05","1.42","6.23","3.14","49.25","21.47","456.03","2.34","402.15","53.42","2.03","8.57","2.39","13.01","1.15","1555550970.44","Makkajo'xori"
"12864","40-60 sm","Qum","38.2","1.39","6.12","1.01","45.77","21.63","466.06","2.95","424.8","47.54","2.49","10.43","1.1","13.17","1.12","1669960315.01","Makkajo'xori"
"12865","40-60 sm","Loy","35.29","1.68","6.09","2.4","32.12","21.8","442.84","2.3","413.61","55.51","2.59","9.56","1.75","12.93","1.01","1027838839.05","Makkajo'xori"
"12870","40-60 sm","Loy","39.53","1.5","6.19","2.27","39.17","21.01","427.62","2.5","411.47","48.6","2.22","9.35","1.65","12.6","1.26","1092270274.42","Makkajo'xori"
"12873","40-60 sm","Gill","42.53","1.43","6.11","0.65","59.78","21","492.94","3.15","462.24","52.76","2.05","8.76","0.97","12.78","1.28","1591216604.49","Makkajo'xori"
"12874","40-60 sm","Qum","36.88","1.57","7.4","2.14","29.24","20.75","482.94","1.85","431.83","72.45","2.37","8.59","1.76","15.87","0.69","938987841.21","Makkajo'xori"
"12877","40-60 sm","Qumoq","30.18","1.66","8.1","5.04","26.35","18.2","450.98","2.38","389.68","69.62","1.52","8.02","2.97","11.34","0.53","676707824.47","Makkajo'xori"
"12878","40-60 sm","Gill","35.62","1.48","6.7","3.05","36.74","19.45","430.52","2.49","391.92","45.19","1.99","8.9","2.08","9.11","0.96","1197654192.58","Makkajo'xori"
"12885","40-60 sm","Qum","42.21","1.39","6.41","0.69","45.07","23.2","499.96","2.75","466.81","55.93","2.19","8.76","0.85","12.51","0.97","2021303997.25","Makkajo'xori"
"12886","40-60 sm","Loy","33.19","1.38","6.76","2.03","47.58","25.73","487.28","2.76","427.57","54.48","1.84","9.68","1.26","12.93","0.96","","Makkajo'xori"
"12892","40-60 sm","Loy","41.55","1.37","6.23","1.3","38.59","28.61","479.35","2.74","437.94","57.21","","9.73","1.6","10.11","1","1673633793.64","Makkajo'xori"
"12893","40-60 sm","Qumoq","33.93","1.41","7.32","2.69","28.62","18.01","453.09","2.26","384.29","42.56","2.32","9.62","1.85","12.5","0.76","1147551275.22","Makkajo'xori"
"12894","40-60 sm","Gill","37.72","1.37","6.05","0.67","41.54","20.95","464.38","3.49","438.44","64.04","2.2","9.87","0.92","9.31","1.17","","Makkajo'xori"
"12903","40-60 sm","Qumoq","37.71","1.55","6.95","2.56","39.95","19.06","509.04","2.8","443.68","53.58","1.68","9.36","","15.55","0.71","1658042009.75","Makkajo'xori"
"12911","40-60 sm","Loy","41.79","1.39","6.06","2.02","45.42","25.87","427.32","3.59","403.97","42.75","1.17","8.07","1.5","13.13","1.13","","Makkajo'xori"
"12916","40-60 sm","Loy","33.78","1.42","7.09","1.12","51.36","18.24","467.31","3.32","415.57","61.96","2.1","7.62","1.53","14.8","0.98","1227783602.14","Makkajo'xori"
"12917","40-60 sm","Loy","30.87","1.59","8.31","3.75","37.37","19.52","446.95","1.76","402.56","51.64","0.98","8.33","2.08","10.13","0.56","780972944.45","Makkajo'xori"
"12920","40-60 sm","Gill","31.56","1.75","6.61","2.94","32.99","20.33","424.49","1.65","386.27","69.99","1.5","8.43","1.95","10.32","1.03","667913820.34","Makkajo'xori"
"12921","40-60 sm","Qum","34.6","1.64","7.53","4.65","43.1","19.54","456.68","2.36","408.99","41.59","1.26","","2.45","12.4","0.84","1073254045.72","Makkajo'xori"
"12922","40-60 sm","Loy","33.18","1.44","6.91","1.33","28.41","20.26","424.42","2.67","395","46.04","1.37","9.35","1.04","","0.88","1102718744.66","Makkajo'xori"
"12932","40-60 sm","Loy","34.03","1.77","6.25","1.02","30.86","25.2","443.61","2.72","412.37","42.66","2.71","9.75","","12.18","1.09","1320503897.23","Makkajo'xori"
"12935","40-60 sm","Gill","41.1","1.36","6.01","0.57","62.27","20.43","535.93","2.9","443.42","54.79","1.62","7.67","1.52","12.85","1.1","1452879935.78","Makkajo'xori"
"12941","40-60 sm","Qum","41.08","1.34","7.12","2.07","48.21","31.18","521.67","3.02","446.5","","1.86","","1.93","14.16","0.98","2226829948.26","Makkajo'xori"
"12943","40-60 sm","Loy","31.29","1.51","6.68","4.12","33.65","16.39","403.88","1.79","362.1","48.35","2.06","9.11","2.74","9.79","0.94","883336554.31","Makkajo'xori"
"12945","40-60 sm","Gill","39.33","1.44","7.15","2.83","38","23.59","451.69","2.3","417.81","77.08","1.8","8.46","1.75","11.5","0.78","1101495904.79","Makkajo'xori"
"12947","40-60 sm","Loy","39.17","1.56","7.99","3.67","42.69","21.8","474.81","2.26","433.51","74.01","1.94","8.93","1.97","11.83","0.67","1394151188.82","Makkajo'xori"
"12950","40-60 sm","Gill","31.24","1.68","6.79","4.95","29.37","15.63","427.05","2.43","405.58","66.55","1.7","8.76","2.67","9.48","0.9","978929787.28","Makkajo'xori"
"12952","40-60 sm","Loy","33.45","1.65","7.06","3.1","36.59","21.11","464.29","2.05","412.07","46.16","","6.94","1.86","13.76","0.89","1132030968.61","Makkajo'xori"
"12955","40-60 sm","Qumoq","43.68","1.3","6.95","1.18","43.32","26.29","499.17","3.65","437.48","38.42","1.51","8.85","1.19","12.72","0.76","1971471419.66","Makkajo'xori"
"12956","40-60 sm","Gill","40.82","1.4","6.12","0.63","39.1","18.67","486.64","3.27","","44.02","1.89","10.12","","13.66","1.15","1540782028.04","Makkajo'xori"
"12957","40-60 sm","Qum","30.41","1.46","6.34","2.39","32","15.47","464.02","2.69","425.54","55.42","","6.69","1.65","14.76","1.15","","Makkajo'xori"
"12958","40-60 sm","Loy","40.88","1.39","6.43","1.39","56.1","30.25","502.83","3.71","","41.76","2.11","","1.18","","1.08","1410840036.69","Makkajo'xori"
"12959","40-60 sm","Loy","34.52","1.37","6.33","1.4","41.01","16.9","463.7","2.32","447.84","","1.86","","1.59","11.95","1.2","","Makkajo'xori"
"12963","40-60 sm","Loy","34.01","1.49","8.61","4.24","42.37","22.09","486.69","1.81","436.57","80.63","1.7","7.79","2.22","12.16","0.29","","Makkajo'xori"
"12968","40-60 sm","Loy","33.07","1.7","7.56","4.99","33.95","12.29","405.66","1.74","342.39","48.13","2.13","9.8","2.51","9.12","0.62","830943305.46","Makkajo'xori"
"12970","40-60 sm","Qumoq","39.65","1.32","7.92","1.28","47.96","26.04","442.69","2.25","419.14","60.05","2.15","8.43","1.07","10.91","0.68","1330375617.91","Makkajo'xori"
"12971","40-60 sm","Gill","33.6","1.59","7.29","4.2","30.49","21.4","447.95","2.1","414.72","61.23","2.01","9.23","2.14","10.17","0.75","895731957.45","Makkajo'xori"
"12972","40-60 sm","Qum","31.4","1.54","8.33","3.37","21.86","15.12","394.83","1.42","385.61","67.06","1.88","8.72","1.97","12.7","0.77","","Makkajo'xori"
"12976","40-60 sm","Gill","40.59","1.46","7.15","2.69","40.38","19.86","475.9","3.12","439.79","","1.68","8.33","1.64","8.11","0.77","1610129355.43","Makkajo'xori"
"12980","40-60 sm","Qumoq","43.22","1.38","6.18","0.77","56.1","23.63","512.02","3.74","473.35","56.96","1.84","7.98","1.18","11.09","1.22","1751116474.38","Makkajo'xori"
"12981","40-60 sm","Gill","32.68","1.43","8.06","2.97","33.95","21.63","472.83","1.98","419.7","53.98","2.07","9.11","1.83","13.74","","930954489.16","Makkajo'xori"
"12983","40-60 sm","Loy","38.12","1.35","7.34","2.07","57","24.81","507.37","2.59","449.16","48.82","1.44","7.28","1.51","10.75","0.69","1401571411.7","Makkajo'xori"
"12984","40-60 sm","Loy","38.95","1.37","6.99","1.79","41.48","27.09","490.94","2.69","446.12","64.06","1.74","9.7","1.56","12.83","0.84","1352445981.34","Makkajo'xori"
"12987","40-60 sm","Qum","41.87","1.37","7.63","2.45","37.32","23.89","523.09","2.68","475.43","49.74","2.1","9.31","1.48","10.23","0.68","1977301757.66","Makkajo'xori"
"12991","40-60 sm","Qumoq","31.22","1.4","6.76","1.83","38.35","15.18","457.59","2.71","380.51","47.94","1.06","7.55","1.19","13.55","0.98","957787452.88","Makkajo'xori"
"12993","40-60 sm","Qum","41.46","1.37","7.4","1.67","44.49","22.2","478.23","2.33","430.48","48.39","1.24","8.16","","12.98","0.7","1326908635","Makkajo'xori"
"12994","40-60 sm","Loy","32.33","1.5","8.29","2.5","24.85","14.03","414.39","1.5","390.3","54.64","2.29","9.5","1.66","11.12","0.49","684194452.78","Makkajo'xori"
"12999","40-60 sm","Loy","36.22","1.69","7.26","2.99","49.37","23.59","460.6","2.87","436.91","42.61","","","1.93","11.02","0.79","1185971665.01","Makkajo'xori"
"13003","40-60 sm","Qum","34.02","1.4","7.36","0.7","40.39","20.85","449.01","2.33","362.72","75.89","2.57","9.37","0.79","13.92","0.89","1207543908.86","Makkajo'xori"
"13007","40-60 sm","Gill","37.56","1.49","8.55","4.68","38.67","16.86","519.87","3.13","445.23","61.12","2.47","10.17","2.01","11.2","0.46","","Makkajo'xori"
"13011","40-60 sm","Qumoq","39.04","1.38","6.47","2.33","35.98","26.89","521.6","3.37","472.46","49.62","2.42","9.77","","9.59","0.91","","Makkajo'xori"
"13012","40-60 sm","Gill","33.5","1.52","7.65","2.09","38.81","18.23","421.82","2.24","364.36","70.28","2.52","9.57","1.44","15.45","0.69","978718588.21","Makkajo'xori"
"13016","40-60 sm","Qumoq","32.53","1.64","8.02","4.45","31.05","23.77","476.62","2.13","443.52","58.23","1.53","9.75","2.28","9.53","0.57","896440349.43","Makkajo'xori"
"13018","40-60 sm","Qum","36.37","1.39","6.76","2.97","35.08","21.61","440.71","2.39","383.96","52.51","1.21","6.38","1.6","10.97","1.07","1096918916.75","Makkajo'xori"
"13019","40-60 sm","Loy","44.31","1.34","7.09","1.4","48.33","22.31","514.17","3.57","476.06","50.61","1.93","8.86","1.28","10.95","","1686393310.82","Makkajo'xori"
"13020","40-60 sm","Loy","33.08","1.53","6.44","2.4","26.3","15.22","393.98","2.39","372.43","63.25","1.95","9.33","1.95","12.94","1.19","614602784.96","Makkajo'xori"
"13024","40-60 sm","Loy","35.45","1.6","6.87","1.5","37.16","25.33","504.23","3.03","443.86","51.19","1.69","8.35","1.13","12.97","1.12","1115705320.86","Makkajo'xori"
"13026","40-60 sm","Loy","39.73","1.43","8.07","1.08","51.18","21.4","541.55","2.59","480.48","75.53","1.9","9.44","","10.85","0.57","1660892127.61","Makkajo'xori"
"13030","40-60 sm","Loy","38.31","1.46","7.63","4.97","30.02","24.07","459.18","2.13","415.56","45.55","0.38","6.93","2.64","10.37","0.64","945416520.66","Makkajo'xori"
"13031","40-60 sm","Loy","32.64","1.59","6.82","1.2","47.23","19.99","450.11","2.35","389.21","45.74","0.98","7.9","1.59","9.14","1.02","","Makkajo'xori"
"13033","40-60 sm","Gill","34.99","1.42","8.23","2.18","37.56","16.65","473.45","2.32","424.25","55.07","2.18","7.88","1.23","10.65","0.44","1019731758.32","Makkajo'xori"
"13036","40-60 sm","Loy","36.26","1.72","6.67","2.5","30.65","24.09","500.8","2.27","426.38","72.8","1.89","9.22","1.76","9.17","1","1252910835.84","Makkajo'xori"
"13041","40-60 sm","Loy","33.47","1.67","6.18","4.58","41.65","23.26","433.04","2.67","386.31","61.16","2.13","","3.25","12.04","1.05","","Makkajo'xori"
"13042","40-60 sm","Qumoq","32.52","1.48","8.15","3.59","30.2","12.71","434.19","2.22","403.33","53.02","2.14","9.19","2.04","14.19","0.65","709055884.73","Makkajo'xori"
"13046","40-60 sm","Loy","38.33","1.44","7.24","1.65","51.59","21.38","495.77","2.29","456.62","","2.27","9.21","","10.81","0.9","1275854341.79","Makkajo'xori"
"13047","40-60 sm","Qumoq","35.89","1.51","6.39","0.59","49.29","25.3","492.25","2.62","","","1.59","7.54","1.23","12.54","0.93","1347220050.61","Makkajo'xori"
"13048","40-60 sm","Gill","41.51","1.57","7.29","1.7","50.45","19.41","538.54","3.19","492.13","49.27","1.6","7.46","1.13","12.68","0.75","","Makkajo'xori"
"13051","40-60 sm","Loy","33.61","1.54","6.21","1.65","51.03","18.55","451.61","2.05","381.45","66.1","1.82","8.4","1.63","9.45","1.08","1067860956.7","Makkajo'xori"
"13052","40-60 sm","Qumoq","37.97","1.52","6.37","2.69","47.09","25.76","429.8","3.05","410.2","48.54","1.42","8.66","1.65","13.38","1.13","1698987710.7","Makkajo'xori"
"13056","40-60 sm","Loy","38","1.48","6.11","1.89","44.92","17.83","469.31","3.31","423.68","71.38","2.69","","1.53","","1.09","1580992662.22","Makkajo'xori"
"13058","40-60 sm","Gill","38.75","1.35","6.19","4.69","39.34","24.22","440.03","2.34","398.56","50.23","2.06","9.84","2.82","13.63","1.12","1060746656.28","Makkajo'xori"
"13061","40-60 sm","Loy","35.62","1.55","6.69","1.43","34","16.43","470.11","2.91","453.72","69.46","0.92","7.01","1.23","13.37","0.89","912363921.44","Makkajo'xori"
"13069","40-60 sm","Gill","32.87","1.54","8.43","3.74","29.03","14.56","459.29","1.63","417.77","57.64","2.15","8.85","2.07","12.12","0.4","706073739.43","Makkajo'xori"
"13070","40-60 sm","Qum","34.4","1.49","6.98","2.8","43.06","16.99","464.38","2.59","424.46","47.8","2.17","8.02","","9.22","0.91","1213042977.02","Makkajo'xori"
"13072","40-60 sm","Loy","42.1","1.35","6.95","0.93","55.08","26.79","486.27","3.11","450.71","49.77","1.13","7.75","","11.85","1.01","1969698049.8","Makkajo'xori"
"13075","40-60 sm","Qum","37.22","1.37","7.87","1.42","42.91","19.49","465.15","2.84","425.06","46.04","1.74","8.73","1.5","11.97","0.67","","Makkajo'xori"
"13077","40-60 sm","Loy","41","1.5","6.02","1.1","43.73","24.61","467.62","2.79","413.89","71.08","1.86","8.91","1.08","10.75","1.28","1282445603.48","Makkajo'xori"
"13083","40-60 sm","Qumoq","32.4","1.45","8.88","4.66","38.48","21.33","468.53","2.42","421.7","58.54","1.35","","2.33","12.91","0.37","898157736.46","Makkajo'xori"
"13084","40-60 sm","Gill","30.69","1.59","8.01","3.39","24.36","19.48","406.93","2.71","410.02","55.82","1.23","8.43","2.11","7.43","0.62","1113135191.95","Makkajo'xori"
"13088","40-60 sm","Qumoq","32.08","1.46","7.88","1.43","32.85","18.72","469.47","1.91","413.34","43.58","1.59","8.55","1.14","10.75","0.7","889639788.72","Makkajo'xori"
"13089","40-60 sm","Gill","42.09","1.41","6.56","1.14","58.93","28.43","488.05","2.7","437.33","52.28","2.73","9.99","1.14","11.66","1.01","1996437173.07","Makkajo'xori"
"13090","40-60 sm","Qum","43.39","1.35","7.35","1.92","39.54","20.85","478.5","2.79","419.91","53.97","","9.43","1.58","12.8","0.87","","Makkajo'xori"
"13091","40-60 sm","Loy","45.02","1.38","7.15","1.6","54","22.72","457.13","3","415.47","88.62","2.37","8.65","1.58","10.95","","1855299682.44","Makkajo'xori"
"13092","40-60 sm","Loy","40.93","1.45","6.43","4.8","39.77","21.97","457.28","2.99","415.57","61.76","3.08","9.83","2.82","","0.99","1557918350.65","Makkajo'xori"
"13095","40-60 sm","Qum","33.93","1.43","7.67","4.26","38.77","16.84","473.36","2.21","410.75","47.09","1.9","8.75","2.38","11.98","0.66","918901328.72","Makkajo'xori"
"13096","40-60 sm","Loy","35.56","1.59","7.61","1.56","31.95","26.23","473.2","2.29","398.86","49.6","1.31","8.13","1.36","10.02","0.65","1219509576.93","Makkajo'xori"
"13097","40-60 sm","Loy","35.37","1.61","7.38","1.26","32.73","20.62","465.52","2.08","421.42","60.1","1.95","9.61","1.25","13.14","0.69","1245672064.03","Makkajo'xori"
"13099","40-60 sm","Qumoq","37.54","1.38","8.08","2.39","40.71","20.28","484.78","3.47","430.76","49.52","3.12","9.83","1.31","12.1","0.3","1716366964.13","Makkajo'xori"
"13100","40-60 sm","Gill","40.31","1.51","6.41","0.54","42.55","25.42","497.21","2.4","452.66","44.81","1.9","8.29","1.34","10.4","1","1904117147.94","Makkajo'xori"
"13103","40-60 sm","Loy","38.95","1.37","6.06","1.4","45.82","16.26","491.54","2.86","441.43","43.99","2.08","9.84","1.28","12.03","1","1249466646.04","Makkajo'xori"
"13107","40-60 sm","Loy","31.23","1.6","8.63","1.93","27.67","14.62","411.54","1.99","381.76","42.7","1.65","8.12","1.12","14.52","0.47","882567345.87","Makkajo'xori"
"13108","40-60 sm","Loy","38.79","1.36","7.27","1.01","49.89","18.99","459.8","3.06","414.95","68.59","1.88","9.89","0.9","8.17","0.86","1516801938.02","Makkajo'xori"
"13109","40-60 sm","Qumoq","34.25","1.54","7.39","3.81","37.05","17.66","429.49","2.26","425.98","58.61","2.16","","","12.06","0.77","","Makkajo'xori"
"13117","40-60 sm","Loy","31.52","1.45","7.73","2.78","36.71","16.98","417.37","2.22","402.07","48.15","2.43","10.12","1.8","12.19","0.49","753671314.04","Makkajo'xori"
"13120","40-60 sm","Gill","38.97","1.49","7.86","1.54","35.75","22.57","470.04","2.13","431.07","63.05","1.18","8.27","1.13","9.62","0.67","","Makkajo'xori"
"13124","40-60 sm","Qumoq","40.08","1.48","7.38","2.54","44.22","27.26","500.73","3.58","","88.45","1.45","8.44","1.41","11.73","0.85","1800660296.33","Makkajo'xori"
"13125","40-60 sm","Gill","34.87","1.34","8.24","4.73","44.79","19.66","429.5","2.77","405.39","59.73","1.61","9.07","","11.1","0.64","1098667276.25","Makkajo'xori"
"13126","40-60 sm","Qum","33.46","1.65","7.38","3.93","36.24","22.73","484.68","1.93","438.86","49.66","2.74","9.91","","12.63","0.77","1042618319.73","Makkajo'xori"
"13127","40-60 sm","Loy","31.16","1.46","7.87","2.2","38.97","19.93","477.71","1.74","438.75","44.57","1.43","7.41","1.34","11.23","0.71","770570161.53","Makkajo'xori"
"13130","40-60 sm","Gill","39.73","1.44","6.51","1.72","43.4","23.87","470.42","2.33","418.58","36.84","1.93","8.98","","10.99","0.97","1829954721.52","Makkajo'xori"
"13131","40-60 sm","Qum","38","1.42","6.43","0.69","44.34","19.43","500.42","2.34","434.43","32.7","2.36","9.94","1.09","10.66","1.05","","Makkajo'xori"
"13132","40-60 sm","Loy","31.22","1.57","6.37","1.71","40.07","19.59","438.73","2.02","406.59","","1.47","","1.38","11.29","1.18","1056987240.74","Makkajo'xori"
"13133","40-60 sm","Loy","38.47","1.52","6.33","0.7","43.31","26.63","481.58","2.85","447.01","43.92","2.26","10.46","0.89","12.62","1.09","1289370799.92","Makkajo'xori"
"13135","40-60 sm","Qumoq","38.01","1.46","7.15","1.18","47.32","16.84","434.62","2.87","400.03","65.36","","9.7","0.82","13.97","0.75","1504283684.92","Makkajo'xori"
"13137","40-60 sm","Qum","32.95","1.55","7.94","4.42","32.55","23.58","469.26","2.71","436.75","43.65","1.96","8.07","","10.66","0.74","918758211.53","Makkajo'xori"
"13139","40-60 sm","Loy","31.01","1.57","6.6","0.99","36.05","16.75","421.07","2.04","408.29","45.86","1.73","7.37","","10.51","1.14","","Makkajo'xori"
"13141","40-60 sm","Gill","40.44","1.3","6.17","0.67","61.46","24.4","473.26","3.71","432.92","57.82","2.2","10.12","","11.22","0.94","1478389559.07","Makkajo'xori"
"13144","40-60 sm","Loy","32.22","1.65","7.41","2.88","46.83","23.69","475.01","2.4","453.47","48.32","1.4","8.38","","13.98","0.71","1085940241.29","Makkajo'xori"
"13149","40-60 sm","Loy","38.37","1.36","6.55","1.08","55.44","25.56","509.46","3.53","480.1","39.72","2.37","9.78","1.08","11.11","1.19","","Makkajo'xori"
"13150","40-60 sm","Qumoq","32.34","1.51","7.15","1.29","33.2","23.83","450.48","1.84","428.32","48.46","1.64","8.88","1.15","12.66","0.92","791408984.39","Makkajo'xori"
"13151","40-60 sm","Gill","42.87","1.43","6.44","0.59","48.92","29.31","508.08","2.36","465.89","42.83","2.63","9.52","0.98","10.98","0.86","1784096229.94","Makkajo'xori"
"13153","40-60 sm","Loy","37.13","1.42","6.19","1","52.74","22.42","491.5","2.76","456.92","65.95","1.86","9.65","1.29","13.68","1.18","1342150093.72","Makkajo'xori"
"13154","40-60 sm","Loy","36.14","1.48","6.02","3.69","41.46","25.77","484.26","2.9","454.56","51.91","1.93","","2.8","13.78","1.24","1370822194.25","Makkajo'xori"
"13155","40-60 sm","Qumoq","30.44","1.4","7.99","2.07","34.41","20.12","486.97","2.88","431.82","58.1","2.15","10.22","1.33","","0.67","943942985.09","Makkajo'xori"
"13156","40-60 sm","Gill","30.77","1.6","7.99","2.71","36.75","18.03","465.12","2.11","428.22","66.21","1.45","8.85","1.62","10.67","0.56","1158100180.56","Makkajo'xori"
"13158","40-60 sm","Loy","35.82","1.43","7.76","2.95","34.87","24.9","512.49","2.58","471.22","62.05","0.85","6.47","1.88","9.76","0.72","1299535980.3","Makkajo'xori"
"13160","40-60 sm","Qumoq","30.12","1.78","6.13","2.85","41.64","16.07","471.85","2.09","419.87","45.05","1.95","8.54","2.29","10.25","1.09","1046866622.13","Makkajo'xori"
"13165","40-60 sm","Qumoq","30.56","1.37","7.92","2.17","25.96","15.6","414.57","2.17","382.22","40.29","1.61","","1.45","12.28","0.59","807601640.14","Makkajo'xori"
"13166","40-60 sm","Gill","39.82","1.36","7.33","0.77","43.03","23.46","533.82","3.6","495.5","53.1","0.96","8.45","0.52","9.06","0.92","","Makkajo'xori"
"13170","40-60 sm","Loy","34.35","1.51","6.12","2.14","39","21.79","406.19","2.54","392.51","72.64","1.36","8.06","1.75","11.28","1.16","791106727.64","Makkajo'xori"
"13171","40-60 sm","Qumoq","31.64","1.52","8.06","4.34","28.4","14.55","423.27","2.12","387.78","48.05","2.36","9.54","2.27","14.91","0.65","792212957.17","Makkajo'xori"
"13172","40-60 sm","Gill","40.81","1.38","6.6","0.87","47.57","26.63","498.45","3.21","447.2","51.96","","9.63","1.23","11.43","1.04","2064753597.32","Makkajo'xori"
"13175","40-60 sm","Loy","33.43","1.5","6.2","2.52","37.44","15.2","432.13","2.12","383.99","66.8","1.76","9.15","","12.89","1.04","","Makkajo'xori"
"13176","40-60 sm","Qumoq","33.66","1.43","7.66","3.63","29.42","22.34","468.75","2.41","419.99","51.81","2.68","9.79","2.2","12.24","0.73","1406783004.2","Makkajo'xori"
"13179","40-60 sm","Loy","38.34","1.41","8.28","1.52","32.66","18.05","507.79","2.99","455.49","42.45","1.54","8.77","1.7","10.24","0.57","1457061073.49","Makkajo'xori"
"13180","40-60 sm","Loy","45.91","1.34","6.52","0.61","58.48","22.99","480.32","3.6","","48.97","","7.49","0.8","9.82","0.96","1692065925.57","Makkajo'xori"
"13183","40-60 sm","Qum","37.49","1.39","7.86","1.92","39.38","18.08","456.21","2.93","402.26","47.27","2.41","9.27","1.1","14.29","0.61","1197811991.27","Makkajo'xori"
"13186","40-60 sm","Qumoq","41.72","1.36","6.07","0.72","53.01","20.98","488.7","3.17","436.51","37.85","1.61","8.57","1","12.3","1.22","1494695500.63","Makkajo'xori"
"13188","40-60 sm","Qum","36.54","1.38","7.03","1.06","33.26","22.55","456.74","2.55","419.56","59.03","2.72","9.95","0.95","15.35","0.92","1147773884.92","Makkajo'xori"
"13189","40-60 sm","Loy","34.74","1.64","6.37","3.42","47.99","20.43","446.68","2.21","413.89","48.22","","8.97","2.31","10.62","1.04","1366597407.6","Makkajo'xori"
"13190","40-60 sm","Loy","33.15","1.81","6.67","2.32","26.5","21.62","397.9","2.28","376.15","56.63","1.47","7.5","1.68","13.28","1.11","650635259.72","Makkajo'xori"
"13208","40-60 sm","Gill","33.34","1.41","7.41","3.35","35.86","18.01","462.64","2.1","398.01","52.54","2.12","10.45","2.06","","0.79","704425537.3","Makkajo'xori"
"13209","40-60 sm","Qum","33.41","1.52","6.39","2.68","33.55","18.3","446.02","2.17","401.87","59.96","1.92","9.42","1.63","11.59","1.16","1065401766.29","Makkajo'xori"
"13213","40-60 sm","Gill","42.8","1.41","7.84","2.44","47.69","23.21","521.87","2.4","459.56","60.98","2.22","9.92","","12.82","0.55","1657019205.37","Makkajo'xori"
"13214","40-60 sm","Qum","32.68","1.64","8.61","3.09","33.52","19.57","457.13","2.58","404.31","72.12","2.48","10.04","1.65","9.95","0.46","1006638247.13","Makkajo'xori"
"13215","40-60 sm","Loy","31.16","1.62","6.96","4.9","27.56","14.27","436.96","2.55","399.51","","2.2","8.95","","8.18","0.99","774746372.13","Makkajo'xori"
"13217","40-60 sm","Qumoq","37.49","1.61","7.46","2.02","45.69","20.98","494.06","2.69","443.21","46.01","2.26","10.12","","11.5","0.81","1451859314.05","Makkajo'xori"
"13218","40-60 sm","Gill","33.76","1.47","8.32","2.02","38.34","16.98","481.34","1.86","435.16","48.37","1.21","7.48","1.15","12.36","0.59","852258227.54","Makkajo'xori"
"13227","40-60 sm","Qumoq","32.34","1.39","7.89","2.74","40.93","14.51","416.58","2.2","376.28","55.06","2.41","10.24","1.6","9.74","0.7","939381922.88","Makkajo'xori"
"13230","40-60 sm","Loy","41.78","1.38","6.34","0.79","43.22","24.26","505.79","3.2","449.21","53.02","2.37","10.12","1.05","10.19","1.05","2008891239.4","Makkajo'xori"
"13231","40-60 sm","Loy","31.47","1.53","6.47","2.98","36.17","19.57","454.62","2.11","427.08","47.03","1.53","","1.88","15.2","1.03","598119029.99","Makkajo'xori"
"13232","40-60 sm","Qumoq","39.37","1.38","6.84","1.66","53.15","23.19","490.81","2.85","427.32","47.89","1.2","7.22","","12.98","","","Makkajo'xori"
"13233","40-60 sm","Gill","35.61","1.6","6.44","0.95","40.17","26.28","478.96","2.54","430.83","51.76","2","7.96","0.88","14.45","1.1","1417842813.84","Makkajo'xori"
"13235","40-60 sm","Loy","33.04","1.69","7.3","2.63","34.49","15.99","476.48","2.67","465.49","60.12","2.42","9.64","1.89","13.99","1.02","1009438758.34","Makkajo'xori"
"13236","40-60 sm","Loy","39.2","1.37","7.7","3.06","49.7","22.07","490.42","2.75","445.36","47.15","1.47","7.41","1.84","12.54","0.86","1013520945.7","Makkajo'xori"
"13237","40-60 sm","Qumoq","40.68","1.38","6.75","1.08","39.71","28.7","483.25","3.23","435.12","54.01","1.8","9.93","","10.93","1.03","2187469487.04","Makkajo'xori"
"13239","40-60 sm","Qum","41.21","1.53","7.59","1.46","40.28","23.46","495.04","3.34","444.93","48.27","1.71","8.25","1.15","11.62","0.83","1678875596.37","Makkajo'xori"
"13242","40-60 sm","Loy","40.58","1.4","6.19","1.28","55.65","27.27","490.55","2.91","431.23","63.8","2","9.41","1.23","10.39","1.22","1388566421.28","Makkajo'xori"
"13243","40-60 sm","Qumoq","37.34","1.41","7.12","2.51","39.11","17","513.49","2.34","453.4","64.95","2.74","","1.72","13.38","1.01","","Makkajo'xori"
"13246","40-60 sm","Loy","32.85","1.42","8.24","3.46","33.39","16.37","426.06","2.69","414.6","51.76","2.19","9.36","2.2","11.6","0.58","782399722.73","Makkajo'xori"
"13248","40-60 sm","Qumoq","41.95","1.48","6.61","0.98","41.34","27.96","493.06","2.73","462.2","64.45","1.73","9.92","","8.96","1.01","2131712497.59","Makkajo'xori"
"13255","40-60 sm","Qum","33.59","1.67","7.3","2.7","51.41","17.02","466.41","2.58","445.61","45.34","3","","1.7","14.09","","1466877515.44","Makkajo'xori"
"13257","40-60 sm","Loy","41.98","1.41","7.29","0.59","54.89","29.46","494.25","2.85","445.12","56.19","2.02","8.95","0.76","9.51","0.77","1576944273.97","Makkajo'xori"
"13265","40-60 sm","Qum","45.18","1.34","6.48","0.74","50.19","21.59","507.05","3.7","454.2","46.03","2.17","9.7","","12.18","1.03","1466532827.7","Makkajo'xori"
"13269","40-60 sm","Gill","41.05","1.38","6.37","1.15","39.33","21.72","503.51","3.16","","50.05","2.08","","1.02","12.33","1.02","1292550114.6","Makkajo'xori"
"13271","40-60 sm","Loy","34.81","1.36","6.26","2.03","28.9","23.23","417.62","2.5","374.18","58.54","1.74","9.73","1.73","14.2","1.03","894049500.39","Makkajo'xori"
"13275","40-60 sm","Qum","30.13","1.69","7.8","2.82","28.05","14.4","412.49","2.17","357.02","32.42","2.43","8.85","1.96","13.74","0.72","758477069.19","Makkajo'xori"
"13276","40-60 sm","Loy","40.16","1.55","6.08","0.59","53.06","24.76","472.18","2.83","428.25","57.35","2.01","9.24","","10.84","","1379683863.08","Makkajo'xori"
"13278","40-60 sm","Loy","42.24","1.41","6.43","2.12","44.53","18.33","505.29","2.31","452.5","64.59","1.81","","1.49","13.59","0.98","1991235069.49","Makkajo'xori"
"13280","40-60 sm","Gill","30.85","1.4","7.34","3.64","29.02","15.98","437.73","2.2","392.15","36.63","1.79","9.63","2.01","12.99","0.78","826530987.03","Makkajo'xori"
"13286","40-60 sm","Qum","31.91","1.51","8.66","1.19","30.01","17.07","433.66","1.67","409.87","39.4","1.7","10.17","","12.59","0.46","811651609.92","Makkajo'xori"
"13288","40-60 sm","Loy","36.92","1.59","7.57","0.91","42.34","25.88","513.89","3.12","470.19","62.67","2.81","9.47","0.9","9.27","0.59","1583289814.33","Makkajo'xori"
"13290","40-60 sm","Gill","31.4","1.58","6.14","3.42","34.9","16.39","440.49","2.79","419.19","45.19","1.45","8.19","1.9","11.94","1.25","1153738260.71","Makkajo'xori"
"13291","40-60 sm","Qum","30.87","1.63","7.67","1.55","25.52","13.98","432.42","2.1","388.39","64.3","2.65","9.51","1.01","13.86","0.87","762508761.14","Makkajo'xori"
"13296","40-60 sm","Qum","36.91","1.51","6.94","3.97","37.38","18.57","465.97","2.96","406.24","57.18","2.04","9.57","2.47","9.65","0.83","1080149744.36","Makkajo'xori"
"13298","40-60 sm","Loy","34.92","1.54","7.39","3.11","40.28","14.86","453.26","2.59","448.16","47.9","1.89","","1.73","12.07","0.78","981618442.11","Makkajo'xori"
"13301","40-60 sm","Qum","34.97","1.38","6.78","1.04","44.85","21.71","440.97","2.11","391.94","55.14","2.01","8.62","1.12","11.91","0.92","","Makkajo'xori"
"13303","40-60 sm","Loy","32.93","1.62","6.63","2.41","44.96","16.93","424.7","2.74","","46.89","2.13","9.8","1.8","","1.06","865418977.99","Makkajo'xori"
"13304","40-60 sm","Qumoq","39.19","1.45","6.55","1.37","42.63","26.85","451.09","2.84","409.2","43.28","2.17","9.31","","14.73","0.81","1253051996.87","Makkajo'xori"
"13307","40-60 sm","Loy","33.14","1.64","6.09","0.9","49.17","26.01","462.24","1.97","444.69","62.33","1.62","8.68","1.19","11.91","1.08","1036998261.76","Makkajo'xori"
"13311","40-60 sm","Qum","38.63","1.56","6","2.45","36.81","18.71","474.6","2.6","446.9","65.02","1.53","9.6","1.98","14.14","1.13","1822896830.49","Makkajo'xori"
"13314","40-60 sm","Loy","32.49","1.58","7.19","3.14","33.92","18.9","452.26","2.43","392.02","39.09","1.64","","2.19","12.11","0.92","962940494.28","Makkajo'xori"
"13318","40-60 sm","Loy","38.18","1.52","6.51","0.62","37.84","16.97","485.47","2.94","393.53","57.32","2.11","8.75","0.97","13.22","0.88","1602899087.55","Makkajo'xori"
"13321","40-60 sm","Gill","40.8","1.42","6.49","2.04","41.99","27.44","462.56","3.2","423.37","52.49","2.35","10.12","1.68","12.62","1.02","1793244410.06","Makkajo'xori"
"13322","40-60 sm","Qum","34.23","1.7","6.62","2.11","29.27","18.92","417.65","2.61","","47.71","2.46","10.19","1.73","12.04","1.24","768704876.34","Makkajo'xori"
"13324","40-60 sm","Loy","39.69","1.35","6.49","0.88","52.25","26.84","464.9","3.6","425.71","62.64","2.23","","1.04","12.19","","","Makkajo'xori"
"13326","40-60 sm","Gill","38.91","1.44","6.52","1.69","41.37","26.37","522.16","3.49","461.2","62.3","","9.53","","12.78","1.05","1816950860.55","Makkajo'xori"
"13327","40-60 sm","Qum","33.81","1.44","7.67","2.44","30.35","15.17","447","2.09","408.03","41.39","1.47","","1.36","13.99","0.67","865572684.03","Makkajo'xori"
"13330","40-60 sm","Qumoq","36.8","1.52","6.07","0.84","42.83","15.82","468.69","2.99","452.02","44.24","1.93","9.15","1.2","10.87","1.19","","Makkajo'xori"
"13331","40-60 sm","Gill","45.39","1.35","6.57","0.73","41.09","22.57","497.87","2.4","458.26","46.4","2.39","10.15","1.13","13.21","1.18","1502855039.49","Makkajo'xori"
"13332","40-60 sm","Qum","37.11","1.64","6.04","1.94","38.06","22.49","457.24","2.81","406.76","58.92","1.84","9.38","1.85","14.83","1.27","1361937341.53","Makkajo'xori"
"13334","40-60 sm","Loy","36.24","1.41","7.94","2.81","30.6","19.58","468.44","2.17","396.17","47.35","1.51","6.67","1.62","13.52","0.71","921111682.96","Makkajo'xori"
"13337","40-60 sm","Qum","39.01","1.38","6.12","1.72","51.29","28.53","458.17","3.16","425.3","36.94","1.86","9.54","1.48","11.53","1.14","1467443322.37","Makkajo'xori"
"13338","40-60 sm","Loy","32.86","1.37","6.37","0.92","44.34","15.93","460.98","2.74","","47.28","2.23","8.03","1.04","14.74","1.1","1034127934.48","Makkajo'xori"
"13339","40-60 sm","Loy","41.82","1.37","8.12","0.9","50.81","20.42","499.71","2.33","454.45","38.35","2.07","8.11","0.96","13.81","0.74","","Makkajo'xori"
"13340","40-60 sm","Qumoq","34.58","1.4","7.61","0.69","27.76","16.68","455.9","1.94","409.42","48.14","1.5","9.22","0.77","11.53","0.61","1065569006.1","Makkajo'xori"
"13341","40-60 sm","Gill","39.18","1.38","6.55","0.94","47.48","17.44","468.48","3.26","425.17","67.77","1.97","9.47","1.17","11.34","0.91","1102714923.52","Makkajo'xori"
"13342","40-60 sm","Qum","38.19","1.49","6.83","1.24","44.41","17.29","472.26","2.76","428.96","46.56","2.01","8.18","1.49","11.62","0.92","","Makkajo'xori"
"13344","40-60 sm","Loy","32.2","1.62","7.59","2.12","30.74","14.45","415.82","2.26","370.63","38.82","2.26","10.34","1.51","12.44","0.82","916368769.31","Makkajo'xori"
"13345","40-60 sm","Qumoq","33.4","1.39","6.76","1.25","32.91","16.4","425.69","2.45","375.19","51.5","1.21","7.65","0.98","12.28","0.97","934701657.1","Makkajo'xori"
"13346","40-60 sm","Gill","30.44","1.39","7.65","3.18","28.5","12.12","410","1.42","364.44","60.21","","8.83","1.69","13.23","0.69","470656339.49","Makkajo'xori"
"13348","40-60 sm","Loy","37.79","1.5","7.63","2.73","39.58","20.2","473.31","2.12","422.79","54.23","1.96","8.11","1.5","10.72","0.56","1539396978.23","Makkajo'xori"
"13349","40-60 sm","Loy","36.18","1.44","6.34","2.59","36.71","21.82","433.49","2.36","421.82","56.59","0.91","7.04","2.42","11.78","0.95","1094214964.17","Makkajo'xori"
"13350","40-60 sm","Loy","40.26","1.37","6.38","0.55","62.66","27.94","483.25","3.31","431","58.51","3.08","9.82","1.26","11.32","1.21","","Makkajo'xori"
"13359","40-60 sm","Loy","36.15","1.53","6.31","2.64","32.61","19.01","455.71","2.45","417.6","54.18","1.52","8.06","1.73","13.16","1.06","1167083376.38","Makkajo'xori"
"13362","40-60 sm","Gill","38.35","1.39","6.64","1.81","54.67","18.64","536.36","2.56","476.52","51.92","2.54","9.41","1.78","12.26","1.02","1741223179.48","Makkajo'xori"
"13365","40-60 sm","Loy","36.5","1.47","7.15","2.32","38.02","24.44","468.78","2.92","436.29","41.76","2.23","9.26","1.44","12.92","1","1012808027.35","Makkajo'xori"
"13367","40-60 sm","Gill","38.33","1.35","7.41","1.24","57.19","21.16","480.61","2.97","432.96","","2.58","9.04","1.44","","0.87","1837206450.03","Makkajo'xori"
"13368","40-60 sm","Qum","40.73","1.35","6.19","0.58","41.78","27.18","502.88","3.76","460.88","46.42","1.33","7.92","0.87","9.64","1.04","2103713531.16","Makkajo'xori"
"13372","40-60 sm","Gill","40.34","1.41","6.1","0.63","58.49","19.08","492.38","2.82","","55.28","2.14","","1.16","13.93","1.1","1895609514.31","Makkajo'xori"
"13373","40-60 sm","Qum","32.12","1.41","7.8","3.61","34.18","12.14","408.56","1.66","387.02","45.99","2.41","9.48","1.96","14.03","0.75","435469240.7","Makkajo'xori"
"13375","40-60 sm","Loy","37.03","1.56","6.14","1.58","43.01","18.33","453.04","2.42","404.02","41.33","1.59","7.2","1.5","9.45","1.01","1219175697.15","Makkajo'xori"
"13378","40-60 sm","Qum","33.69","1.34","7.92","0.61","51.17","25.77","488.25","3.13","410.5","","1.44","9.51","0.51","12.97","0.59","","Makkajo'xori"
"13379","40-60 sm","Loy","31.91","1.4","7.81","3","37.44","25.15","457.53","2.47","412.72","66.23","1.58","8.55","1.47","12.23","0.67","1036799999.82","Makkajo'xori"
"13385","40-60 sm","Loy","34.93","1.61","7.14","3.1","32.98","16.9","455.43","2.51","428.1","65.77","2.24","9.43","2.35","12.06","0.83","880075666.52","Makkajo'xori"
"13386","40-60 sm","Loy","34.03","1.75","6.12","3.24","39.31","19.49","430.32","2","382.42","41.67","2.77","","2.31","11.59","0.97","1099730732.66","Makkajo'xori"
"13392","40-60 sm","Qumoq","32.51","1.45","6.71","1.19","30.32","14.61","429.42","2.07","393.25","","1.93","8.89","1.1","12.21","0.92","641044519.6","Makkajo'xori"
"13393","40-60 sm","Gill","31.51","1.49","6.45","2.51","32","19.51","397.91","1.83","379.97","","2.58","9.72","2.31","","0.89","725417889.78","Makkajo'xori"
"13394","40-60 sm","Qum","30.27","1.47","8.25","5.34","29.03","15.24","433.64","1.79","396.12","41.15","2.6","","2.77","11.81","0.44","1119856991.12","Makkajo'xori"
"13395","40-60 sm","Loy","40.72","1.39","6.63","0.66","45.28","23.12","488.67","2.36","428.12","47.32","1.13","7.88","","9.87","0.94","1478798667.81","Makkajo'xori"
"13399","40-60 sm","Qum","32.26","1.49","7.87","2.15","33.74","15.64","418.71","1.87","377.71","64.92","2.85","11.37","1.35","12.43","0.68","806562791.82","Makkajo'xori"
"13400","40-60 sm","Loy","31.26","1.43","8.35","3.64","30.83","17.07","454.94","1.68","426.49","55.22","0.85","7.3","1.96","12.14","0.72","791103745.12","Makkajo'xori"
"13403","40-60 sm","Gill","40.9","1.37","6.08","0.8","52.27","26.73","515.49","2.55","477.97","54.04","2.03","8.58","0.87","8.52","1.27","1971374386.71","Makkajo'xori"
"13404","40-60 sm","Qum","32.03","1.66","8.2","2.52","48.47","16.95","450.49","2.73","411.97","57.42","1.81","","1.26","13.24","0.52","1373178356.44","Makkajo'xori"
"13406","40-60 sm","Loy","37.03","1.58","6.83","1.54","48.92","19.67","442.89","1.87","418.58","58.29","1.73","7.9","1.21","10.15","0.89","935526950.61","Makkajo'xori"
"13407","40-60 sm","Qumoq","37.38","1.55","6.61","3.28","48.94","21.22","481.37","2.84","422.73","55.2","2.22","9.53","1.97","11.1","1.06","1362942167.94","Makkajo'xori"
"13411","40-60 sm","Loy","37.47","1.4","6.45","1.73","32.81","25.26","508.06","2.93","440","27.62","2.6","8.94","1.61","13.74","1.07","","Makkajo'xori"
"13412","40-60 sm","Qumoq","39.3","1.39","8.38","1.59","28.31","20.85","460.47","2.62","401.11","","1.65","8.32","0.97","","0.44","825213794.93","Makkajo'xori"
"13413","40-60 sm","Gill","40.22","1.53","6.3","2.1","41.17","22.74","447.55","2.42","393.56","53.77","1.96","8.81","2.03","9.66","1.27","1050632118.52","Makkajo'xori"
"13414","40-60 sm","Qum","34.81","1.5","6.19","2.87","38.79","20.62","426.6","2.78","416.53","54.1","1.93","9.37","1.96","","1.25","1099944108.34","Makkajo'xori"
"13416","40-60 sm","Loy","31.3","1.43","7.68","2.64","35.48","16.53","431.6","1.86","417.21","55.3","1.07","","1.93","14.11","0.73","799313483.67","Makkajo'xori"
"13417","40-60 sm","Qumoq","41.76","1.39","7.63","1.75","44.29","23.87","449.22","3.28","414.48","50.19","1.19","7.88","1.22","10.67","0.48","1771780235.4","Makkajo'xori"
"13418","40-60 sm","Gill","33.45","1.44","7.51","1.59","37.86","17.52","418.83","1.82","371.73","48.49","1.84","9.98","1.37","10.41","0.73","843973353.78","Makkajo'xori"
"13419","40-60 sm","Qum","40.49","1.36","6.67","1.32","52.47","19.49","485","2.53","434.56","40.93","1.4","7.78","1.18","9.51","1.15","1198269257.54","Makkajo'xori"
"13422","40-60 sm","Loy","37.72","1.36","6.25","1","48.93","30.19","487.63","2.6","436.49","51.38","2.66","9.67","1.43","13.34","1.16","1380110121.66","Makkajo'xori"
"13423","40-60 sm","Qumoq","38.63","1.42","6.43","1.96","46.64","23.64","413.3","2.69","386.83","44.38","1.57","8.01","1.41","12.58","1.09","885327797.5","Makkajo'xori"
"13426","40-60 sm","Loy","36.13","1.63","6.24","1.17","42.09","16.89","491.46","2.91","440.56","55.13","1.85","8.76","0.83","","1.27","1341755318.36","Makkajo'xori"
"13427","40-60 sm","Loy","37.82","1.54","6.26","0.99","41.19","26.11","492.74","2.82","456.12","35.18","2.3","9.1","1.53","13.92","0.88","1397404972.17","Makkajo'xori"
"13428","40-60 sm","Qumoq","32.12","1.61","8.69","0.74","34.38","20.68","462.41","2.27","411.54","45.39","2.87","","0.37","12.38","0.29","1139704895.27","Makkajo'xori"
"13431","40-60 sm","Loy","44.42","1.31","6.01","0.62","52.11","20.33","475.67","3.44","429.81","66.04","1.32","7.12","1.23","9.05","1.29","","Makkajo'xori"
"13432","40-60 sm","Loy","35.01","1.37","8.24","2.14","39.87","18.89","491.23","2.96","458","75.94","2.62","9.97","1.6","15.93","0.33","1295074054.06","Makkajo'xori"
"13433","40-60 sm","Qumoq","31.22","1.55","7.21","4.33","32.48","17.19","432.47","1.96","391.67","52.46","2.06","8.79","","10.38","0.65","966985071.9","Makkajo'xori"
"13435","40-60 sm","Qum","39.91","1.54","6.99","2.17","40.46","21.5","491.87","2.92","457.81","","2.01","","1.73","11.46","0.87","1360949164.24","Makkajo'xori"
"13436","40-60 sm","Loy","37.42","1.61","6.78","1.11","49.58","22.75","466.25","2.18","429.41","53.24","1.18","7.74","0.92","","","","Makkajo'xori"
"13440","40-60 sm","Qum","36.77","1.4","6.37","1.48","54.74","27.76","469.44","3.01","452.23","37","0.86","8.19","1.62","13.11","1.04","1833966923.42","Makkajo'xori"
"13441","40-60 sm","Loy","45.21","1.37","6.95","0.75","37.13","27.17","492.77","3.64","457.14","59.96","2.72","9.93","0.79","13.08","1","1428745738.56","Makkajo'xori"
"13442","40-60 sm","Loy","33.04","1.41","7.4","3.41","38.56","21.26","457.9","1.72","409.52","72.8","1.44","8.04","2.44","12.28","0.86","843689658.69","Makkajo'xori"
"13446","40-60 sm","Loy","32.91","1.51","7.08","3.79","36.9","23.84","410.96","2.4","383.75","44.1","1.65","9.06","2.48","10.92","0.64","918461557.49","Makkajo'xori"
"13451","40-60 sm","Loy","30.05","1.79","6.77","1.56","32.53","17.46","428.5","2.5","394.83","37.78","1.89","9.83","","9.95","0.99","853181361.89","Makkajo'xori"
"13452","40-60 sm","Loy","31.93","1.36","7.48","0.71","31.64","23.56","455.81","2.07","418.25","41.35","2.05","9.86","","10.95","0.73","927210624.76","Makkajo'xori"
"13455","40-60 sm","Qum","39.48","1.59","8.18","0.91","50.78","26.8","515.04","3.33","452.24","80.77","1.28","8.15","0.62","10.61","","1137345929.34","Makkajo'xori"
"13461","40-60 sm","Qum","37.61","1.59","6.97","3.74","53.15","24.77","504.11","3.75","","56.62","1.35","7.41","2.6","","0.98","1905203405.41","Makkajo'xori"
"13462","40-60 sm","Loy","42.86","1.32","7.73","1.94","41.43","20.84","524.57","2.66","450.88","","2.28","8.85","1.41","9.33","0.72","1802826962.03","Makkajo'xori"
"13464","40-60 sm","Qumoq","43.8","1.39","6.32","0.6","36.81","19.15","457.53","2.98","425.51","37.08","2.31","8.23","1.2","10.65","1.24","1787404363.86","Makkajo'xori"
"13471","40-60 sm","Qum","33.9","1.41","7.02","0.74","41.79","20.68","429.02","1.99","425.1","67.52","1.36","6.97","0.87","14.3","1.04","722744494.99","Makkajo'xori"
"13474","40-60 sm","Qumoq","33.59","1.53","7.11","3.79","36.34","18.01","419.83","1.88","379.29","56.21","2.25","10.08","2.29","10.56","0.76","734683205.63","Makkajo'xori"
"13476","40-60 sm","Qum","34.61","1.51","6.32","2.61","35.55","18.81","411.08","2.04","361.22","46.31","","8.08","2.05","13.16","1.13","686922578.2","Makkajo'xori"
"13477","40-60 sm","Loy","43.05","1.36","6.01","0.63","58.59","31.35","503.39","2.91","473.94","61.78","1.19","7.54","1.37","11.38","1.23","1843530671.03","Makkajo'xori"
"13478","40-60 sm","Loy","32.99","1.54","8.42","3.21","39.05","15.58","504.45","2.9","455.74","46.55","1.69","8.06","1.27","15.2","0.59","939164372.08","Makkajo'xori"
"13481","40-60 sm","Qum","34.48","1.53","6.08","1.97","39.54","18.11","450.09","2.68","409.39","53.84","","8.87","1.83","8.9","1.04","1254682567.01","Makkajo'xori"
"13482","40-60 sm","Loy","39.13","1.45","6.37","2.39","41.67","25.8","478.67","2.95","428.96","","2.06","8.64","1.91","14.4","1.1","1601377360.32","Makkajo'xori"
"13483","40-60 sm","Loy","40.96","1.38","7.24","1.98","51.98","29.89","500.08","3.53","440.56","49.99","2.09","","1.23","13.42","0.94","","Makkajo'xori"
"13484","40-60 sm","Qumoq","30.01","1.6","7.77","2.76","27.89","17.12","395.13","1.85","355.09","56.43","","7.78","","12.06","0.52","586928337.33","Makkajo'xori"
"13487","40-60 sm","Loy","35.36","1.51","8.26","2.97","39.78","27.31","504.83","2.74","455.49","57.93","1.53","8.5","","8.4","0.47","1407868588.74","Makkajo'xori"
"13490","40-60 sm","Gill","38.02","1.49","6.16","2.13","31.74","21.26","475.4","2.83","424.14","56.55","1.69","","1.56","10.84","1.26","1146999382.63","Makkajo'xori"
"13491","40-60 sm","Qum","32.23","1.54","7.98","2.9","24.62","14.39","415.6","1.77","408.54","57.61","2.43","7.95","1.63","13.3","0.65","765291880.59","Makkajo'xori"
"13493","40-60 sm","Loy","34.37","1.52","7.41","2.25","33.86","21.37","445.05","2.45","406.89","70.48","2.19","9.09","1.17","11.01","","","Makkajo'xori"
"13494","40-60 sm","Loy","38.74","1.42","7.41","3.55","29.28","21.72","470.04","2.86","457.16","52","2.5","8.8","2.28","11.47","0.64","1006998456.53","Makkajo'xori"
"13499","40-60 sm","Loy","34.44","1.51","6.62","1.85","41.88","24.6","506.32","3.07","447.09","46.25","2.45","9.02","1.37","11.91","0.98","997536052.79","Makkajo'xori"
"13500","40-60 sm","Qumoq","37.47","1.43","8.58","1.81","48.23","19.5","482.84","3.05","431.45","50.29","1.25","8.09","1.15","11.98","0.4","1612230561.61","Makkajo'xori"
"13502","40-60 sm","Qum","30.88","1.58","7.92","3.76","25.77","17.81","383.9","1.48","334.94","41.27","1.8","7.89","2.16","8.9","0.53","813418330.1","Makkajo'xori"
"13504","40-60 sm","Loy","34.15","1.52","6.77","1","47.31","24.94","434.21","2.94","393.96","","1.71","8.58","0.97","11.8","1.05","935924205.15","Makkajo'xori"
"13505","40-60 sm","Qumoq","40.64","1.43","8.05","1.42","43.7","22.15","477.52","2.96","418.92","54.64","2.43","8.24","1.32","12.91","0.42","1528971905.58","Makkajo'xori"
"13506","40-60 sm","Gill","38.62","1.36","8.43","2.39","47.1","18.73","514.25","2.28","436.94","57.62","2.54","9.78","1.25","11.56","0.49","1400640043.65","Makkajo'xori"
"13514","40-60 sm","Loy","35.8","1.69","6.37","2.74","49.68","16.99","449.4","2.12","423.76","57.68","2.19","10.95","1.8","9.72","1.27","988181995.22","Makkajo'xori"
"13515","40-60 sm","Qumoq","42.96","1.38","8.01","1.72","45.13","19.24","535.76","3.16","496.92","47.92","1.5","8.69","1.21","13.4","0.69","","Makkajo'xori"
"13516","40-60 sm","Gill","36.65","1.49","8.4","1.92","33.25","21.18","493.26","2.38","446.4","64.39","1.46","8.2","1.29","10.84","0.5","1473198258.78","Makkajo'xori"
"13520","40-60 sm","Qumoq","34.05","1.64","7.88","3.29","29.86","16.7","498.93","2.74","437.93","62.86","1.75","7.9","2.27","10.88","0.74","1306131752.51","Makkajo'xori"
"13522","40-60 sm","Qum","38.26","1.5","7.1","3.8","35.11","25.53","497.12","3.08","440.95","50.11","1.89","8.59","2.34","11.38","0.79","1291399312.25","Makkajo'xori"
"13529","40-60 sm","Loy","35.11","1.46","6.96","2.22","35.1","20.85","423.71","2.5","401.1","47.38","2.09","9.57","1.6","13.31","0.88","865774167.57","Makkajo'xori"
"13532","40-60 sm","Gill","44.65","1.39","7.15","0.97","46.39","21.42","499.02","2.33","428.14","54.35","0.86","7.8","0.92","11.31","0.87","1482123846.34","Makkajo'xori"
"13535","40-60 sm","Loy","40.91","1.39","7.74","2.39","45.21","29.69","480.2","2.36","","68.05","1.85","8.76","1.61","12.67","0.52","1232048584.45","Makkajo'xori"
"13541","40-60 sm","Qumoq","33.97","1.53","7.89","2.84","29.44","15.77","446.3","3.03","428.54","40.23","1.47","8.94","","10.43","0.75","","Makkajo'xori"
"13543","40-60 sm","Qum","35.44","1.59","7.38","1.85","46.82","16.59","463.71","1.95","443.23","58.56","1.44","7.67","1.41","10.18","0.8","986108577.61","Makkajo'xori"
"13548","40-60 sm","Qum","44.84","1.38","7.72","2.39","34.84","23.52","536.05","2.53","489.24","49.52","2","8.99","1.67","11.61","0.6","1877626568.46","Makkajo'xori"
"13553","40-60 sm","Qum","36.24","1.48","7.13","1.44","35.02","17.86","458.71","2.46","404.42","52.39","2.08","9.38","1.33","10.9","0.85","1408491244.55","Makkajo'xori"
"13554","40-60 sm","Loy","33.39","1.45","6.83","2.83","31.5","21.14","467.85","2.12","411.46","61.72","1.68","6.91","","14.78","0.82","892353350.5","Makkajo'xori"
"13560","40-60 sm","Loy","35.81","1.4","6.4","3.66","47.45","23.27","450.72","2.07","413.47","43.83","0.74","6.88","2.58","13.96","1.16","980832705.01","Makkajo'xori"
"13564","40-60 sm","Loy","39.26","1.36","8.49","0.67","45.55","21.32","497.92","3.38","419.51","65.23","2.61","","0.75","13.68","0.43","2008236936.65","Makkajo'xori"
"13566","40-60 sm","Loy","35.93","1.52","7.91","3.18","28.63","15.02","440.89","2.48","385.57","71.87","2.37","9.84","2.17","10.54","","1435202321.25","Makkajo'xori"
"13567","40-60 sm","Qumoq","40.32","1.57","7.17","4","35.16","27.99","496.09","3.12","447.63","55.47","1.35","9.1","2.69","11.74","0.81","1133017556.56","Makkajo'xori"
"13569","40-60 sm","Qum","34.83","1.68","7.29","2.65","37.67","19.46","475.8","2.52","440.95","58.21","2.93","10.2","1.52","10.34","","1212381945.87","Makkajo'xori"
"13571","40-60 sm","Loy","42.76","1.41","6.11","2.08","57.33","25.22","484.78","3.66","441.99","56.16","0.65","7.85","2.01","11.16","1.23","","Makkajo'xori"
"13573","40-60 sm","Gill","42.32","1.37","6.42","0.83","57.04","22.66","510.3","2.94","478.16","49.13","2.4","9.57","0.97","16.05","","1935510747.03","Makkajo'xori"
"13575","40-60 sm","Loy","37.51","1.46","7.68","1.21","56.66","27.66","514.46","3.05","474.33","47.92","1.64","8.49","1.31","11.73","0.7","1986941965.22","Makkajo'xori"
"13576","40-60 sm","Loy","30.19","1.63","7.28","1.77","31.19","16.47","434.91","1.88","395.9","57.02","1.67","7.98","1.49","11.53","0.84","697509510.03","Makkajo'xori"
"13580","40-60 sm","Loy","32.16","1.54","8.08","2.91","42.26","20.31","427.22","2.65","384.79","40.26","1.44","7.48","","10.84","0.55","767450816.48","Makkajo'xori"
"13583","40-60 sm","Gill","43.55","1.36","7.59","0.6","59.64","21.44","551.36","3.32","","50.04","1.82","8.86","0.97","10.62","0.62","","Makkajo'xori"
"13585","40-60 sm","Loy","42.21","1.42","6.78","1.01","50.8","25.59","523.97","2.81","456.64","47.49","1.77","","1.29","11.78","0.95","1485570561.8","Makkajo'xori"
"13587","40-60 sm","Qumoq","35.41","1.36","7.87","1.47","50.01","19.57","496.2","3.04","449.05","58.97","2.51","9.28","0.96","10.74","0.5","1652825778.89","Makkajo'xori"
"13590","40-60 sm","Loy","36.04","1.38","7.27","2.92","47.78","16.04","463.53","3.09","431.29","51.59","2.34","9.82","1.69","9.84","0.72","1284937380.15","Makkajo'xori"
"13591","40-60 sm","Loy","43.81","1.4","8.16","1.79","52.1","18.54","475.03","2.77","440.17","44.43","2.37","8.27","1.18","11.39","0.52","1687826538.44","Makkajo'xori"
"13594","40-60 sm","Qum","39.55","1.46","8.11","1.23","38.85","18.75","485.27","3.22","428.68","39.11","2.6","9.08","0.86","8.47","0.65","1554566586.24","Makkajo'xori"
"13597","40-60 sm","Qumoq","42.81","1.38","7.14","0.95","59.42","24.05","518.83","2.87","478.8","43.28","2.38","10.26","1.35","11.03","0.73","1572455630.31","Makkajo'xori"
"13598","40-60 sm","Gill","30.1","1.65","6.16","1.59","30.83","15.96","394.13","1.66","361.36","38.97","1.85","8.94","1.35","13.09","1.22","580852327.55","Makkajo'xori"
"13600","40-60 sm","Loy","38.21","1.41","8.23","1.46","37.48","18.18","466.51","2.77","429.64","","1.37","7.84","1.1","12.6","0.48","901967306.17","Makkajo'xori"
"13601","40-60 sm","Loy","36.23","1.5","8.2","1.78","53.04","17.03","489.51","3.36","450.11","46.1","1.67","8.01","0.84","9.84","0.49","","Makkajo'xori"
"13608","40-60 sm","Qumoq","37.05","1.44","6.39","1.09","49.43","25.33","502.01","3.21","467.44","43.98","1.37","","0.69","9.51","1.05","1627513428.67","Makkajo'xori"
"13610","40-60 sm","Qum","42.67","1.36","6.28","0.62","37.31","28.37","539.15","3.5","481.04","46.7","2.15","9.42","1.1","14.89","1.04","2085970115.83","Makkajo'xori"
"13611","40-60 sm","Loy","38.58","1.53","7.54","1.37","49.25","17.28","501.07","2.39","453.72","45.06","2.58","","0.89","11.6","0.71","1439778248.11","Makkajo'xori"
"13613","40-60 sm","Qumoq","44.84","1.33","6.02","0.71","64.04","26.81","466.24","3.2","440.39","51.29","1.18","8.62","","11.35","1.27","1457742700.25","Makkajo'xori"
"13614","40-60 sm","Gill","34.73","1.49","7.83","1.67","28.3","15.36","447.56","2.45","416.56","39.35","2.48","9.16","1.16","14.5","0.66","930076412.35","Makkajo'xori"
"13615","40-60 sm","Qum","41.98","1.36","6.16","1.07","43.14","20.62","479.36","3.17","417.39","50.19","2.27","9.3","0.99","11.44","1.38","","Makkajo'xori"
"13618","40-60 sm","Qumoq","31.7","1.64","7.42","1.1","42.15","18.62","463.79","2.52","418.77","61.95","2.31","","1.4","13.84","0.65","788108919.16","Makkajo'xori"
"13619","40-60 sm","Gill","38.33","1.41","8.28","3.86","31.38","20.77","464.63","2.43","422.85","38.35","1.8","9","2.65","10.23","0.61","","Makkajo'xori"
"13620","40-60 sm","Qum","32.69","1.38","8.43","0.82","46.37","20.63","468.69","2.17","421.7","55.99","1.14","7.34","","11.72","0.31","926168533.09","Makkajo'xori"
"13621","40-60 sm","Loy","38.16","1.37","7.4","2.74","47.33","24.3","501.77","3.02","457.46","56.25","2.15","10.03","1.72","10.07","0.71","","Makkajo'xori"
"13623","40-60 sm","Qumoq","39.37","1.43","7.09","1.98","49.47","18.42","459.08","2.88","426.46","38.61","1.2","7.63","1.3","9.63","0.85","","Makkajo'xori"
"13627","40-60 sm","Loy","39.92","1.52","6.18","0.69","38.09","25.25","481.27","2.41","432.1","50.3","1.13","8.2","1.08","12.8","1.14","1973870026.8","Makkajo'xori"
"13634","40-60 sm","Gill","37.45","1.39","6.61","3.04","32.85","16.21","437.9","2.04","387.64","53.29","1.84","9.39","2.3","13.77","0.89","1048819692.97","Makkajo'xori"
"13644","40-60 sm","Qumoq","30.76","1.62","6.23","2.86","26.44","14.81","401.05","1.75","367.66","32.74","2.25","","1.93","11.59","1.33","","Makkajo'xori"
"13645","40-60 sm","Gill","38.48","1.38","6.85","0.73","56.24","23.18","487.31","3.49","412.91","42.53","2.16","8.45","0.83","12.83","1.12","1450892161.76","Makkajo'xori"
"13649","40-60 sm","Qumoq","41.96","1.47","6.14","1.47","36.39","20.66","499.82","2.19","454.03","49.7","2.56","9.03","1.36","13.79","1.19","1175041435.73","Makkajo'xori"
"13651","40-60 sm","Qum","31.96","1.61","6.89","1.46","33.34","17.14","445.53","2.86","436.36","48.51","2.57","9.49","1.39","13.05","0.86","1107153174.1","Makkajo'xori"
"13652","40-60 sm","Loy","32.66","1.52","7.3","2.53","36.92","15.12","418.43","1.92","374.24","51.57","0.93","7.28","1.69","","0.78","705687814.9","Makkajo'xori"
"13653","40-60 sm","Loy","35.45","1.53","6.94","1.12","48.43","17.89","495.12","3.06","457.3","46.49","1.52","8.72","0.91","10.11","0.9","1250004515.55","Makkajo'xori"
"13655","40-60 sm","Gill","40.02","1.33","8.06","2.28","38.73","18.28","499.24","2.91","461.49","48.08","1.84","9.86","1.44","12.38","0.65","1146436507.07","Makkajo'xori"
"13656","40-60 sm","Qum","38.77","1.35","6.34","1.38","48.74","18.84","465.11","2.09","402.98","76.47","1.7","8.19","1.14","10.52","1.2","","Makkajo'xori"
"13661","40-60 sm","Qum","41.25","1.45","6.39","4.93","50.26","19.16","479.66","2.66","447.88","49.27","1.15","8.47","3.23","14.46","1.02","1092836197.77","Makkajo'xori"
"13663","40-60 sm","Loy","30.73","1.44","7.92","2.43","33.58","13.47","461.74","1.53","395.55","51.2","1.55","7.26","1.32","12.66","0.68","727418136.1","Makkajo'xori"
"13664","40-60 sm","Qumoq","38.92","1.36","6.84","1.55","53.66","23.39","485.2","3.01","445.69","50.68","2.19","9.6","1.42","10.34","1.08","1095637521.45","Makkajo'xori"
"13669","40-60 sm","Qumoq","41.42","1.36","6.25","0.64","39.13","29.78","492.04","2.82","436.78","58.28","2.17","8.25","0.96","11.79","1.16","1543551345.96","Makkajo'xori"
"13671","40-60 sm","Qum","31.19","1.66","6.8","3.24","36.11","16.44","431.29","2.06","399.26","57.26","1.59","9.52","2.29","13.03","0.85","1079170953.36","Makkajo'xori"
"13672","40-60 sm","Loy","38.72","1.44","6.96","0.99","47.78","25.38","516.95","2.55","486.99","61.78","1.77","9.63","1.19","12.93","0.79","1726836200.86","Makkajo'xori"
"13675","40-60 sm","Qumoq","32.06","1.39","8.36","2.97","30.37","16.02","468.11","2.02","","73.67","2.09","10.22","1.91","12.44","0.45","","Makkajo'xori"
"13676","40-60 sm","Gill","39.76","1.42","6.44","3.54","40.18","19.64","444.32","2.07","403.19","52.58","1.86","8.61","","9.72","1.06","1531898415.84","Makkajo'xori"
"13677","40-60 sm","Qum","42.2","1.31","7.76","1.72","48.31","23.3","503.06","3.37","434.66","50.75","1.82","9.66","1.32","13.24","0.62","1412074743.97","Makkajo'xori"
"13682","40-60 sm","Qum","33.45","1.49","7.13","1.12","39.7","16.37","435.83","2.37","401.91","","0.33","7.4","1.11","12.13","0.8","1104635777.97","Makkajo'xori"
"13683","40-60 sm","Loy","34.96","1.46","6.88","3.23","43.68","19.98","431.38","2.42","402.43","35.45","2.32","8.91","","10.55","1.03","950023210.45","Makkajo'xori"
"13684","40-60 sm","Loy","36.62","1.35","6.97","0.57","48.08","23.96","463.63","2.52","413.25","56.57","2.18","9.15","1.17","10.33","0.77","1428220016.22","Makkajo'xori"
"13687","40-60 sm","Qum","30.54","1.45","6.78","1.66","30.79","17.6","401.25","1.93","332.39","51.15","2.61","","1.59","12.37","0.86","798147882.67","Makkajo'xori"
"13688","40-60 sm","Loy","38.42","1.39","6.1","2","49.22","21.19","441.57","2.19","380.65","37.57","2.48","10.25","1.46","11.6","1.11","1120303475.32","Makkajo'xori"
"13690","40-60 sm","Qumoq","36.73","1.35","6.86","1.14","39.53","24.87","461.75","2.69","408.32","59.12","2.44","9.75","0.78","14.72","0.93","1483567825.61","Makkajo'xori"
"13692","40-60 sm","Qum","32.54","1.46","8.21","4.25","28.12","17.95","429.77","2.13","384.11","59.08","2.6","9.84","2.37","12.34","0.39","785913587.53","Makkajo'xori"
"13693","40-60 sm","Loy","43.34","1.36","7.45","2.48","47.24","19.31","526.15","3.21","475.76","67.65","2.66","9.99","1.64","9.06","0.85","1477957875.46","Makkajo'xori"
"13696","40-60 sm","Gill","41.83","1.39","6.59","1.93","44.99","25.34","460.58","2.48","394.31","63.43","1.95","8.85","1.79","12.25","0.91","1713094780.1","Makkajo'xori"
"13698","40-60 sm","Loy","31.73","1.51","6.93","4.08","41.83","15.1","414.19","1.86","384.32","48.29","1.38","7.43","2.63","11.98","1.05","742858460","Makkajo'xori"
"13699","40-60 sm","Loy","34.4","1.47","7.31","1.72","40.2","16.8","484.75","2.34","448.26","53.07","1.93","9.94","1.04","12.36","0.82","1361999813.67","Makkajo'xori"
"13702","40-60 sm","Qum","38.29","1.42","7.87","1.7","38.03","18.6","492.46","3.37","445.61","56.73","2.39","","","11.54","","","Makkajo'xori"
"13708","40-60 sm","Loy","34.83","1.68","6.08","2.17","44.3","20.85","448.44","1.93","430.88","51.43","1.93","9.6","1.89","13.19","1.11","956023475.53","Makkajo'xori"
"13712","40-60 sm","Gill","35.29","1.43","6.63","1.93","46.46","15.86","445.94","2.32","442.15","50.7","2.24","9.7","2.01","13.48","1.09","851137857.26","Makkajo'xori"
"13713","40-60 sm","Qum","32.55","1.65","6.91","1.94","35.76","15.23","463.89","2.24","427.33","62.17","0.98","8.17","1.58","11.55","0.78","1230505594.3","Makkajo'xori"
"13716","40-60 sm","Qumoq","40.77","1.32","7.48","2.29","39.03","24.11","517.32","3.52","464.3","33.96","1.38","8.31","","12.32","0.75","1445449015.17","Makkajo'xori"
"13717","40-60 sm","Gill","35.04","1.39","6.11","0.61","41.28","22.84","458.32","2.21","415.9","46.73","","9.58","1.44","11.23","0.96","1236648079.97","Makkajo'xori"
"13718","40-60 sm","Qum","35.88","1.42","7.69","1.52","34.08","24.04","464.39","3.03","435.35","57.02","1.7","8.76","1.15","12.07","0.66","1165567727.57","Makkajo'xori"
"13723","40-60 sm","Qum","31.2","1.48","6.62","2.03","46.31","19.38","442.43","2.03","414.56","60.52","2.22","8.98","","10.7","1.07","1104874825.05","Makkajo'xori"
"13728","40-60 sm","Qum","33.85","1.6","8.73","3.88","39.07","15.09","441.37","2.5","384.19","38.7","2.11","8.59","2.01","12.36","0.33","840157748.45","Makkajo'xori"
"13731","40-60 sm","Qumoq","38.68","1.35","6.88","1.02","47.5","18.38","468.52","2.67","421","42.07","3.01","10.08","1.01","10.15","0.91","","Makkajo'xori"
"13732","40-60 sm","Gill","40.48","1.54","7.3","1.2","49.22","26.62","507.33","3.47","459.19","42","1.58","8.15","0.9","13.58","0.78","1898851411.39","Makkajo'xori"
"13733","40-60 sm","Qum","42.79","1.51","6.06","0.65","56.35","28.93","508.22","3","460.34","45.1","2.73","10.44","1.02","12.27","1.39","1563540072.46","Makkajo'xori"
"13734","40-60 sm","Loy","43.26","1.44","6.26","0.77","46.07","27.09","525.94","2.91","437.2","57.29","2.62","","1.15","14.29","0.94","1926943928.77","Makkajo'xori"
"13737","40-60 sm","Gill","38.86","1.54","6.7","1.49","43.92","28.79","473.57","3.09","474.18","51.13","2.08","9.19","1.43","15.56","0.95","","Makkajo'xori"
"13738","40-60 sm","Qum","42.35","1.34","6.02","1.48","48.21","23.52","469.71","3.67","410.76","51.21","2.41","9.96","1.31","12.37","1.44","","Makkajo'xori"
"13740","40-60 sm","Loy","38.2","1.31","6.08","0.66","37.69","28.57","498.59","2.88","440.9","57.15","2.52","9.91","1.1","15.4","1.16","1520702936.56","Makkajo'xori"
"13742","40-60 sm","Gill","40.35","1.35","7.46","2.73","39.67","20.71","478.04","3.11","463.75","55.71","1.27","8.36","1.92","12.81","0.82","1050946510.49","Makkajo'xori"
"13743","40-60 sm","Qum","36.41","1.48","8.31","2.88","32.18","21.49","433.99","1.92","383.49","58.61","1.73","","1.5","13.76","0.48","","Makkajo'xori"
"13744","40-60 sm","Loy","42.71","1.36","6.82","1.82","50.47","22.25","500.27","2.56","456.48","56.08","1.9","8.97","1.34","","1.04","1828253727.53","Makkajo'xori"
"13748","40-60 sm","Gill","40.63","1.4","6.3","2.42","52","20.61","504.1","3.46","441.78","41.98","2.4","9.74","1.52","12.14","1.04","1411278294.26","Makkajo'xori"
"13749","40-60 sm","Qum","37.4","1.37","7.31","1.68","34.93","19.26","460.96","1.93","400","67.67","","10.64","1.02","14.65","0.78","","Makkajo'xori"
"13751","40-60 sm","Loy","30.91","1.61","6.92","3.34","31.32","16.85","412.24","2.53","373.95","38.54","2.44","9.92","","11.07","0.99","978959733.27","Makkajo'xori"
"13755","40-60 sm","Loy","32.77","1.46","7.64","1.22","28.44","14.4","434.49","2.13","377.24","52.34","1.57","","1.24","10.5","0.68","607145002.15","Makkajo'xori"
"13756","40-60 sm","Loy","34.03","1.44","8.19","2.55","38.08","21.72","479.57","2.65","","61.61","2.37","8.95","1.6","10.16","0.62","1080105401.93","Makkajo'xori"
"13759","40-60 sm","Qum","42.1","1.48","6.33","2.25","59.01","22.06","503.51","2.73","443.37","48.99","2.18","8.46","1.52","10.31","1.06","1683023214.28","Makkajo'xori"
"13761","40-60 sm","Loy","30.84","1.75","6.88","2.21","23.4","13.45","407.49","1.8","393.69","41.4","1.92","10.69","1.84","13.23","0.84","949054365.62","Makkajo'xori"
"13762","40-60 sm","Qumoq","39.99","1.33","7.18","0.59","50.65","24.56","480.1","3.5","456.21","66.7","2.49","10.05","0.81","12.91","0.71","1552777006.74","Makkajo'xori"
"13763","40-60 sm","Gill","36.22","1.47","6.89","2.24","35.28","22.78","471.7","2.83","436.92","60.71","2.52","9.48","1.63","10.96","1","1619452808.74","Makkajo'xori"
"13767","40-60 sm","Qumoq","42.62","1.4","6.07","2.21","59.53","21.73","482.5","2.61","420.58","71.54","0.74","6.19","1.67","11.43","1.32","1997249646.16","Makkajo'xori"
"13770","40-60 sm","Loy","44.07","1.34","7.31","4.4","55.78","25.95","496.09","2.98","469.24","39.29","","8.99","2.28","14.4","0.71","1286404803.29","Makkajo'xori"
"13771","40-60 sm","Loy","35.06","1.62","6.67","0.58","35.73","16.01","445.74","2.61","386.76","69.22","1.49","","1.08","11.14","0.97","1308804951.48","Makkajo'xori"
"13775","40-60 sm","Loy","37.65","1.43","6.45","2.88","35.77","28.4","461.24","2.87","408.4","39.87","1.58","7.88","1.67","10.89","0.9","1400147363.19","Makkajo'xori"
"13776","40-60 sm","Loy","36.76","1.43","7.16","1.02","30.49","22.3","419.27","1.92","425.93","46.69","","7.96","1.02","13.28","0.93","","Makkajo'xori"
"13779","40-60 sm","Qum","42.74","1.34","6.59","0.6","52.11","23.03","511.27","3.08","450.03","61.01","2.15","9.69","","10.86","0.83","1593647214.87","Makkajo'xori"
"13781","40-60 sm","Loy","34.99","1.44","6.53","3.07","32.24","24.74","459.09","2.28","419.22","54.41","1.53","8.22","2.04","14.68","1.02","","Makkajo'xori"
"13782","40-60 sm","Loy","38.37","1.6","7.23","3.05","36.86","21.41","439.1","2.58","409.52","52.81","2.25","9.26","1.93","12.46","0.84","1047379715.6","Makkajo'xori"
"13783","40-60 sm","Qumoq","31.33","1.53","6.86","2.2","33.27","21.34","395.7","1.96","382.7","51.43","2.06","10.15","1.44","11.17","1.03","761906884.58","Makkajo'xori"
"13785","40-60 sm","Qum","30.4","1.43","7.58","2.41","30.89","14.21","418.03","1.68","387","46.67","1.51","8.5","1.41","13.01","0.84","574161157.05","Makkajo'xori"
"13786","40-60 sm","Loy","30.51","1.61","6.05","1.1","31.58","12.15","397.98","1.94","381.81","52.35","46.67","9.13","1.21","8.4","1.18","612255960.28","Makkajo'xori"
"13788","40-60 sm","Qumoq","42.4","1.32","6.07","0.97","48.01","21","466.02","2.85","428.4","44.47","52.35","7.44","0.94","12.81","1.28","2294027259.41","Makkajo'xori"
"13789","40-60 sm","Gill","31.38","1.71","6.2","1.32","28.84","18.89","426.01","2.92","406.94","72.06","44.47","10.56","1.47","14.47","1.06","1152002242.44","Makkajo'xori"
"13791","40-60 sm","Loy","31.73","1.57","8.15","4.99","27.67","13.83","429.98","1.76","386.71","43.63","72.06","","2.5","13.96","0.55","733111004.22","Makkajo'xori"
"13792","40-60 sm","Loy","33.42","1.45","6.38","1.29","33.15","23.58","423.64","2.67","435.46","74.6","43.63","7.92","1.49","9.2","1.18","","Makkajo'xori"
"13793","40-60 sm","Qumoq","32.78","1.53","7.24","4.96","42.49","22.28","413.68","1.99","392.4","39.3","74.6","8.18","2.53","14.67","0.72","","Makkajo'xori"
"13794","40-60 sm","Gill","39.44","1.49","6.3","0.79","50.2","25.36","518.98","3.08","459.66","46.2","39.3","7.54","1.01","12.42","1.22","1908212606.7","Makkajo'xori"
"13796","40-60 sm","Loy","31.93","1.48","6.42","2.07","25.79","19.76","419.05","2.06","380.02","48.51","46.2","9.75","1.68","16.09","1.19","907927144.18","Makkajo'xori"
"13798","40-60 sm","Qumoq","42.01","1.43","6.3","1.21","45.45","18.95","496.4","3.57","455.01","33.51","48.51","7.85","1.12","12.48","0.86","1993564621.11","Makkajo'xori"
"13803","40-60 sm","Qumoq","31.27","1.53","8.7","0.91","33.19","16.44","431.07","2.29","384.69","42.22","33.51","9.03","0.57","13.18","0.29","742331457.29","Makkajo'xori"
"13805","40-60 sm","Qum","38.64","1.35","6.44","0.69","42.53","24.12","462.13","3.34","406.5","51.06","42.22","8.82","0.97","7.81","1.02","1449792080.33","Makkajo'xori"
"13807","40-60 sm","Loy","39.07","1.43","7.81","1.63","30.45","21.98","436.11","2.65","414.03","31.93","51.06","9.55","1.56","14.2","0.77","","Makkajo'xori"
"13814","40-60 sm","Gill","34.57","1.62","7.94","0.58","29.42","25.05","490.03","3.15","463.14","62.47","31.93","9.39","0.56","10.46","0.68","992438548.49","Makkajo'xori"
"13815","40-60 sm","Qum","38.67","1.47","8.09","3.5","43.36","18.13","493.85","2.4","442.62","61.76","62.47","","1.64","12.03","0.59","1167424719.81","Makkajo'xori"
"13817","40-60 sm","Loy","37.31","1.54","6.37","2.18","36.61","23.26","508.48","2.63","463.16","43.29","61.76","9.94","1.81","11.12","1.08","1966507591.92","Makkajo'xori"
"13818","40-60 sm","Loy","35.08","1.52","7.52","1.62","44.58","19.35","483.92","2","406.34","72.8","43.29","9.52","1.06","13.74","0.74","1066116174.63","Makkajo'xori"
"13819","40-60 sm","Qumoq","33.07","1.62","6.38","3.21","46.06","18.13","459.86","2.67","428.49","47.18","72.8","8.55","2.34","11.09","0.96","","Makkajo'xori"
"13820","40-60 sm","Gill","45.18","1.41","6.47","1.17","40.39","26.05","492.31","3.23","426.83","52.16","47.18","8.17","1.27","12.86","1","","Makkajo'xori"
"13822","40-60 sm","Loy","44.37","1.45","7.49","1.72","61.99","28.89","504.27","3.24","452.05","58.962857142857","52.16","5.98","1.09","14.64","0.65","2153373893.08","Makkajo'xori"
"13826","40-60 sm","Qum","37.81","1.47","7.05","2.17","34.71","20.94","461.87","2.06","423.33","60.4325","66.28","10.6","1.28","10.17","0.94","1032562267.17","Makkajo'xori"
"13833","40-60 sm","Loy","31.13","1.4","8.52","2.71","23.42","17.54","426.86","1.48","392.11","61.902142857143","57.03","9.15","1.23","11.26","0.39","694151697.47","Makkajo'xori"
"13834","40-60 sm","Qumoq","46.22","1.34","6.01","0.94","58.9","27.34","477.79","3.39","426.83","63.371785714286","49.2","","1.16","","1.23","2119899768.42","Makkajo'xori"
"13835","40-60 sm","Gill","40.18","1.4","7.77","0.85","46.12","26.47","522.65","2.41","449.82","64.841428571429","47.63","9.52","1.06","14.64","0.57","1627557098.59","Makkajo'xori"
"13838","40-60 sm","Loy","40.5","1.4","7.92","0.9","48.06","18.11","511.79","2.5","459.09","66.311071428571","42.21","10.08","0.67","11.43","0.84","1429415270.71","Makkajo'xori"
"13839","40-60 sm","Qumoq","30.21","1.42","7.36","2.17","40.24","17.2","425.89","2.82","380.95","67.780714285714","53.98","10.27","1.28","10.81","0.97","1047414549.11","Makkajo'xori"
"13840","40-60 sm","Gill","31.25","1.62","8.59","4.55","32.76","13.7","471.67","1.45","413.07","69.250357142857","71.74","8.45","2.49","11.05","0.19","833427776.79","Makkajo'xori"
"13841","40-60 sm","Qum","34.92","1.58","6.75","3.43","42.15","25.67","481.41","2.87","423.56","70.72","64.51","9.66","2.08","10.12","0.9","1011452080.23","Makkajo'xori"
"13843","40-60 sm","Loy","37.36","1.59","7.84","1","45.77","24.4","436.12","2.73","416.94","72.189642857143","36.74","9.53","0.98","11.62","0.68","1043377999.98","Makkajo'xori"
"13846","40-60 sm","Qum","35.14","1.45","6.76","1.25","38.42","21.36","442.02","1.97","416.89","73.659285714286","42.51","7.08","1.55","9.79","0.99","1057020124.9","Makkajo'xori"
"13847","40-60 sm","Loy","38.63","1.48","7.07","1.47","44.53","20.58","472.87","2.86","","75.128928571429","54.43","","1.4","11.85","0.9","1667120915.61","Makkajo'xori"
"13848","40-60 sm","Loy","33.46","1.6","6.36","2.67","32.38","17.44","433.66","2.52","401.68","76.598571428572","55.29","10.49","1.84","11.17","1.04","749877500.65","Makkajo'xori"
"13850","40-60 sm","Gill","36.03","1.54","6.88","2.07","37.43","22.03","467.02","2.32","442.99","78.068214285714","47.65","9.15","1.49","11.48","0.83","1231245493.26","Makkajo'xori"
"13851","40-60 sm","Qum","36.08","1.5","6.27","1.28","53.25","27.05","465.6","3.15","436.6","79.537857142857","42.5","10.35","","11.26","1","1385655398.76","Makkajo'xori"
"13853","40-60 sm","Loy","38.02","1.56","6.1","1.01","50.97","19.98","493.76","2.45","462.64","81.0075","46.9","8.15","0.86","13.51","1","1564285892.64","Makkajo'xori"
"13854","40-60 sm","Loy","33.2","1.6","6.25","2.43","44.27","22.85","437.26","2.3","382.06","82.477142857143","46.44","7.12","1.82","14.33","1.09","787070484.29","Makkajo'xori"
"13860","40-60 sm","Qumoq","39.59","1.35","7.67","0.66","56.72","19.92","522.84","3.06","464.78","83.946785714286","50.24","9.98","0.97","11.26","0.73","1796210261.71","Makkajo'xori"
"13861","40-60 sm","Gill","32.46","1.41","7.89","1.56","39.37","18.04","436.64","2.65","381.87","85.416428571429","57.11","10","1.31","11.05","0.66","906365225.58","Makkajo'xori"
"13863","40-60 sm","Loy","30.13","1.44","8.8","1.33","34.37","17.62","430.89","1.95","378.54","86.886071428571","","9.35","0.95","11.26","0.4","526428351.02","Makkajo'xori"
"13864","40-60 sm","Loy","41.76","1.4","6.09","0.61","40.86","26.92","536.8","3.53","493.63","88.355714285714","36.73","6.98","1.21","7.55","1.1","1796493603.02","Makkajo'xori"
"13867","40-60 sm","Qum","36.1","1.5","7.35","3.59","48.84","17.35","466.3","2.92","432.19","89.825357142857","66.93","10.53","1.96","14.04","0.77","1246514149.51","Makkajo'xori"
"13869","40-60 sm","Loy","38.54","1.42","8.17","1.98","41.13","19.55","489.96","2.19","438.58","91.295","43.44","8.59","1.24","10.68","0.59","1328284891.34","Makkajo'xori"
"13872","40-60 sm","Qum","35.67","1.39","6.99","4.49","42.11","21.45","448.81","2.53","397.1","92.764642857143","82.72","7.4","2.66","9.89","0.69","1132833016.35","Makkajo'xori"
"13873","40-60 sm","Loy","40.23","1.44","6.01","1.19","54.77","27.23","525.07","2.63","474.35","94.234285714286","48.02","","","11.73","1.27","2128685134.17","Makkajo'xori"
"13874","40-60 sm","Loy","36.21","1.47","6.14","1.47","37.55","21.16","487.97","2.88","436.78","95.703928571429","78.82","9.82","2.56","14.61","1.33","1468388834.75","Makkajo'xori"
"313","20-40 sm","Gill","14.24","1.52","7.54","3.46","26.02","16.2","351.48","1.53","332.12","37.31","53.69","9.38","1.11","6.98","0.8","377539893.33","Paxta"
"314","20-40 sm","Loy","26.35","1.57","8.59","4.8","24.33","15.3","333.82","1.66","296.75","37.77","59.5","","1.03","6.98","0.31","271121892.95","Paxta"
"315","20-40 sm","Gill","24.3","1.71","6.34","2.36","18.79","11.51","331.55","1.12","","28.58","41.79","12.01","2.27","","1.08","137592602.99","Paxta"
"316","20-40 sm","Loy","25.58","1.72","8.6","4.13","20.87","12.03","318.86","1.1","311.86","23.06","59.85","8.08","1.03","6.69","0.46","","Paxta"
"317","20-40 sm","Gill","13.98","1.65","8.74","5.3","14.06","8.08","314.16","0.67","294.48","46.72","65.93","7.36","0.51","6.43","0.29","70625889.93","Paxta"
"319","20-40 sm","Qum","29.92","1.68","7.67","3.4","26.83","17.21","370.75","1.61","356.68","52.63","58.92","10.29","1.72","","0.72","331830741.01","Paxta"
"321","20-40 sm","Gill","21.53","1.59","7.07","4.11","34.41","21.64","361.46","1.88","329.66","21.92","","","1.92","8.51","0.77","569897622.96","Paxta"
"322","20-40 sm","Gill","21.6","1.64","8.39","4.45","23.48","15.13","381.17","1.99","355.43","","","7.57","1.03","6.83","0.49","570903727.84","Paxta"
"323","20-40 sm","Qum","29.52","1.78","8.81","4.93","14.07","10.5","327.39","1.02","277.54","34.34","","7.06","0.77","5.61","0.4","157357672.14","Paxta"
"325","20-40 sm","Qum","28.87","1.58","8.66","5.22","38.91","24.56","389.27","2.44","369.91","44.81","74.35","8.68","1","6.97","0.31","709271160.76","Paxta"
"330","20-40 sm","Gill","15.08","1.46","8.11","1.3","40.61","29.54","469.33","3.44","424.04","21.79","46.13","10.6","1.56","7.43","0.61","1123113301.06","Paxta"
"331","20-40 sm","Qum","16.36","1.64","7.16","5.2","22.49","16.13","361.05","1.71","334.49","61.4","","9.59","1.67","7.49","0.92","338611504.92","Paxta"
"332","20-40 sm","Qum","27.56","1.38","6.82","3.31","31.59","19.38","317.75","1.66","285.9","24.48","","9.4","1.67","9.13","1","437515734.38","Paxta"
"333","20-40 sm","Loy","26.48","1.69","8.64","5.13","15.85","9.16","288.56","0.86","278.67","","69.75","7.38","0.34","7.04","0.4","103364211.24","Paxta"
"334","20-40 sm","Loy","25.94","1.72","8.9","4.35","9.65","6.78","339.29","0.65","323.29","25.31","51.39","5.68","0.53","5.25","0.47","51636142.46","Paxta"
"336","20-40 sm","Qum","26.26","1.48","8.16","2.15","41.48","21.13","404.6","2.23","377.98","20.64","41.87","8.16","","6.27","0.65","674375470.24","Paxta"
"339","20-40 sm","Loy","18.93","1.61","7.48","4.64","32.17","19.17","380.57","1.9","352.37","20.51","66.19","9.59","1.84","8.64","0.92","566542664.67","Paxta"
"340","20-40 sm","Qum","21.13","1.66","8.24","3.44","21.26","11.66","321.88","1.05","318.15","31.46","63.21","9.76","1.08","6.31","0.55","147692396.87","Paxta"
"342","20-40 sm","Loy","15.74","1.55","6.28","3.22","33.84","15.36","340.4","1.93","347.28","33.43","60.4","12.47","1.9","8.38","1.16","434461892","Paxta"
"344","20-40 sm","Loy","20.9","1.54","7.29","1.04","33.6","20","386.64","1.94","","21.17","","8.39","1.61","7.7","0.95","437705470.88","Paxta"
"345","20-40 sm","Qum","22.61","1.65","8.6","3.54","22.18","11.58","349.39","1.3","320.92","20.19","47.83","9.71","0.72","6.56","0.56","199204182.76","Paxta"
"346","20-40 sm","Qum","15.87","1.73","8.86","4.33","11.67","8.08","323.74","0.65","322.42","49.19","52","7.48","1.12","6.52","0.27","75555316.14","Paxta"
"348","20-40 sm","Gill","20.14","1.65","8.16","3.98","16.14","8.97","342.94","0.79","325.65","25.08","51.58","8","0.41","7.76","0.63","90125080.65","Paxta"
"349","20-40 sm","Qum","17.63","1.76","7.29","2.89","23.41","14.3","358.04","1.6","327.99","20.19","41.1","","1.19","9.02","0.75","244982755.76","Paxta"
"350","20-40 sm","Qum","26.92","1.69","7.95","4.01","8.29","8.32","281.62","0.66","287.9","22.26","55.19","7.55","0.85","7.32","0.66","","Paxta"
"351","20-40 sm","Qum","29.01","1.56","7.73","2.8","42.91","20.56","379.9","2.22","345.05","22.56","46.8","10.48","1.42","8.73","0.61","728893381.39","Paxta"
"352","20-40 sm","Qum","18.52","1.56","8.22","4.36","19.02","8.59","326.05","1.11","314.86","42.51","68.18","","0.61","7.16","0.67","123485330.09","Paxta"
"355","20-40 sm","Gill","15.66","1.73","7.81","2.61","32.61","19.74","387.59","2.23","362.94","24.32","47.9","10.14","0.79","7.71","","528149972.89","Paxta"
"356","20-40 sm","Qum","19.63","1.38","8.62","2.87","21.64","12.94","345.57","1.21","330.07","21.2","54.02","6.15","0.79","5.77","0.57","219961309.87","Paxta"
"357","20-40 sm","Qum","15.1","1.4","8.06","1.67","32.2","17.76","400.6","1.98","","52.81","36.47","10.35","0.96","7.58","0.72","514157646.75","Paxta"
"360","0-30","Qumoq","14.82","1.6","8.25","3.94","38.95","21.42","403.79","2.1","359.38","32.84","62.24","8.58","1.23","7.04","0.41","806458625.94","Paxta"
"361","0-30","Qumoq","15.69","1.6","8.94","3.37","16.19","11.76","401.15","1.16","380.13","21.2","55.85","7.75","0.85","6.66","0.2","212527170.43","Paxta"
"362","20-40 sm","Qum","17.38","1.53","8.19","4.07","15","10.42","342.67","0.74","318.83","26.35","54.89","7.16","1.53","7.7","0.44","95699513.63","Paxta"
"363","20-40 sm","Qum","27.59","1.76","6.5","3.55","17.36","9.14","304.65","0.84","281.9","23.05","58.61","12.68","1.92","9.28","1","98942109.14","Paxta"
"366","20-40 sm","Gill","11.62","1.61","6.87","2.99","36.17","18.22","402.22","2.35","359.04","24.41","47.7","13.21","2.02","8.52","0.96","771595278.6","Paxta"
"370","20-40 sm","Qum","19.57","1.55","7.02","3.96","38.3","24.94","431.57","2.4","372.45","24.47","","","1.79","8.18","0.84","861803264","Paxta"
"374","20-40 sm","Loy","24.02","1.7","8.44","4.97","12.03","8.96","349.58","0.75","295.3","48.87","66.47","7.59","","6.29","0.49","81236933.4","Paxta"
"378","20-40 sm","Loy","23.06","1.61","6.74","2.8","45.18","23.97","400.04","2.3","395.49","21.56","42.36","12.49","1.93","8.48","1.06","","Paxta"
"380","20-40 sm","Qum","24.62","1.59","8.48","4.01","27.52","17.04","387.57","1.9","359.32","68.33","53.58","7.51","1.54","7.04","0.53","424002257.45","Paxta"
"381","20-40 sm","Gill","22.81","1.76","8.98","5.15","9.97","7.65","327.57","0.65","310.24","58.5","57.19","6.27","0.36","6.63","0.34","62573351.08","Paxta"
"383","20-40 sm","Loy","17.89","1.77","8.53","4.27","13.64","9.93","330.77","0.84","269.56","37.48","51.52","6.9","0.87","6.38","0.53","93337405.62","Paxta"
"385","20-40 sm","Loy","24.42","1.63","7.53","3.65","39.19","23.49","398.19","2.85","371.64","23.59","63.35","8.73","1.74","7.8","0.71","1010707554.64","Paxta"
"386","0-30","Qum","21.41","1.68","7.67","5.15","36.37","21.96","429.9","2.8","409.38","28.31","71.14","9.09","1.47","7.72","0.71","926538809.82","Paxta"
"388","20-40 sm","Loy","10.47","1.53","7.55","1.48","30.52","20.47","370.52","2.04","341.69","25.2","40.67","11.74","1.3","9.03","0.76","619484512.42","Paxta"
"389","20-40 sm","Loy","22.54","1.72","8.93","5.25","10.55","7.9","336.09","0.63","321.54","57.35","62.77","6.67","0.28","6.44","0.31","60764610.02","Paxta"
"390","0-30","Qum","25.85","1.46","7.99","3.81","50.41","25.52","455.04","3.51","374","23","64.1","9.49","1.81","7.72","0.54","","Paxta"
"391","20-40 sm","Gill","17.96","1.57","6.46","1.77","37.53","18.76","383.41","1.9","355.45","71.49","40.55","11.74","2.42","8.3","1.14","559182138.48","Paxta"
"393","20-40 sm","Gill","14.06","1.68","8.41","1.32","35.74","15.59","417.54","1.68","402.58","39.66","36.36","8.4","1.01","7.28","0.45","520557795.87","Paxta"
"394","20-40 sm","Loy","24.96","1.44","6.94","3.28","54.4","27.28","430.54","3.37","388.46","20.22","57.44","13.81","1.77","9.01","0.93","1146567705.34","Paxta"
"395","20-40 sm","Gill","17.84","1.47","6.14","1.61","48.41","22.65","401.08","2.71","342.05","40.6","50.48","12.04","2.45","","1.33","1202341339.03","Paxta"
"396","20-40 sm","Gill","13.61","1.74","7.05","5.02","21.57","13.18","349.45","1.06","352.61","23.08","54.4","8.61","1.87","8.45","0.91","115200908.83","Paxta"
"397","20-40 sm","Gill","27.92","1.7","6.6","4.24","25.46","14.18","356.02","1.49","338.95","38.28","57.49","12.16","1.97","8.77","0.92","214957195.78","Paxta"
"398","0-30","Loy","16.92","1.47","8.06","4.04","39.38","22.85","404.18","2.67","374.3","24.62","56.02","10.21","1.13","7.21","0.4","","Paxta"
"401","20-40 sm","Gill","22.82","1.43","6.19","3.25","41.34","23.86","382.74","2.42","379.5","31.51","57.9","12.32","2.1","9.7","1.02","661936575.51","Paxta"
"402","20-40 sm","Qum","13.41","1.42","7.24","0.96","42.23","17.39","395.16","2.37","360.34","23.61","","9.58","1.5","8.61","0.84","728219843.09","Paxta"
"403","20-40 sm","Qum","25.56","1.56","7.28","4.78","33.55","23.85","388.71","2.33","371.62","20.21","74.05","9.6","1.54","7.54","0.81","791324128.89","Paxta"
"404","20-40 sm","Gill","27.57","1.68","8.14","4.12","19.88","11.06","326.06","1.27","310.15","43.65","52.96","7.1","1.75","7.71","0.61","227600690.89","Paxta"
"405","20-40 sm","Qum","29.6","1.55","6.88","2.55","45.04","20.62","371.85","2.5","349.94","21.08","60.4","12.99","1.74","9.67","0.83","775604972.25","Paxta"
"408","20-40 sm","Gill","16.71","1.79","7.06","4.71","15.1","10.61","292.72","0.82","306.79","50.62","60.21","10.45","1.88","7.89","0.77","80494324.87","Paxta"
"409","20-40 sm","Gill","18.51","1.54","8.65","4.92","27.8","16.72","378.44","1.87","331.51","44.44","67.25","7.21","0.32","6.79","0.37","378463946.26","Paxta"
"411","20-40 sm","Qum","17.48","1.54","8.14","4.76","24.31","13.43","393.53","1.4","363.76","54.11","59.85","7.71","0.77","6.3","0.36","251966188.94","Paxta"
"412","20-40 sm","Gill","19.17","1.68","7.28","4.53","14.88","9.86","312.03","0.93","320.09","20.04","56.84","9.71","1.31","8.65","0.81","135272187.3","Paxta"
"414","20-40 sm","Loy","29.16","1.53","8.03","4.94","18.23","10.74","359.93","1.28","","75.23","57.02","8.98","1.29","7.35","","193646239.43","Paxta"
"415","20-40 sm","Gill","22.77","1.77","8.64","5.33","23.84","15.6","381.36","1.37","394.77","44.98","72.57","5.66","1.15","6.78","0.33","309831819.39","Paxta"
"416","20-40 sm","Gill","28.11","1.42","8.1","1.76","36.69","18.68","415.02","2.1","386.4","","29.76","","1.18","6.88","0.54","694671748.32","Paxta"
"418","20-40 sm","Qum","19.46","1.59","6.33","0.89","50.26","24.27","380.91","2.52","352.45","27.72","29.53","13.92","2.85","9.68","0.93","1056420589.49","Paxta"
"419","20-40 sm","Gill","25.31","1.64","7.67","3.53","28.15","14.85","361.62","1.84","338.66","20.86","54.91","8.95","1.98","7.85","0.75","331734018.67","Paxta"
"420","20-40 sm","Qum","26.18","1.62","7.31","4.88","19.87","11.8","352.09","1.23","330.94","62.84","61.49","10.01","1.37","7.39","0.53","192668693.87","Paxta"
"421","20-40 sm","Gill","15.05","1.71","7.05","4.03","20.73","12.29","334.16","1.29","330.17","","62.43","10.82","1.71","7.95","0.73","","Paxta"
"422","20-40 sm","Qum","16.95","1.74","8.58","4.87","16.97","11.23","366.35","0.96","325.16","59.57","","6.8","1.12","6.99","0.38","100911549.14","Paxta"
"423","20-40 sm","Qum","22.55","1.69","8.95","3.73","16.79","11.07","343.47","0.8","322.25","33.12","","6.13","1.24","5.79","0.4","92931834.34","Paxta"
"424","20-40 sm","Gill","25.75","1.74","6.79","2.98","23.4","11.64","322.99","1.32","326.8","63.42","50.46","10.91","1.06","8.69","0.95","223768996.8","Paxta"
"425","20-40 sm","Gill","21.27","1.69","8.1","4.55","24.44","13.5","322.8","1.17","293.01","45.69","65.42","8.08","1.11","","0.64","","Paxta"
"427","0-30","Qum","28.94","1.46","8.28","4.05","37.28","22.91","456.35","2.58","443.84","34.77","69.96","9.6","1.14","7.68","0.54","1005376984.63","Paxta"
"428","20-40 sm","Gill","23.95","1.72","8.74","5.28","8","8.13","325.9","0.74","317.83","34.17","57.93","8.85","0.78","6.71","0.4","65935638.88","Paxta"
"429","20-40 sm","Loy","19.28","1.73","8.51","4.06","19.94","15.23","374.81","1.36","353.41","","54.68","9.2","1.21","6.04","0.52","282821153.89","Paxta"
"430","20-40 sm","Loy","26.02","1.56","7.83","0.98","33.62","22.78","406.85","2.07","348.81","36.9","34.03","9.99","1.68","8.69","0.6","725519127.97","Paxta"
"431","20-40 sm","Gill","28.97","1.39","7.12","1.2","38.5","19.27","369.46","2.13","339.37","66.08","36.74","9.69","1.79","8.37","0.8","636126643.37","Paxta"
"432","20-40 sm","Qum","14.34","1.42","8.56","3.33","28.54","17","399.93","1.45","365.37","20.8","53.37","7","0.55","6.79","0.29","351975513.33","Paxta"
"435","20-40 sm","Gill","26.79","1.63","6.03","4.43","40.17","23.07","371.92","2.66","352.16","22.38","","12.29","2.76","","1.27","814272021.82","Paxta"
"439","20-40 sm","Qum","22.84","1.67","8.63","3","25.46","18.04","375.64","1.65","361.05","34.12","48.28","8.72","0.45","6.82","0.5","421931546.09","Paxta"
"440","20-40 sm","Gill","13.95","1.57","8.29","4.48","29.36","19.3","388.66","2","348","23.65","60.55","10.01","0.92","7.5","0.46","533684697.77","Paxta"
"443","20-40 sm","Gill","25.69","1.51","7.85","3.9","29.39","16.15","372.18","1.54","364.33","29.11","59.33","8.05","1.1","7.3","0.83","354599048.88","Paxta"
"444","20-40 sm","Loy","24.83","1.72","8.81","5.38","10.91","8.44","344.32","0.53","327.97","32.73","","6.45","0.31","6.66","0.3","45309288.93","Paxta"
"445","20-40 sm","Gill","24.14","1.61","7.06","3.44","37.5","18.16","331.82","2.26","327.77","71.9","51.11","8.72","1.97","8.38","0.92","","Paxta"
"446","20-40 sm","Loy","23.48","1.59","6.33","3.74","32.58","18.36","382","1.92","365.71","22.22","57.64","11.8","2.41","9.08","1.16","465621784.42","Paxta"
"447","20-40 sm","Gill","15.76","1.77","7.48","4.98","19.58","15.48","340.32","1.33","309.87","21.62","61.55","11.71","0.84","7.81","","329927704.18","Paxta"
"448","20-40 sm","Loy","17.44","1.72","6.76","3.71","18.58","10.13","337.16","0.95","310.1","29.81","51.05","10.45","2.06","8.82","1.01","92882218.85","Paxta"
"450","20-40 sm","Gill","18.22","1.56","6.34","2.01","27.23","15.08","323.55","1.9","341.78","33.43","45.76","11.24","1.93","","","427819088.03","Paxta"
"451","20-40 sm","Loy","21.61","1.65","8.64","4.02","24.91","15.37","379.55","1.19","336.72","22.25","46.79","8.33","1.23","7.34","0.47","260838216.43","Paxta"
"454","20-40 sm","Gill","24.76","1.7","8.26","4.01","15.38","10.07","309.26","0.69","305.26","57.91","48.55","8.06","0.84","6.51","0.59","77398318.03","Paxta"
"456","20-40 sm","Gill","29.59","1.52","7.72","2.37","32.62","17","397.39","2.08","377.04","21.13","41.49","10.11","1.56","7.21","0.65","560589431","Paxta"
"460","20-40 sm","Qum","29.46","1.7","8.34","3.11","33.48","17.52","380.06","1.97","355.2","24.26","44.37","5.68","0.9","6.86","0.5","471097332.62","Paxta"
"462","20-40 sm","Loy","25.07","1.47","6.86","3.44","47.51","20.23","380.93","2.46","347.46","20.21","53.24","11.02","1.32","8.51","0.95","868539398.32","Paxta"
"464","20-40 sm","Qum","23.59","1.69","8.38","5.08","11.62","10.32","326.9","0.6","313.6","55.11","64.86","7.99","0.76","6.19","","56943562.78","Paxta"
"467","20-40 sm","Qum","14.84","1.64","7.32","2.3","45.31","24.07","418.92","2.7","396.28","44.02","52.45","10.92","","8.57","0.74","924888135.04","Paxta"
"468","0-30","Qumoq","23.42","1.58","8.82","3.59","41.29","20.37","409.78","2.44","371.38","38.79","63.6","8.52","0.95","6.32","0.27","921493828.93","Paxta"
"471","20-40 sm","Qum","18.35","1.34","7.55","3.93","41.63","24.07","399.93","2.82","380.08","24.31","","8.82","1.66","7.62","","895940077.91","Paxta"
"472","20-40 sm","Gill","15.37","1.67","8.4","2.79","21.82","14.19","365.63","1.26","350.97","24.68","49.41","7.79","0.97","5.96","0.56","217833417.08","Paxta"
"474","20-40 sm","Qum","24.7","1.7","7.91","3.17","11.95","7.62","340.04","0.69","321.85","75.35","50.18","8.77","1.06","7","0.65","81856877.41","Paxta"
"475","20-40 sm","Gill","15.23","1.61","7.05","2.59","24.08","12.01","352.32","1.43","318.97","20.02","43.99","10.33","2.25","8.57","0.99","253274610.9","Paxta"
"478","20-40 sm","Gill","18.57","1.55","6.97","2.14","26.23","14.59","332.58","1.21","318.86","34.73","36.4","","1.52","8.07","1.01","","Paxta"
"481","20-40 sm","Gill","11.59","1.44","7.99","1.15","44.21","21.55","418.9","2.77","380.28","63.57","48.33","12.61","1.25","7.67","0.6","932230112.61","Paxta"
"482","20-40 sm","Gill","27.87","1.61","7.46","3.3","26.83","21.41","357.87","2.13","352.11","27.7","49.41","9.54","0.96","7.09","0.69","471255590.48","Paxta"
"483","20-40 sm","Qum","18.32","1.45","6.57","2.6","31.76","15.66","377.31","1.58","339.35","44.62","50.76","9.58","2.18","8.42","0.96","372215739.1","Paxta"
"485","20-40 sm","Loy","25.43","1.53","8.41","3.4","24.96","13.54","371.41","1.55","346.88","20.28","57.28","9.05","0.65","6.49","0.27","373559547.85","Paxta"
"487","0-30","Qum","21.77","1.46","7.98","2.98","45.6","21.93","416.23","2.73","393","21.04","61.27","8.84","1.16","","0.53","1058519429.04","Paxta"
"488","0-30","Qumoq","19.1","1.51","8.31","4.63","33.16","21.81","444.46","2.41","400","","64.61","10.14","1.4","","0.33","834197765.11","Paxta"
"492","20-40 sm","Loy","13.1","1.76","8.3","4.55","14.97","8.86","313.13","0.85","307.22","48.85","53.36","9.98","1.29","6.26","0.75","85700375.86","Paxta"
"494","20-40 sm","Loy","22.32","1.67","8.95","4.94","17.48","8.97","343.07","1.04","327.33","21.88","61.15","7.08","0.6","6.49","0.33","166615435.24","Paxta"
"495","20-40 sm","Loy","16.26","1.67","7.7","1.66","36.61","16.5","345.07","2.01","312.08","24.7","40.49","10.2","1.55","8.15","0.61","538993497.38","Paxta"
"497","20-40 sm","Qum","14.02","1.57","6.78","2.07","56.36","25.52","452.7","3.37","389.08","56.81","48.03","13.72","2.03","","0.89","1484700393.99","Paxta"
"498","20-40 sm","Gill","29.15","1.55","6.69","2.28","24.66","15.65","361.59","1.48","333.73","21.22","46.63","11.66","1.09","8.2","0.85","","Paxta"
"499","0-30","Qum","15.76","1.51","8.74","3.43","32.76","19.14","400.1","2.36","383.18","38.42","62.03","8.62","0.46","","0.44","674605776.8","Paxta"
"500","20-40 sm","Gill","25.21","1.47","6.64","1.69","39.15","19.13","375.93","2.15","346.61","29.92","46.54","11.57","1.9","8.77","0.82","799409707.29","Paxta"
"501","20-40 sm","Gill","18.27","1.71","7.71","3.7","28.16","18.56","348.68","1.44","342.24","","54","8.56","1.42","7.89","0.51","318307395.44","Paxta"
"502","0-30","Qum","17.65","1.38","8.45","3.1","43.26","20.14","439.41","2.28","399.74","39.3","52.9","10.76","1.2","7.29","0.45","805948162.47","Paxta"
"507","20-40 sm","Qum","19.82","1.47","6.56","1.59","46.91","27.78","435.88","3.01","398.02","31.93","33.98","12.79","2.04","7.96","1.07","1061078231.36","Paxta"
"509","20-40 sm","Gill","22.37","1.69","8.63","3.69","12.59","9.47","340.73","0.8","333.22","35.48","50.64","9.33","0.28","6.89","0.42","66477161.72","Paxta"
"510","20-40 sm","Qum","13.8","1.42","6.1","2.67","34.23","21.7","412.55","2.89","364.39","22.38","54.91","12.18","2.15","10.03","1.2","891633438.52","Paxta"
"511","20-40 sm","Gill","20.07","1.57","7.61","3.38","25.05","15.4","353.99","2.06","334.3","26.93","45.96","9.6","1.68","6.79","0.61","","Paxta"
"516","20-40 sm","Loy","13.86","1.68","8.47","4.71","17.41","10.14","341.91","1","321.2","50.18","56.61","9.18","0.96","7.44","0.56","","Paxta"
"518","20-40 sm","Gill","15.94","1.58","7.37","4.18","36.34","17.62","407.24","2.29","359.22","33.89","70.68","10.95","1.95","8.7","0.98","768901775.63","Paxta"
"519","20-40 sm","Gill","19.45","1.42","8.49","4.23","26.71","12.37","355.1","1.38","337.34","33.12","65.51","8.57","1.14","6.95","0.26","311445561.98","Paxta"
"521","20-40 sm","Loy","19.42","1.51","8.77","4","26.41","14.72","351.65","1.68","336.18","28.55","","7.1","0.59","6.7","0.36","406941716","Paxta"
"522","0-30","Qumoq","26.31","1.54","8.06","3.58","37.03","23.67","411.83","2.7","399.11","24.88","45.48","10.42","0.77","8.09","0.47","1047922812.32","Paxta"
"523","20-40 sm","Qum","26.67","1.71","8.08","4.21","14.71","9.79","353.07","1.13","347.7","25.55","61.79","7.77","1.03","","0.61","197167838.14","Paxta"
"526","20-40 sm","Qum","12.07","1.62","8.82","1.61","26.61","14.45","418.01","1.49","365.26","42.18","35.55","7.17","0.37","6.31","0.32","250793658.37","Paxta"
"527","20-40 sm","Gill","22.86","1.53","7.7","4.84","23.88","13.33","341.58","1.13","325.34","40.67","67.97","8.87","1.35","6.87","0.54","197597546.63","Paxta"
"528","20-40 sm","Loy","24.65","1.64","6.71","2.69","33.9","18.69","359.77","2.03","325.6","29.37","42.76","10.73","2.96","9.53","1.08","525506674.72","Paxta"
"530","20-40 sm","Gill","20.18","1.42","7.14","3.91","36.55","18.07","348.29","2.23","294.66","55.3","66.35","11.02","1.23","7.73","0.85","583568677.56","Paxta"
"531","20-40 sm","Loy","25.23","1.65","8.54","0.86","47.2","24.82","430.26","3.04","353.15","36.06","41.53","8.24","1.01","8.4","0.54","1091671639.37","Paxta"
"532","20-40 sm","Loy","15.19","1.63","6.65","3.29","39.01","22.47","408.55","3.03","398.3","22.2","58.56","10.84","2.56","9.63","0.81","914861939.84","Paxta"
"535","20-40 sm","Qum","17.4","1.41","6.51","1.5","32.89","16.85","377.1","1.71","349.03","20.47","38.72","12.1","1.81","9.64","1.08","446042793.04","Paxta"
"538","20-40 sm","Gill","26.01","1.61","8.23","4.41","26.5","14.62","336.63","1.68","331.4","24.74","57.78","8.71","0.66","6.38","0.73","335341650.67","Paxta"
"539","20-40 sm","Loy","27.48","1.66","6.78","4.96","13.82","11.1","313.95","0.84","310.13","31.13","54.76","10.13","2.15","8.01","1.15","108106183.12","Paxta"
"540","20-40 sm","Loy","11.63","1.59","7.18","4.64","31.56","19.7","378.8","2.09","329.8","22.11","61.79","12.33","1.37","7.75","0.94","","Paxta"
"541","20-40 sm","Gill","16.87","1.66","6.84","4.73","21.56","12.16","343.79","1.34","347.84","53.45","56.15","11.13","1.52","8.83","0.95","194436829.66","Paxta"
"542","20-40 sm","Gill","26.65","1.71","8.57","5.13","27.28","13.36","344.51","1.22","303.1","37.24","68.34","9.79","1.48","6.5","0.36","273558773.95","Paxta"
"543","20-40 sm","Gill","23.53","1.76","7.47","4.11","27.56","15.94","357.7","1.77","316.98","22.46","58.99","10.18","1.49","8.06","0.64","382235657.27","Paxta"
"545","20-40 sm","Gill","17.86","1.66","7.12","4.84","23.82","11.56","295.52","1","273.89","26.37","59.22","11.63","1.97","7.85","0.84","143273190","Paxta"
"546","20-40 sm","Loy","17.52","1.62","7.75","4.73","21.42","13.24","386.07","1.29","364.39","48.7","67.38","10.03","0.76","7.81","0.76","292536419.1","Paxta"
"548","20-40 sm","Qum","27.32","1.73","8.77","5.19","19.65","12.64","352.04","0.99","341.26","25.7","64.69","7.73","0.91","7.05","0.46","147733560.53","Paxta"
"549","20-40 sm","Qum","17.21","1.59","6.38","2.6","48.71","20.8","402.92","2.26","368.32","30.59","54.04","12.8","2.14","9.46","1.14","818917358.35","Paxta"
"550","20-40 sm","Gill","28.06","1.53","8.53","4.4","20.89","13.13","348.91","1.22","338.57","29.69","","7.45","1.32","7.07","0.47","169875452.51","Paxta"
"551","20-40 sm","Qum","13.07","1.41","8.46","3.27","35.37","17.56","399.96","2.07","372.55","35.7","56.94","10.01","0.71","6.91","0.37","656472789.18","Paxta"
"552","20-40 sm","Qum","23.64","1.76","6.92","4.58","25.08","17.01","335.02","1.41","328.3","37.31","66.38","11.35","1.64","8.71","0.89","324933181.62","Paxta"
"555","20-40 sm","Gill","29.02","1.56","8.17","4.21","13.99","10.85","330.39","0.92","308.4","33.32","64.77","7.82","0.58","6.33","0.84","140125701.7","Paxta"
"556","20-40 sm","Loy","28.59","1.69","8.88","5.04","16.73","10.48","331.1","1.14","312.8","22.71","70.96","7.16","0.11","6.38","0.3","175186086.72","Paxta"
"557","20-40 sm","Qum","19.42","1.62","6.79","1.12","22.98","15.05","374.16","1.46","367.88","35.83","30.31","9.8","1.9","8.54","0.89","374067204.37","Paxta"
"558","20-40 sm","Qum","14.11","1.72","7.68","4.44","20.35","11.47","350.63","0.89","295.86","22.21","52.63","9.98","1.27","6.67","0.58","119355351.55","Paxta"
"559","20-40 sm","Gill","27.16","1.65","7.91","3.2","16.15","12.04","338.55","0.87","299.5","39.17","51.52","8.37","1.06","7.24","0.62","126908211.63","Paxta"
"561","20-40 sm","Loy","29.4","1.45","7.1","4.64","46.07","20.8","428.81","3.16","385.62","20.88","71.89","11.45","2.1","8.85","0.86","1154203878.59","Paxta"
"562","20-40 sm","Gill","17.19","1.68","8.39","4.63","18.63","11.76","312.26","0.92","266.67","43.63","61.14","9.1","0.62","6.84","0.54","121758659.49","Paxta"
"563","20-40 sm","Gill","19.35","1.5","6.92","4.2","26.8","17.27","400.74","2.07","368.37","","61.3","13.39","1.85","8.62","1.02","439722847.69","Paxta"
"564","20-40 sm","Loy","15.62","1.73","7.8","4.39","23.79","14.13","333.01","1.37","307.03","20.18","53.96","11.55","1.92","7.9","0.53","230484203.91","Paxta"
"565","20-40 sm","Gill","13.13","1.6","6.71","4.83","31.89","14.36","362.75","1.5","325.16","23.51","69.54","11.09","2.09","8.66","1.03","309195082.4","Paxta"
"566","20-40 sm","Gill","18.71","1.73","7.93","4.38","26.02","14.39","370.53","1.26","344.45","32.94","58.4","8.27","1.48","6.58","","225866921.47","Paxta"
"568","20-40 sm","Gill","20.36","1.67","8.26","2.67","36.01","20.24","414.65","2.03","355.43","20.02","37.82","10.01","0.42","6.92","0.53","599597626.52","Paxta"
"569","20-40 sm","Gill","19.65","1.71","8.3","4.13","24.66","11.88","352.57","1.27","339.94","26.48","48.69","7.28","0.72","7.27","0.51","","Paxta"
"571","20-40 sm","Loy","20.33","1.64","7.6","4.79","21.11","12.22","353.25","1.19","340.24","39.53","62.68","10.61","","7.3","0.68","232265424.62","Paxta"
"573","20-40 sm","Qum","20.59","1.69","8.04","4.93","18.46","10.62","335.27","1.08","327.58","25.91","68.17","8.8","0.57","7.18","0.61","129635234.53","Paxta"
"574","20-40 sm","Gill","29.31","1.76","8.42","4.81","21.73","12.53","384.82","1.33","","21.39","69.2","7.57","0.82","6.8","0.57","","Paxta"
"576","20-40 sm","Qum","16.54","1.67","7.99","2.79","32.66","15.77","379.43","1.83","354.32","55.72","57.02","9.03","0.6","","0.72","391526739.76","Paxta"
"577","20-40 sm","Qum","23.87","1.58","7.35","2.28","25.76","13.37","338.58","1.3","328","42.71","38.35","10.12","1.38","8.62","0.74","267610400.63","Paxta"
"578","20-40 sm","Gill","20.05","1.51","8.38","2.38","36.48","19.49","443.59","2.55","424.23","27.6","46.07","7.84","1.17","6.98","0.39","851190850.11","Paxta"
"581","0-30","Qum","17.21","1.48","8.67","3.95","37.16","23.65","416.1","2.48","395.87","28.63","68.18","8.98","1.26","6.75","0.53","820444348.88","Paxta"
"582","20-40 sm","Qum","23.92","1.69","8.69","4.07","9.49","7.74","299.79","0.63","270.86","51.76","61.25","7.03","0.48","6.16","0.52","75365130.4","Paxta"
"583","20-40 sm","Gill","18.48","1.57","7.71","1.6","30.49","18.29","389.78","2.1","355.67","66.56","34.03","9.44","1.38","7.56","0.79","511398918.92","Paxta"
"584","20-40 sm","Gill","14.16","1.59","7.19","2.77","26.74","17.17","372.35","1.81","352.81","23.03","57.75","10.11","1.66","8.61","0.92","377743163.24","Paxta"
"586","20-40 sm","Gill","20.29","1.66","8.3","5.2","33.38","17.98","363.77","2.05","344.58","29.7","70.67","10.25","1.66","6.66","0.7","541988216.36","Paxta"
"588","20-40 sm","Gill","16.16","1.44","7.5","2.55","41.85","22.05","390.73","2.27","361.54","21.48","47.83","10.65","1.89","","0.79","696966711.57","Paxta"
"589","20-40 sm","Qum","26.68","1.7","7.52","2.13","18.63","12.47","317.86","1.23","314.29","","35.27","9.95","1.03","7.5","0.87","217671601.78","Paxta"
"592","20-40 sm","Gill","27.42","1.68","8.89","4.91","17.26","11.16","325.86","0.82","287.84","32.6","60.46","7.67","0.75","6.55","0.39","102428410","Paxta"
"593","0-30","Qumoq","22.32","1.37","8.31","4.71","33.49","19.45","434.01","2.22","386.88","20.68","","10.03","1.23","6.86","0.47","","Paxta"
"595","20-40 sm","Loy","23.26","1.42","6.05","4.33","40.41","24.12","439.43","2.29","399.47","36.59","54.56","12.77","","9.99","1.07","770920857.16","Paxta"
"596","20-40 sm","Loy","13.82","1.8","8.12","4.78","8.87","7.36","325.65","0.63","295.78","47.52","55.03","8.84","0.63","7.39","0.5","","Paxta"
"597","20-40 sm","Loy","18.56","1.72","8.96","4.79","9.94","8.15","323.44","0.7","327.38","30.46","","4.77","0.67","6.35","0.29","64550788.58","Paxta"
"599","0-30","Qum","26.01","1.57","7.79","3.56","41.13","19.36","427.72","2.26","397.28","68.28","51.49","11.18","1.25","7.76","0.33","694105538.49","Paxta"
"601","20-40 sm","Qum","20.97","1.57","8.76","3.53","28.86","17.84","368.01","1.6","352.65","23.01","54.71","8.32","0.52","7.14","0.28","406246613.45","Paxta"
"602","20-40 sm","Gill","25.75","1.57","8.59","3.37","26.28","17.62","372.63","1.45","336.77","22.99","49.93","9.31","1.22","6.25","0.53","274503275.79","Paxta"
"604","20-40 sm","Gill","28.17","1.56","7.41","4.57","20.41","11.4","328.41","1.09","293.84","20.92","57.05","9.55","","7.81","0.86","197062831.4","Paxta"
"605","20-40 sm","Loy","14.05","1.54","7.45","2.54","52.59","24.61","453.67","2.94","405.84","25.22","48.91","10.16","1.25","8.25","0.76","1272037768.45","Paxta"
"607","20-40 sm","Gill","14.61","1.64","8.8","4.27","20.56","13.58","363.99","1.52","351.65","52.18","59.07","8.14","1.48","5.91","0.52","270289088.51","Paxta"
"611","20-40 sm","Gill","27.06","1.58","6.88","2.29","37.74","22.86","428.23","2.6","387.9","20.96","45.93","","2.1","8.44","0.93","738873509.86","Paxta"
"612","20-40 sm","Gill","23.95","1.75","8.84","5.29","13.69","9.57","356.19","0.68","337.43","","70.74","6.99","0.56","6.73","0.27","72955287.98","Paxta"
"613","20-40 sm","Loy","17.63","1.43","7.71","3.95","29.63","16.23","398.33","1.73","376.24","24.47","64.32","11.4","1.41","8.27","0.78","","Paxta"
"615","20-40 sm","Gill","18.14","1.3","7.69","1.65","40.03","26.34","423.1","2.74","377.86","50.91","39.66","8.93","1.67","8.37","0.68","890720030.6","Paxta"
"617","20-40 sm","Gill","21.82","1.46","6.07","3.87","52.63","25.8","422.82","2.96","399.58","28.65","54.6","12.44","3.24","9.22","1.27","1204868104.52","Paxta"
"620","0-30","Loy","18.84","1.54","7.92","2.78","26.13","18.64","400.93","2.14","352.32","27.28","45.65","9.65","1.29","7.73","0.48","511385289.7","Paxta"
"622","20-40 sm","Qum","24","1.71","8.75","5.45","8.68","8.18","347.64","0.76","326.85","52.1","73.85","7.24","0.6","6.74","0.3","71799231.88","Paxta"
"627","20-40 sm","Gill","15.94","1.49","7.79","2.31","39.67","17.65","392.83","2.02","378.06","21.43","46.7","9.46","1.21","7.03","0.62","","Paxta"
"628","0-30","Qumoq","24.7","1.66","8.1","3.44","61.59","25.65","413.95","3.05","372.19","59.06","56.84","8.6","1.24","","0.68","1127352429","Paxta"
"629","20-40 sm","Gill","22.66","1.55","7.36","3.88","27.97","14.26","373.86","1.67","333.99","27.71","61.82","11.21","1.28","8.21","","362824962.14","Paxta"
"631","20-40 sm","Loy","29.4","1.61","7.26","4.32","24.7","11.74","320.83","1.21","318.74","46.49","68.37","10.28","1.19","8.41","0.77","150844976.19","Paxta"
"634","20-40 sm","Gill","23.65","1.67","8.99","5.14","14.56","9.79","340.37","0.73","305.19","54.54","63.52","8.15","0.77","6.45","0.33","","Paxta"
"636","20-40 sm","Gill","16.12","1.78","7.99","1.97","14.51","9.09","305.78","0.86","297.45","25.67","31.48","8.14","0.66","7.29","0.64","123276063.07","Paxta"
"638","20-40 sm","Gill","19.98","1.68","7.42","4.68","17.77","10.88","326.24","1.13","328.69","48.41","65.57","11.41","1.16","8.61","0.83","180178685.03","Paxta"
"639","20-40 sm","Gill","29.62","1.67","8.46","2.96","19.28","14.28","324.05","1.15","313.04","30.48","45.8","8.34","1.01","6.83","0.56","155236064.35","Paxta"
"640","20-40 sm","Loy","25.9","1.46","8.93","5.18","17.93","12.1","327.52","1.02","307.41","21.46","64.01","7.74","1.01","5.93","0.38","163191254.68","Paxta"
"641","20-40 sm","Loy","17.62","1.62","8.95","5.02","34.82","17.46","377.84","1.76","356.52","39.47","72.18","6.45","1.06","7.12","0.39","","Paxta"
"645","0-30","Qumoq","13.96","1.55","7.97","2.73","34.13","17.24","422.51","2.07","397.24","26.86","45.03","11.84","1.54","8.08","0.71","502646483.71","Paxta"
"646","20-40 sm","Qum","17.06","1.53","7.54","1.95","55.22","28.13","451.38","2.81","407.06","37.65","52.64","9.93","1.43","7.95","0.92","","Paxta"
"648","20-40 sm","Loy","29.06","1.54","7.97","4.09","26.44","12.88","345.33","1.39","320.8","24.05","56.63","8.3","0.69","7.52","0.53","239543660.9","Paxta"
"649","20-40 sm","Qum","19.55","1.46","8.49","3.81","31.75","18.87","377.89","1.84","","66.19","58.83","8.61","0.85","7.49","0.52","514919713.48","Paxta"
"650","20-40 sm","Loy","25.98","1.69","8.31","5.15","22.29","12.17","372.37","1.24","367.66","24.99","69.69","9.57","0.98","7.13","0.5","230160700.85","Paxta"
"651","20-40 sm","Qum","14.1","1.71","8.49","4.53","15.22","11.93","361.2","1.12","349.17","32.74","58.87","7.25","1.58","6.79","0.71","144524214.96","Paxta"
"655","20-40 sm","Qum","29.18","1.5","8.29","4.97","29.45","19.47","396.71","1.84","369.66","21.72","69.17","9.94","1.52","7.66","0.41","479700458.79","Paxta"
"656","20-40 sm","Gill","22.35","1.62","8.98","4.23","19.44","14.65","328","1.23","301.14","26.1","58.08","9.2","0.73","6.72","0.28","265627144.03","Paxta"
"658","20-40 sm","Qum","20.89","1.77","7.89","3.39","19.84","13.13","319.56","1.18","283.72","31.67","57.57","8.21","1.06","8.48","0.61","206895394.49","Paxta"
"659","20-40 sm","Qum","29.07","1.73","7.74","2.12","22.57","17.06","375.21","1.63","355.59","","37.17","10.84","1.48","7.97","0.66","","Paxta"
"661","20-40 sm","Loy","27.53","1.57","7.97","3.53","25.07","12.78","381.39","1.22","353.63","20.76","","8.61","0.98","7.39","0.53","249711671.2","Paxta"
"662","20-40 sm","Loy","13.89","1.56","7.16","4.1","33.72","21.81","385.37","2.3","372.88","32.69","61.28","","1.56","8.91","0.95","","Paxta"
"665","20-40 sm","Loy","22.41","1.42","8.42","0.83","47.26","24.33","453.03","3.17","418.17","30.99","40.51","8.82","1.46","6.69","0.53","1092497432.43","Paxta"
"666","20-40 sm","Gill","14.98","1.54","7.18","1.87","31.37","14.85","361.95","1.36","318.81","52.4","41.58","9.99","0.78","7.98","0.9","","Paxta"
"668","20-40 sm","Gill","22.12","1.73","6.93","3.29","33.36","18.71","360.88","1.88","335.36","24.9","55","9.39","1.65","8.56","0.78","483174097.02","Paxta"
"670","20-40 sm","Qum","17.21","1.7","8.24","4.95","17.23","10.12","354.01","0.86","344.78","36.54","67.19","9.47","1.25","","0.61","77061169.44","Paxta"
"672","20-40 sm","Loy","14.67","1.78","7.71","3.41","22.42","13.08","312.1","1.2","260.94","23.78","47.39","7.79","1.13","7.3","0.6","","Paxta"
"673","20-40 sm","Gill","29.66","1.56","6.06","4.25","43.9","26.14","410.55","2.92","372.77","45.33","74.09","13.71","1.99","9.75","1.14","930843214.36","Paxta"
"675","20-40 sm","Qum","20.34","1.62","8.25","5.15","27.84","16.89","313.43","1.51","326.79","25.62","67.29","9.31","1.04","6.97","0.59","314951108.38","Paxta"
"676","20-40 sm","Loy","14.33","1.47","8.05","2.59","36.86","19.36","426.7","2.46","418.7","30.47","55.41","7.93","1.25","7.6","0.61","668693607.8","Paxta"
"677","20-40 sm","Qum","16.58","1.39","6.46","1.55","43.43","22.66","382.45","2.18","346.98","34.97","37.71","11.06","1.72","10.69","1.07","","Paxta"
"678","20-40 sm","Loy","11.14","1.79","8.9","4.64","15.26","10.74","342.26","0.81","311.42","32.26","58.61","5.7","0.64","6.45","0.26","67665902.07","Paxta"
"680","20-40 sm","Loy","23.78","1.7","8.39","1.74","12.3","8.22","306.57","0.98","289.85","25.68","35.73","6.66","0.96","","0.4","103814560.72","Paxta"
"681","0-30","Qumoq","14.51","1.49","7.71","4.84","37.14","22.55","420.28","2.34","361.3","38.87","73.29","9.63","1.27","7.67","0.65","969843856.13","Paxta"
"683","0-30","Qum","17.14","1.69","8.1","4.03","40.99","20.28","420.11","2.19","357.85","25.34","68.4","10.53","1.16","7.56","0.69","","Paxta"
"684","20-40 sm","Qum","26.17","1.71","8","3.38","20.28","13.33","337.45","1.11","","26.96","62.71","7.09","0.94","7.6","0.55","195773840.28","Paxta"
"685","20-40 sm","Gill","27.99","1.65","8.16","2.17","18.39","9.93","356.51","1.15","346.56","37.69","47.79","8.9","1.45","6.8","0.43","135813891.63","Paxta"
"686","20-40 sm","Loy","21.04","1.67","7.8","3.18","32.8","14.85","349.27","1.63","325.72","45.31","48","10.11","1.41","7.19","0.56","","Paxta"
"687","20-40 sm","Qum","21.08","1.51","8.53","1.11","17.96","13.6","340.6","1.23","322.84","33.96","24.58","8.29","0.96","6.04","0.59","260715443.09","Paxta"
"688","20-40 sm","Gill","22.38","1.69","7.09","3.51","29.41","14.94","366.14","1.71","346.23","43.91","55.27","9.78","1.09","8.48","0.8","375800719.81","Paxta"
"690","20-40 sm","Loy","28.25","1.61","8.27","4.72","20.76","12.92","321.39","1.01","","20.1","67.97","9.66","0.85","6.59","0.36","150118510.55","Paxta"
"691","20-40 sm","Loy","18.76","1.64","7.67","3.03","31.62","14.48","344.16","1.58","344.76","","56.41","9.41","1.41","8.3","0.81","333447912.95","Paxta"
"692","20-40 sm","Gill","28.88","1.6","7.54","4.16","28.89","14.94","350.72","1.64","344.3","39.85","62.34","10.38","1.04","8.71","0.61","","Paxta"
"693","20-40 sm","Qum","16.46","1.5","6.92","0.83","50.06","24.02","433.76","3.44","394.26","20.04","44.11","10.92","1.75","","0.93","1431186585.64","Paxta"
"694","20-40 sm","Loy","18.53","1.61","7.71","2.95","43.87","23.14","376.55","2.29","358.95","21.23","60.34","10.96","0.87","","0.64","756781544.78","Paxta"
"695","20-40 sm","Qum","22.43","1.77","8.56","4.62","25.92","12.55","393.72","1.5","369.03","21.63","59.62","9.19","0.65","6.99","0.52","271182685.21","Paxta"
"697","20-40 sm","Qum","25.94","1.4","6.31","1.59","36.8","17.84","388.49","2.21","360.92","","41.78","12.01","2.26","9.64","1.08","587173026.7","Paxta"
"699","20-40 sm","Gill","14.11","1.69","8.37","1.21","49.86","24.37","436.2","2.99","408.66","29.86","32.73","10.53","1.1","7.03","0.46","960233740.53","Paxta"
"700","0-30","Qumoq","25.99","1.66","7.59","2.77","33.4","18.03","420.27","2.44","376.75","37.07","55.07","11.32","1.7","8.17","0.84","612938160.24","Paxta"
"703","20-40 sm","Qum","22.42","1.63","8.58","4.25","20.79","13.91","373.68","1.21","345.11","22.76","65.24","8.05","0.61","6.54","0.49","216182220.24","Paxta"
"704","20-40 sm","Loy","25.27","1.64","7.62","4.44","15.68","13.16","355.54","1.07","329.7","32.96","54.53","8.48","1.08","7.27","0.7","137010703.59","Paxta"
"705","20-40 sm","Loy","26.22","1.7","8.06","3.37","17.79","11.76","344","1.1","345.1","51.14","49.03","","1.04","7.54","0.56","123340876.77","Paxta"
"707","20-40 sm","Qum","19.98","1.37","6.33","4.99","44.65","24.13","354.45","2.35","344.26","39.9","73.84","10.6","2.12","8.3","1.16","744925773.92","Paxta"
"709","20-40 sm","Loy","17.92","1.73","7.54","5.05","22.29","12.7","341.98","1.27","323.44","29.01","66.9","11.19","0.81","","0.72","","Paxta"
"710","0-30","Qumoq","16.46","1.56","8","3.69","32.42","23.17","410.51","2.16","384.62","27.12","57.42","8.87","1.33","","","703862286.33","Paxta"
"711","20-40 sm","Loy","28.63","1.73","8.53","4.83","18.87","9.01","337.8","0.74","337.34","39.5","59.39","7.61","0.68","6.32","0.43","74958588.65","Paxta"
"712","20-40 sm","Qum","10.68","1.37","7.87","2.3","44.58","20.14","388.87","2.73","344.22","51.96","52.07","9.27","1.07","8.59","0.86","898932951.66","Paxta"
"714","20-40 sm","Loy","24.96","1.75","8.02","4.42","26.06","15.06","357.55","1.38","336.13","22.5","60.98","9.49","","","0.54","328935822.08","Paxta"
"715","20-40 sm","Loy","27.14","1.54","7.47","4.54","20.57","14.53","346.92","1.13","346.6","40.1","73.71","9.72","1.57","8.07","0.82","197818784.23","Paxta"
"716","0-30","Qum","18","1.6","8.03","3.78","42.7","23.66","410.85","2.74","364.11","23.35","65.4","9.52","1.9","6.91","0.55","983120229.44","Paxta"
"717","0-30","Loy","24.47","1.49","7.53","4.18","37.45","21.21","403.47","2.17","395.39","22.95","","11.11","1.28","8.22","0.75","691763210.52","Paxta"
"718","20-40 sm","Qum","18.08","1.73","7.76","4.93","17.65","13.07","332.65","1.17","325.05","33.91","67.73","10.47","1.48","7.94","","148882727.16","Paxta"
"719","20-40 sm","Qum","25.53","1.65","6.38","4.39","36.79","22.7","371.08","1.91","337.41","52.11","63.55","11.22","2.24","8.93","1.14","681149456.34","Paxta"
"720","20-40 sm","Qum","27.38","1.77","8.9","5.01","7.41","7.5","314.13","0.69","","38.47","70.8","6.32","0.78","","0.6","","Paxta"
"722","20-40 sm","Gill","23.85","1.75","7.81","3.5","30.93","18.21","381.79","1.92","366.13","31.97","62.97","10.71","0.84","7.14","0.58","550821482.86","Paxta"
"723","20-40 sm","Gill","19.89","1.78","8.87","4.79","21.74","14.57","384.89","1.41","371.53","68.84","68.77","7.52","0.72","6.87","0.36","374057052.29","Paxta"
"724","20-40 sm","Gill","21.09","1.59","8.99","4.31","16.8","10.5","366.1","0.87","349.4","25.22","44.73","7.22","0.39","6.37","0.32","137692200.22","Paxta"
"725","20-40 sm","Gill","28.44","1.72","7.49","2.71","46.91","27.28","411.73","2.69","397.02","22.39","54.93","9.68","1.66","8.21","0.67","913708810.52","Paxta"
"730","20-40 sm","Loy","21.5","1.66","6.61","4.63","25","15.14","382.97","2.02","353.54","21.71","59.02","11.61","1.95","9.12","","445753588.9","Paxta"
"734","20-40 sm","Gill","21.26","1.77","8.49","5.05","13.17","10.81","371.98","0.71","355.84","36.05","66.42","8.25","0.89","6.72","0.31","84752304.98","Paxta"
"736","20-40 sm","Qum","29.03","1.51","7.08","4.99","16.21","12.48","312.65","1.04","299.81","59.53","54.08","10.56","1.79","7.94","0.81","119241786.65","Paxta"
"738","20-40 sm","Qum","29.21","1.61","7.25","4.57","18.28","11.81","338.79","0.85","346.89","33.63","53.14","10.8","1.31","7.58","0.84","107826086.5","Paxta"
"743","20-40 sm","Qum","14.52","1.59","6.82","4.43","42.2","19.05","404.3","2.49","366.33","21.5","71.23","12.29","1.92","9.03","1.03","708788153.71","Paxta"
"746","20-40 sm","Qum","20.42","1.65","7.84","3.56","17.94","12.85","357.95","1.1","331.84","26.54","52.32","8.4","","","0.68","126417979.87","Paxta"
"747","20-40 sm","Gill","17.63","1.57","8.99","4.98","12.92","9.66","363.55","0.88","366","22.75","60.25","7.32","","","0.26","","Paxta"
"749","20-40 sm","Gill","26.11","1.68","7.38","3.73","35.76","17.02","374.35","1.91","330.21","29.5","55.37","10.1","","8.72","0.63","577312682.54","Paxta"
"750","0-30","Qumoq","11.99","1.55","8.62","4.85","38.48","24.49","465.48","2.7","421.06","61.06","62.48","8.55","0.73","6.22","0.55","786304587.87","Paxta"
"751","20-40 sm","Gill","21.12","1.76","8.48","4.15","31.83","19.56","372.79","1.69","357.09","38.16","56.03","7.84","0.88","","0.52","496663735.9","Paxta"
"752","20-40 sm","Qum","25.89","1.45","8.59","4.94","24.76","16.61","373.42","1.63","351.88","22.67","70.18","8.07","1.19","6.11","0.27","323570021.22","Paxta"
"753","20-40 sm","Gill","18.24","1.64","8.9","2.95","22.39","15.43","312.22","1.45","297.54","26.17","38.91","8.35","0.65","6.85","0.31","276132117.23","Paxta"
"754","20-40 sm","Qum","19.67","1.37","7.81","1.7","39.74","20.86","396.45","2.2","361.26","26.85","38.18","9.23","1.39","8.08","0.57","823320416.3","Paxta"
"755","20-40 sm","Loy","24.75","1.49","8.95","5.21","35.46","16.89","395.44","1.6","351.53","20.47","71.84","7.7","0.91","","0.21","329955585.94","Paxta"
"757","20-40 sm","Qum","19.77","1.48","8.02","3.02","47.4","22.82","395.06","3.01","368.19","48.08","57.22","9.23","1.6","7.52","0.37","1102712892.45","Paxta"
"758","20-40 sm","Gill","21.58","1.75","8.73","5.07","17.08","10.96","344.04","1.01","330.49","52.63","57.5","7.59","0.75","6.76","0.34","","Paxta"
"760","20-40 sm","Loy","29.1","1.66","8.97","3.82","16.69","10.07","353.18","0.98","359.44","42.65","44.99","7.76","0.81","6.21","0.38","127071595.1","Paxta"
"761","20-40 sm","Gill","29.28","1.66","6.09","2.69","33","16.59","347.24","1.81","327.51","44.29","43.75","10.33","2.06","9.3","1.15","432686535.03","Paxta"
"762","20-40 sm","Loy","18.11","1.44","8.32","4.7","39.06","21.25","361.07","2.62","","42.26","64.57","8.67","1.37","6.49","0.47","","Paxta"
"763","20-40 sm","Qum","13.09","1.75","7.83","4.38","13.47","11.81","330.97","0.91","290.89","22.03","58.47","8.75","0.41","7.14","0.64","88996377.41","Paxta"
"764","20-40 sm","Gill","15.97","1.63","6.59","2.97","51.06","24.93","377.09","3.1","347.55","25.87","59.8","12.29","2.23","8.26","0.9","1018945195.69","Paxta"
"766","20-40 sm","Qum","29.72","1.62","8.88","2.57","17.65","12.66","335.04","1.34","317.37","22.74","36.15","8.74","0.74","5.71","0.41","196678782.03","Paxta"
"771","20-40 sm","Loy","19.23","1.53","7.11","3.8","40.25","18.92","379.87","2.34","366.48","84.33","68.7","9.79","1.85","8.6","0.95","775439187.84","Paxta"
"772","20-40 sm","Qum","29.94","1.67","7.49","2.24","33.25","19.52","414.74","2.54","367.89","24.51","43.71","9.15","2.04","7.66","0.69","725081402.13","Paxta"
"775","20-40 sm","Loy","29.58","1.72","7.01","4.04","23.68","14.48","345.9","1.56","350.2","71.23","50.28","9.51","2.05","8.87","0.88","315704339.77","Paxta"
"779","20-40 sm","Qum","28.4","1.65","7.39","3.09","26.85","12.22","358.39","1.61","373.44","51.6","49.56","10.84","1.35","6.72","0.83","243191215.73","Paxta"
"780","20-40 sm","Gill","12","1.62","7.94","2.77","16.32","8.82","341.79","0.89","313.4","35.49","41.17","7.74","1.55","7.66","0.59","108662461.94","Paxta"
"781","0-30","Loy","16.03","1.53","8.97","3.88","23.4","14.07","402.31","1.75","358.18","22.49","61.48","7.21","0.86","7","0.15","423468498.7","Paxta"
"782","20-40 sm","Gill","21.86","1.76","8.12","4.58","15.73","9.45","325.77","0.63","296.25","22.45","52.73","8.71","1.44","7.08","0.61","64085564.92","Paxta"
"784","20-40 sm","Gill","13.93","1.55","8.43","1.19","39.31","17.96","433.09","2.18","413.78","21.71","","10.29","","7.49","0.55","579701141.68","Paxta"
"786","20-40 sm","Loy","12.95","1.48","7.24","0.9","45.16","24.43","411.49","2.85","385.1","39.52","34.98","11.96","2.05","9.91","0.67","1144179996.88","Paxta"
"789","20-40 sm","Gill","28.66","1.7","7.83","4.57","24.93","14.81","362.06","1.35","326.88","57.28","60.36","9.2","1.92","7.61","0.75","294311712.31","Paxta"
"790","20-40 sm","Qum","22.86","1.45","8.61","2.69","25.22","16.03","388.62","1.84","355.68","34.26","52.94","9.02","","6.58","0.43","363922849.16","Paxta"
"791","20-40 sm","Gill","24.49","1.64","8.81","4.78","15.74","11.69","351.24","1.24","335.93","44.53","60.79","7.88","0.67","6.16","","134156681.31","Paxta"
"794","20-40 sm","Gill","15.98","1.52","6.65","3.72","30.82","20.09","339.55","1.52","308.78","","61.58","12.27","1.35","8.09","1.18","341620841.66","Paxta"
"797","20-40 sm","Qum","29.6","1.42","7.59","1.19","41.31","19.68","397.93","2.32","365.84","33.31","25.91","7.97","1.41","8.5","0.77","867745164.05","Paxta"
"798","20-40 sm","Qum","26.07","1.46","6.97","1.07","36.39","17.17","367.7","2.14","337.95","24.7","39.28","11.49","1.52","8.99","0.91","657346311.7","Paxta"
"799","20-40 sm","Loy","17.85","1.67","8.51","3.89","32.02","14.7","383.92","1.62","364.21","52.2","55.61","7.49","0.51","6.68","0.51","302165619.64","Paxta"
"802","20-40 sm","Qum","25.85","1.54","7.64","1.5","31.4","18.56","354.51","2.52","346.89","23.78","32.31","10.54","1.58","8.52","0.82","731855029.08","Paxta"
"807","20-40 sm","Qum","15.98","1.63","6.72","2.49","35.86","19.79","389","2.23","375.2","33.66","46.38","13.91","1.81","","0.99","608287164.64","Paxta"
"808","20-40 sm","Loy","22.58","1.53","6.23","4.17","29.34","20.33","350.44","2.15","306.28","36.42","70.99","11.52","2.35","8.35","1.16","509736027.09","Paxta"
"810","20-40 sm","Gill","26","1.7","7.95","4.88","32.71","16.65","385.66","1.5","362.36","48.32","67.76","10.02","0.72","7.07","0.72","325448606.38","Paxta"
"813","20-40 sm","Gill","17.85","1.52","7.09","2.62","37.85","20.3","442.43","2.58","381.82","31.84","46.7","10.44","1.89","8.56","0.72","992819996.85","Paxta"
"815","20-40 sm","Qum","21.85","1.63","6.36","2.31","41.74","23.66","382.88","2.48","346.17","21.24","","11.39","2.02","9.41","1.14","","Paxta"
"817","20-40 sm","Loy","25.3","1.69","8.3","4.88","11.55","10.78","327.77","0.61","297.24","21.83","61.47","8.42","1.02","7.1","0.45","72164805.67","Paxta"
"819","20-40 sm","Gill","16.49","1.47","8.77","4.56","23.22","15.3","374.26","1.5","342.54","22.77","66.68","7.47","0.56","","0.5","243265300.43","Paxta"
"821","20-40 sm","Qum","27.18","1.69","6.11","4.55","18.5","12.3","300.83","1.17","326.49","32.94","60.41","12.93","2.07","9.45","1.18","143153930.59","Paxta"
"822","20-40 sm","Qum","15.67","1.53","6.56","3.34","35.71","17.52","371.94","2.32","382.31","55.84","56.84","12.64","1.44","8.64","1.09","613886574.55","Paxta"
"823","20-40 sm","Loy","26.64","1.66","8.5","4.45","17.81","12.29","348.23","0.89","317.35","79.86","53.71","8.43","1.24","6.69","0.58","105740487.53","Paxta"
"824","20-40 sm","Gill","10.71","1.64","6.05","1.08","29.76","19.33","410.9","1.78","394.37","22.53","37.38","11.72","1.91","10.4","","","Paxta"
"826","0-30","Qumoq","23.15","1.68","7.64","2.81","55.54","26.57","451.41","3.15","421.61","35.19","58.55","9.22","1.36","7.55","0.71","1530490448.66","Paxta"
"828","20-40 sm","Gill","28.94","1.63","7.97","3.45","24.31","14.9","348.67","1.33","341.37","35.67","49.97","10.9","1.06","7.62","0.44","258861576.56","Paxta"
"829","20-40 sm","Gill","13.73","1.6","8.63","2.56","24.96","14","404.53","1.73","382.32","36.09","47.26","9.11","","6.73","0.47","299874157.1","Paxta"
"830","20-40 sm","Qum","28.88","1.5","7.58","5.06","33.7","15.98","391.32","1.95","378.4","22.49","78.02","11.93","","7.5","0.68","502633385.05","Paxta"
"832","20-40 sm","Gill","15.3","1.51","7.13","4.65","35.77","14.71","364.58","1.62","324.51","21.75","72.49","8.71","1.57","9","0.9","445513213.97","Paxta"
"834","20-40 sm","Loy","25.74","1.42","8.84","4.01","25.65","19.13","375.74","2.01","379.96","40.43","49.68","8.45","0.63","6.09","0.37","511736926.47","Paxta"
"835","0-30","Qumoq","24.26","1.58","7.82","3.02","45.01","27.25","435.29","2.72","389.24","53.8","54.63","10.24","1.37","8.31","0.86","1127553438.29","Paxta"
"838","20-40 sm","Loy","17.37","1.55","6.87","2.58","51.81","22.69","425.96","2.75","377.16","60.9","49.21","12.11","2.17","","0.97","1244681688.89","Paxta"
"843","20-40 sm","Qum","14.5","1.66","7.6","4.08","26.12","15.5","351.29","1.49","354.34","27.17","59.09","10.03","1.78","7.22","0.71","","Paxta"
"844","20-40 sm","Gill","20.18","1.75","8.55","5.26","20.02","12.12","313.71","0.83","263.17","22.85","57.16","8.02","0.65","6.5","0.36","100472713.32","Paxta"
"846","20-40 sm","Gill","28.1","1.66","8.65","3.87","15.49","8.02","352.78","0.95","320.38","25.18","50.37","6.7","0.62","6.3","0.39","","Paxta"
"847","20-40 sm","Gill","21.89","1.52","7.24","1.72","40.11","21.57","408.46","2.34","369.3","26.11","47.87","","1.41","8.93","0.87","962947817.45","Paxta"
"849","20-40 sm","Loy","10.67","1.63","6.66","3.81","26.09","14.2","348.42","1.31","322.48","51.11","55.69","10.77","1.79","9.2","0.98","316687022.94","Paxta"
"853","20-40 sm","Gill","25.54","1.35","6.35","1.31","37.95","21.63","379.64","2.79","355.57","31.78","41.39","12.34","2.41","10.46","1.08","849295145.1","Paxta"
"854","20-40 sm","Loy","18.79","1.69","7.42","4.88","40.88","22.41","447.06","2.33","393.69","23.85","68.42","9.66","1.8","","0.89","932157447.32","Paxta"
"856","20-40 sm","Qum","22.67","1.42","7.15","4.32","42.07","23.96","398.75","2.29","362.04","45.85","64.98","10.75","1.37","8.37","0.87","871893568.79","Paxta"
"857","20-40 sm","Gill","25.97","1.76","8.23","3.34","16.97","10.03","360","0.83","335.62","","44.67","8.47","1.24","6.79","0.42","","Paxta"
"858","20-40 sm","Gill","19.89","1.8","8.38","3.68","18.1","12.57","333.52","1.1","322.42","30.06","58.79","8.39","1.31","7.58","0.26","","Paxta"
"860","20-40 sm","Qum","27.53","1.52","7.53","2.28","33.54","20.52","368.95","1.87","354.04","23.93","44.35","10.32","1.6","7.61","0.68","543786189.54","Paxta"
"861","20-40 sm","Qum","29.72","1.62","7.39","3.37","20.4","13.15","335.32","1.11","317.37","","47.41","9.05","1.63","7.62","0.69","","Paxta"
"867","20-40 sm","Gill","19.79","1.7","8.7","5.25","11.87","7.81","339.5","0.74","326.07","22.59","59.02","7.65","0.89","6.6","0.47","61910378.07","Paxta"
"869","20-40 sm","Qum","25.19","1.54","7.1","2.61","41.47","20.57","382.53","2.31","367.43","22.36","52.08","10.05","1.65","8.35","0.82","963934078.23","Paxta"
"870","0-30","Qumoq","15.95","1.43","8.12","3.1","28.66","16.54","443.59","1.64","381.72","43.03","49.33","8.72","1.88","7.57","0.45","469349619.14","Paxta"
"871","20-40 sm","Gill","24.81","1.62","6.45","4.89","36.45","19.03","394.74","2.26","392.38","50.66","66.95","12.28","1.86","8.77","1.07","680949238.56","Paxta"
"872","20-40 sm","Qum","21.18","1.65","8.57","3.6","14.57","12.36","345.24","0.96","329.28","26.95","59.97","8.75","0.97","6.44","","113914373.8","Paxta"
"874","20-40 sm","Gill","20.82","1.56","7.35","4.22","42.69","21.51","420.68","2.54","357.7","25.79","68.02","10.56","1.12","8.12","","897917746.78","Paxta"
"876","20-40 sm","Gill","23.84","1.55","6.57","1.84","32.2","18.15","393.12","2.37","370.03","47.89","44.52","13.24","1.66","8.51","","","Paxta"
"879","20-40 sm","Gill","29.05","1.67","7.73","3.14","19.59","14.23","350.73","1.09","325.87","21.9","38.19","7.93","1.4","7.75","0.65","171396302.66","Paxta"
"880","20-40 sm","Qum","15.39","1.64","8.09","3.04","28.37","18.1","392.04","1.62","338.1","28.95","57.78","9.72","1.29","7.04","0.51","338202673.33","Paxta"
"884","20-40 sm","Gill","22.4","1.57","8.41","4.48","17.39","12.43","323.06","0.93","291.98","20.77","53.44","8.48","0.98","6.77","0.4","","Paxta"
"885","20-40 sm","Gill","10.6","1.59","6.44","4.25","33.26","15.47","382.18","1.51","345.87","24.98","57.79","11.24","2.03","9.29","1.07","384529230.41","Paxta"
"886","20-40 sm","Gill","23.05","1.49","7.87","3.27","28.72","19.02","387.94","2.05","354.72","51.02","57.01","9.7","1.21","6.83","0.61","456075125.93","Paxta"
"887","20-40 sm","Loy","25.43","1.72","7.28","5.33","19.39","13.8","380.89","1.2","340.06","28.35","61.45","8.12","1.64","7.02","0.98","208802893.4","Paxta"
"889","20-40 sm","Gill","17.22","1.46","8.53","3.89","25.36","16.03","336.98","1.63","307.5","23.06","56.23","8.94","1.31","","0.43","","Paxta"
"890","20-40 sm","Qum","26.97","1.42","6.36","2.08","43.08","21.18","378.14","2.34","365.79","29.14","49.22","12.4","2.31","9.72","1.18","842884230.44","Paxta"
"892","20-40 sm","Gill","19.51","1.7","8.32","3.83","17.91","11.9","282.68","0.78","277.49","24.95","55.2","8.57","1.01","7.23","0.58","100834721.83","Paxta"
"893","20-40 sm","Gill","18.39","1.28","7.58","3.06","38.63","18.55","397.2","2.44","389.35","29.02","59.84","11.4","1.43","6.96","0.64","717380793.39","Paxta"
"894","20-40 sm","Gill","20.76","1.64","8.89","3.5","18.66","12.45","371.59","1.23","350.72","53.87","44.72","6.6","0.76","6.57","0.36","189642287.15","Paxta"
"895","20-40 sm","Qum","25.1","1.64","6.49","3.33","47.74","23.75","394.02","2.88","396.07","23.31","55.58","10.86","1.91","","0.9","1156160926.44","Paxta"
"896","20-40 sm","Qum","24.21","1.77","8.9","5.37","8.26","8.36","346.83","0.63","345.76","23.71","68.46","7.91","0.84","7.11","0.33","","Paxta"
"898","20-40 sm","Loy","17.85","1.59","7.96","3.48","28.41","16.7","387.95","1.89","344.94","25.29","46.11","9.27","0.91","","0.6","","Paxta"
"900","20-40 sm","Qum","22.4","1.49","6.03","2.63","46.02","26.59","431.37","2.77","385.93","49.43","62.67","13.77","2.22","10.49","1.19","","Paxta"
"901","20-40 sm","Qum","24.75","1.68","8.54","5.33","17.73","10.21","377.6","0.85","376.85","","58.77","8.36","1.11","7.27","0.5","106974415.83","Paxta"
"903","20-40 sm","Loy","14.44","1.4","6.81","1.23","29.62","19.29","419.35","2.19","390.15","24.73","31.39","13.13","1.6","8.97","0.88","529953447.12","Paxta"
"904","20-40 sm","Gill","12.79","1.74","7.81","4.41","15.58","9.76","276.66","1.01","263.54","24.58","54.01","8.45","","7.49","","167575024.61","Paxta"
"906","20-40 sm","Qum","24.67","1.44","7.23","4.15","35.67","24.85","392.39","2.63","383.77","27.71","69.35","11.2","1.66","8.92","0.89","","Paxta"
"907","20-40 sm","Gill","21.26","1.64","6.29","3.96","37.37","18.42","385.82","2.44","350.94","38.88","54.12","10.52","2.29","9.07","1.23","566820516.74","Paxta"
"908","20-40 sm","Gill","12.87","1.72","8.34","5.15","23.03","14.85","340.13","1.46","346.69","32.6","67.26","10.51","1.35","7.4","0.51","327909720.42","Paxta"
"909","20-40 sm","Qum","25.2","1.75","8.78","5.01","9.85","8.12","315.09","0.72","299.66","32.14","61.33","8.39","0.89","5.14","0.41","76738545.76","Paxta"
"910","20-40 sm","Qum","25.01","1.6","8.24","4.43","34.32","16.88","364.74","1.92","359.92","56.23","70.17","8.79","1.06","6.65","0.58","340110618.63","Paxta"
"914","20-40 sm","Qum","19.68","1.51","7.46","4.08","38.16","23.12","402.66","2.65","403.41","27.41","66.01","9.12","1.79","8.27","0.8","806359728","Paxta"
"915","20-40 sm","Qum","20.19","1.29","6.84","1.97","34.43","19.36","358.21","2.27","319.27","40.7","39.63","10.18","2.03","8.48","0.95","558648386.55","Paxta"
"916","20-40 sm","Qum","29.07","1.72","7.22","4.78","9.24","11","332.96","0.67","302.66","42.45","66.65","11.02","1.55","8.08","0.78","54994529.33","Paxta"
"917","0-30","Qumoq","18.88","1.75","7.93","3.44","37.6","20.2","416.18","2.36","372.86","41.36","60.05","10.23","0.95","7.45","0.66","805271052.54","Paxta"
"918","20-40 sm","Qum","25.04","1.73","7.93","4.44","20.95","11.82","325.8","1.15","318.96","33.68","54.45","10.55","","8.16","0.61","143839909.44","Paxta"
"919","20-40 sm","Gill","15.78","1.55","7.39","2.58","29.75","14.96","355.07","1.88","336.18","23.66","53.33","9.56","","7.89","0.88","","Paxta"
"922","20-40 sm","Gill","11.65","1.47","7.62","1.46","43.99","22.3","382.39","2.39","359.95","20.32","38.03","8.91","1.91","","0.74","","Paxta"
"923","20-40 sm","Gill","21.06","1.7","8.17","5.05","23.1","13.08","340.51","0.97","301.34","29.86","66.46","8.2","0.53","6.93","0.55","149714889.89","Paxta"
"925","0-30","Qumoq","23.64","1.6","7.64","4.2","38.6","18.45","434.36","2.48","395.97","27.4","66.72","9.68","1.21","8.15","0.56","","Paxta"
"926","0-30","Qumoq","22.19","1.41","8.86","4.38","35.58","20.44","453.71","2.53","389.34","43.61","66.92","8.3","0.85","6.04","0.37","888635830.7","Paxta"
"928","20-40 sm","Gill","13.24","1.52","6.89","3.93","24.16","13.36","366.58","1.23","333.96","33.68","49.89","10.34","2.05","","0.96","232011406.14","Paxta"
"929","20-40 sm","Gill","23.12","1.43","7.27","4.27","41.48","22.36","361.93","2.42","314.82","81.49","57.14","10.78","1.14","8.26","0.74","","Paxta"
"930","20-40 sm","Gill","14.18","1.7","8.55","4.71","22.89","12.7","393.85","1.29","361.71","24.17","66.67","7.28","1.03","7.07","0.42","204671870.76","Paxta"
"932","20-40 sm","Loy","26.75","1.51","8.69","4.49","28.24","18.95","378.27","1.5","324.61","33.9","55.28","6.72","1.58","6.08","0.33","313324539.36","Paxta"
"935","20-40 sm","Qum","29.51","1.53","8.35","4","28.64","14.65","387.24","1.35","327.8","24.62","54.4","9.35","1","6.87","0.45","273131860.63","Paxta"
"936","20-40 sm","Loy","17.66","1.61","8.23","3.34","19.38","12.87","364.15","1.27","326.74","22.17","58.81","7.99","","7.12","0.57","258652324.74","Paxta"
"937","20-40 sm","Gill","24.15","1.73","6.89","3.35","38.41","23.34","375.2","2.48","341.94","","63.91","11.36","2","9.06","0.84","754462409.67","Paxta"
"938","20-40 sm","Loy","27.66","1.43","7.75","2.04","46.08","23.06","425.51","2.51","385.88","33.28","40.54","10.59","1.62","","0.75","755854609.09","Paxta"
"940","20-40 sm","Qum","18.03","1.75","8.51","3.33","14.52","12.11","352.34","0.98","331.17","25.58","54.42","7.5","0.97","","0.39","138471447.73","Paxta"
"941","20-40 sm","Loy","19.28","1.54","7.37","2.47","35.02","21.47","386.52","2.34","357.24","43.47","51.35","10.36","2.04","8.46","0.79","645366382.98","Paxta"
"942","20-40 sm","Loy","29","1.75","8.74","5.31","12.31","6.41","337.39","0.63","307.29","27.48","63.83","7.36","0.86","6.16","0.31","50566032.79","Paxta"
"943","20-40 sm","Qum","14.27","1.57","7.4","4.46","32.43","18.64","376.84","2.23","325.76","","71.23","11.63","1.78","8.36","0.82","","Paxta"
"945","20-40 sm","Gill","14.87","1.41","7.81","2.49","34.38","15.28","365.67","1.67","314.89","35.41","46.32","10.01","1.96","8.17","0.89","367952791.91","Paxta"
"950","20-40 sm","Qum","17.41","1.49","8.43","2.62","17.11","10.81","376.07","1.08","366.82","27.73","47.91","6.78","0.72","6.88","0.54","160750995.35","Paxta"
"951","20-40 sm","Gill","11.65","1.6","6.55","2.4","44.43","26.52","403.26","2.99","371.97","41.72","51.1","13.82","","","0.96","966823675.75","Paxta"
"954","20-40 sm","Loy","18.5","1.59","6.33","2.37","24.15","14.18","343.15","1.51","329.24","23.01","27.9","13.06","1.87","9.36","1.42","235224176.38","Paxta"
"956","20-40 sm","Loy","26.31","1.4","8.84","2.13","19.42","14.18","334.45","1.18","281.39","26.59","","6.59","1.2","6.39","0.21","188546676.41","Paxta"
"958","20-40 sm","Gill","23.57","1.73","8.35","3.37","18.25","11.92","313.63","1.27","320.82","41.8","","7.9","0.93","6.61","0.27","203290266.85","Paxta"
"960","20-40 sm","Gill","25.37","1.48","7.29","2.36","37.24","18.59","363.86","2.14","334.14","33.2","53.85","8.63","1.6","7.56","0.78","677646109.84","Paxta"
"962","20-40 sm","Loy","22.04","1.54","7.64","2.5","28.39","16.04","375.6","2.24","347.13","23.49","42.1","10.12","1.39","8.11","0.78","578391690.51","Paxta"
"963","20-40 sm","Gill","22.5","1.57","6.68","4.56","19.53","12.42","346.85","1.31","314.79","31.07","58.36","12.05","1.96","8.74","0.88","","Paxta"
"964","20-40 sm","Loy","22.12","1.62","8.02","3.29","18.91","13.86","357.19","1.49","349.01","33.42","55.86","9.11","0.97","","0.47","286294207.1","Paxta"
"965","20-40 sm","Qum","27.08","1.46","6.85","2.36","27.83","16.48","355.6","1.92","366.03","23.79","","11.03","1.72","7.69","0.9","424472378.48","Paxta"
"966","20-40 sm","Gill","19.86","1.67","8.89","5.02","12.03","7.83","291.86","0.83","275.63","22.79","62.84","6.13","0.81","6.86","0.42","76461622.08","Paxta"
"967","20-40 sm","Gill","25.15","1.79","8.09","5.08","18.37","8.3","324.96","0.73","306.49","25.09","65.23","9.69","0.92","7.24","0.52","60578911.22","Paxta"
"968","20-40 sm","Gill","14.78","1.57","6.64","2.1","37.77","19.77","351.9","1.97","336.4","","48.66","11.69","2.33","9.27","1.11","693807301.38","Paxta"
"969","20-40 sm","Gill","27.04","1.58","6.39","4.42","28.86","18.23","411.99","1.72","391.25","25.29","62.2","12.19","1.91","9.29","1.18","381471912.08","Paxta"
"970","20-40 sm","Gill","15.02","1.57","8.42","4.33","15.73","10.02","301.82","0.89","293.66","25.99","52.27","6.46","0.84","6.77","0.42","","Paxta"
"971","0-30","Loy","13.02","1.69","8.42","4.01","38.79","21.3","405.61","2.32","401.03","60.47","73.98","9.34","0.8","7.71","0.46","874947511","Paxta"
"974","20-40 sm","Gill","28.03","1.45","6.78","3.53","32.44","18.13","376.73","2.3","357.4","22.01","","11.73","2.13","7.62","0.99","505579580.16","Paxta"
"975","20-40 sm","Gill","20.31","1.66","8.74","2.81","21.9","15.75","338.1","1.4","308.56","31.64","37.66","7.31","1.23","6.26","0.46","259892644.52","Paxta"
"976","20-40 sm","Loy","19.62","1.42","8.06","1.87","25.1","13.62","335.39","1.24","353.49","40.84","34.51","10.37","0.93","5.71","0.57","213137248.91","Paxta"
"979","0-30","Qumoq","25.11","1.41","7.62","4.06","37.52","17.29","449.58","2.28","436.19","38.89","61.5","10.8","1.56","7.79","0.62","690893240.73","Paxta"
"980","20-40 sm","Gill","29.61","1.62","8.61","5.12","14.62","12.65","336.65","1.02","331.08","35.34","65.43","7.68","0.55","6.41","0.4","110356954.88","Paxta"
"982","0-30","Loy","29.09","1.67","8.67","4.59","29.85","18.97","402.81","1.93","350.76","23.5","64.33","6.93","0.37","6.63","0.42","653274182.52","Paxta"
"983","20-40 sm","Gill","15.45","1.71","7.31","5.13","22.05","12.01","329.26","0.95","293.38","39.59","65.17","8.86","0.71","7.55","0.94","180831272.95","Paxta"
"986","20-40 sm","Loy","21.61","1.68","8.82","5.08","21.14","11.21","315.95","1.15","285.67","30.17","62.73","8.17","0.45","6.74","0.4","","Paxta"
"988","20-40 sm","Loy","16.2","1.66","8.7","4.46","25.37","12.13","336.68","1.38","317.22","34.85","60.57","7.77","0.8","6.76","0.32","261850957.97","Paxta"
"989","20-40 sm","Qum","15.2","1.59","6.53","2.53","30.96","18","448.31","2.28","417.45","21.68","52.27","13.62","1.43","","1.25","681056956.61","Paxta"
"990","20-40 sm","Gill","17.72","1.51","7.71","3.76","29.78","20.58","383.91","2.22","357.78","24.68","62.81","9.3","1.79","8.12","0.62","513083454.82","Paxta"
"995","20-40 sm","Gill","24.15","1.79","8.66","5","10.75","8","344.59","0.79","342.16","41.2","60.54","8.44","0.3","7.11","0.44","66077429.91","Paxta"
"996","20-40 sm","Qum","16.03","1.7","7.27","2.37","39.36","21.32","397.22","2.47","338.32","68.14","45.25","11.83","1.69","8.51","0.76","795034886.43","Paxta"
"1000","20-40 sm","Gill","24.93","1.72","7.95","5.05","11.46","9.94","292.07","0.62","268.23","32.2","65.58","8.11","0.9","7.39","0.5","43723414.91","Paxta"
"1002","20-40 sm","Qum","14.65","1.55","6.18","1.52","39.68","24.52","395.62","2.76","368.82","56","43.94","12.9","2.21","9.76","1.11","968941541.01","Paxta"
"1004","20-40 sm","Qum","27.01","1.38","6.96","3.51","40.5","25.03","423.48","2.58","398.18","23.58","65.72","12.21","1.96","9.45","0.9","1119866035.01","Paxta"
"1006","20-40 sm","Qum","22.3","1.56","8.14","3.88","26.72","13.95","333.36","1.52","336.13","28.55","53.22","9.3","1.01","7.69","0.51","252230134.71","Paxta"
"1007","20-40 sm","Gill","22.5","1.56","6.67","4.66","43.32","21.64","368.73","2.13","337.74","61.93","66.72","10.75","1.41","9.06","0.97","725114189.08","Paxta"
"1008","20-40 sm","Gill","23.96","1.56","6.23","4.9","38.04","23.81","385.31","2.71","343.12","28.77","83.97","12.47","2.51","9.38","1.26","","Paxta"
"1011","20-40 sm","Gill","19.58","1.69","8.66","4.98","24.07","13.88","354.08","1.44","337.91","54.38","62.8","7.81","0.48","6.92","0.37","266900182.97","Paxta"
"1012","20-40 sm","Gill","15.8","1.68","7.68","2.96","27.54","15.57","348.96","1.65","340.95","22.18","50.35","9.14","1.93","7.59","0.71","418583284.44","Paxta"
"1014","0-30","Qum","26.53","1.44","8.18","3.08","44.1","23.71","433.38","2.44","378.24","46.45","56.45","8.72","","7.68","0.38","","Paxta"
"1015","20-40 sm","Qum","13.27","1.75","8.93","5.07","12.21","8.99","310.47","0.63","294.9","47.91","","7.36","0.78","6.62","0.22","","Paxta"
"1017","20-40 sm","Loy","18.85","1.71","8.78","4.88","11.63","9.5","313.69","0.69","290.08","67.59","","7.29","0.58","","0.38","71348591.91","Paxta"
"1018","20-40 sm","Gill","26.86","1.78","8.62","3.25","18.48","12.53","361.34","0.99","304.96","56.78","51.77","8.79","0.89","7.73","0.35","141547474.38","Paxta"
"1021","20-40 sm","Gill","17.06","1.67","6.64","5.03","25.63","11.93","328.63","1.01","334.35","36","63.44","10.31","2.02","8.2","1.15","163317550.17","Paxta"
"1023","20-40 sm","Qum","18.33","1.61","8.89","3.07","24.83","12.47","324.56","1.19","","22.41","53.44","7.21","0.45","7.31","0.29","193949141.23","Paxta"
"1024","0-30","Qum","18.82","1.38","8.85","2.77","29.24","16.94","403.99","2.19","339.45","28.05","44.22","9.14","0.75","","0.48","","Paxta"
"1026","20-40 sm","Gill","23.43","1.44","8.64","2.18","29.47","15.02","396.86","1.64","385.07","21.19","42.39","6.37","1.2","6.23","0.4","","Paxta"
"1027","20-40 sm","Loy","17.9","1.68","7.44","3.28","39.55","18.63","406.98","1.85","340.76","25.05","54.93","9.74","1.82","8.18","0.74","578802488.45","Paxta"
"1028","20-40 sm","Loy","29.56","1.7","7.42","4.73","28.62","16.01","402.46","1.9","371.18","70.11","62.33","10.28","1.5","8.21","0.92","484271040.44","Paxta"
"1029","20-40 sm","Qum","18.65","1.66","7.31","3.35","30.38","18.22","377.62","2.23","347.43","27.65","55.66","8.57","2.01","7.6","0.75","602498528.38","Paxta"
"1034","20-40 sm","Gill","14.33","1.56","8.83","5.1","17.15","13.09","352.86","1.11","299.78","27.4","65.03","5.39","1.23","6.74","0.07","179839513.67","Paxta"
"1035","20-40 sm","Qum","21.09","1.48","7.67","4.44","29.21","16.3","370.12","1.99","328.12","67.22","59.72","11.38","1.68","8.2","0.71","","Paxta"
"1036","20-40 sm","Gill","17.36","1.63","6.93","3.59","26.76","17.71","375.95","1.45","374.39","28.2","56.34","11.49","1.63","8.31","0.9","358496090.07","Paxta"
"1037","20-40 sm","Gill","22.89","1.58","6.46","2.03","42.47","22.03","428.48","2.46","388.63","24.69","48.43","12.54","2.08","9.31","1.32","727975396.7","Paxta"
"1040","20-40 sm","Qum","15.92","1.76","6.31","3.4","17.77","11.24","293.89","1.17","296.8","37.73","50.24","10.66","2.35","8.39","1.1","131737429.65","Paxta"
"1041","0-30","Qum","17.6","1.52","7.97","4.69","34.35","17.7","414.53","2.17","","61.64","73.58","8.32","0.94","7.74","0.63","609543007.42","Paxta"
"1043","20-40 sm","Loy","22.68","1.71","7.2","5.29","14.53","8.39","321.64","0.72","313.12","20.3","70.15","10.68","1.19","8.01","0.81","","Paxta"
"1046","20-40 sm","Gill","19.99","1.76","6.86","4.61","16.21","11.45","328.55","0.9","308.38","31.57","60.85","9.37","1.83","7.71","0.87","94557092.43","Paxta"
"1047","20-40 sm","Qum","12.86","1.43","6.92","1.34","41.29","20.27","408.37","2.29","378.93","41.49","31.73","10.69","1.79","7.9","0.64","787214560.44","Paxta"
"1048","20-40 sm","Gill","14.24","1.67","7.37","4.15","25.62","14.06","349.02","1.05","341.1","32.16","52.02","10.25","","7.51","0.81","215406056.88","Paxta"
"1049","20-40 sm","Qum","13.66","1.54","7.89","5.13","27.36","19.16","366.18","1.51","325.48","25.86","65.98","7.28","1.76","7.93","0.58","378794911.62","Paxta"
"1050","20-40 sm","Gill","21.64","1.63","7.09","1.24","47.77","24.94","417.89","2.52","409.02","45.6","45.54","10.01","1.34","9.12","0.89","890028459.94","Paxta"
"1051","20-40 sm","Qum","22.26","1.63","7.79","1.05","44.07","24.77","449.69","2.89","403.45","24.24","36.29","10.92","1.06","7.84","0.49","899820177.94","Paxta"
"1056","20-40 sm","Qum","22.64","1.53","8.04","2.46","41.46","23.87","406.48","2.57","376.46","36.86","57.11","8.43","1.18","7.58","0.43","","Paxta"
"1057","20-40 sm","Gill","13.39","1.66","8.05","4.65","15.63","11.29","309.09","0.99","276.35","31.28","56.68","7.89","1.23","7.23","0.61","135336982.51","Paxta"
"1058","20-40 sm","Qum","18.14","1.62","7.37","2.88","22.72","14.31","376.24","1.27","344.5","44.94","49.6","10.75","1.58","7.46","0.82","","Paxta"
"1059","20-40 sm","Loy","18.47","1.77","8.94","4.63","13.67","11.25","320.86","0.74","309.97","24.06","59.74","6.03","1.09","6.08","0.53","69302388.9","Paxta"
"1060","20-40 sm","Qum","24.06","1.67","8.06","4.66","21.84","17.04","352.89","1.44","314.58","","62.21","9.55","0.9","7.58","0.59","248616418.47","Paxta"
"1061","20-40 sm","Gill","24.83","1.71","8.24","2.92","24.78","12.67","355.7","1.7","360.42","35.08","","9.98","1.32","7.01","0.58","303682778.33","Paxta"
"1062","20-40 sm","Loy","12.98","1.55","7.64","2.87","30.66","17.41","379.24","1.92","348.61","79.43","54.2","9.81","1.54","7.67","0.72","536353354.69","Paxta"
"1065","20-40 sm","Qum","15.15","1.74","7.03","4.93","24.19","16.26","350.65","1.83","314.89","20.35","68.2","10.18","2.08","8.19","0.89","366576310.96","Paxta"
"1066","20-40 sm","Gill","20.35","1.55","8.24","1.3","39.55","20.99","417.9","2.35","395.16","38.12","37.85","8.77","1.33","6.94","0.62","638105055.99","Paxta"
"1068","20-40 sm","Loy","22.26","1.55","8.97","5.2","7.25","7.2","330.64","0.7","307.09","51.21","64.52","7.59","1.26","","0.29","64413075.19","Paxta"
"1069","20-40 sm","Gill","14.08","1.51","8.2","1.07","36.65","23.41","441.33","2.66","410.97","67.04","38.2","9.25","1.6","7.81","0.61","970458831.72","Paxta"
"1070","20-40 sm","Gill","24.87","1.45","8.51","5.25","22.09","13.31","358.24","1.37","332.88","23.12","","5.62","0.76","","0.57","280509365.99","Paxta"
"1072","0-30","Qumoq","21.76","1.51","8.62","5.17","32.12","14.88","402.94","1.67","","34.53","","7.58","0.36","7.39","0.38","420271016.19","Paxta"
"1074","20-40 sm","Gill","25.77","1.39","6.7","2.61","38.68","20.42","386.36","2.06","361.76","33.26","37","11.56","1.89","8.51","1.1","690474687.3","Paxta"
"1075","20-40 sm","Loy","18.13","1.46","8.26","4.49","18.89","12.18","341.91","1.39","355.35","26.22","71.5","9.56","0.28","7.66","0.63","192649912.89","Paxta"
"1076","20-40 sm","Qum","18.64","1.74","8.9","5.26","7","9.46","337.45","0.56","314.09","34.95","56.38","6.76","0.4","6.39","0.31","49318761.53","Paxta"
"1078","0-30","Loy","13.19","1.49","7.76","3.28","39.08","21.63","430.07","2.75","405.47","25.6","59.53","9.54","1.28","7.13","0.73","","Paxta"
"1080","20-40 sm","Gill","15.74","1.66","8.1","3.45","16.16","11.15","328.33","0.87","315.74","","52.45","6.92","1.27","6.6","0.59","83235604.2","Paxta"
"1081","20-40 sm","Qum","27.88","1.67","7.48","3.97","24.69","14.89","378.52","1.8","331.44","32.76","58.34","10.51","1.31","8.31","0.97","","Paxta"
"1082","20-40 sm","Gill","22.68","1.52","7.43","3.57","34.01","18.21","390.22","2.55","364.32","34.21","54.38","9.53","1.5","8.25","0.76","696924446.02","Paxta"
"1083","20-40 sm","Qum","29.46","1.69","7.42","4.7","21.5","14.71","327.96","1.21","304.63","21.7","63.26","9.7","1.18","8.28","0.7","224866983.76","Paxta"
"1084","20-40 sm","Loy","20.06","1.56","8.21","1.21","25.32","12.32","366.17","1.29","348.88","","23.17","10.02","1.38","","0.61","311078050.04","Paxta"
"1086","20-40 sm","Gill","15.62","1.68","8.76","2.68","21.51","10.71","350.04","1.02","307.9","","44.46","7.87","0.73","7.42","0.5","156260033.74","Paxta"
"1087","20-40 sm","Qum","16.75","1.52","8.19","4.19","25.04","16.6","346.82","1.6","305.77","26.1","65.58","8.06","0.96","6.68","0.62","345329173.05","Paxta"
"1089","20-40 sm","Loy","25.9","1.69","7.36","2.85","17.66","14.61","277.6","1.32","264.97","31.93","42.49","8.15","1.24","7.55","0.66","217145886.48","Paxta"
"1091","20-40 sm","Qum","15.74","1.38","6.59","3.76","52.01","25.68","394.32","3.52","345.62","81.84","72.58","11.59","2.56","9.05","1.02","1346587349.29","Paxta"
"1094","20-40 sm","Gill","21.57","1.68","8.22","4.98","23.08","15.13","336.46","1.23","335.02","25","61.9","8.8","0.8","","0.51","250627112.51","Paxta"
"1095","20-40 sm","Qum","28.07","1.79","6.56","3.4","20.14","14.09","317.67","0.89","297.16","44.54","51.24","","1.98","8.1","1.01","","Paxta"
"1098","20-40 sm","Gill","26.64","1.42","7.55","2.3","34.55","17.61","415.42","1.71","369.8","33.48","56.88","10.88","1.33","6.73","0.86","448630657.12","Paxta"
"1100","20-40 sm","Loy","24.67","1.49","6.66","3.38","13.27","8.99","290.19","0.86","261.98","31.35","51.56","10.04","2.19","8.68","1.03","124451381.47","Paxta"
"1102","20-40 sm","Loy","20.05","1.7","7.78","4.55","39.45","20.03","385.65","2.08","358.78","20.94","64.97","8.78","1.55","7.7","0.68","583190443.53","Paxta"
"1103","20-40 sm","Qum","23.89","1.55","7.97","3.57","17.62","11.52","379.56","1.16","357.95","62.6","44.44","8.68","0.83","7.69","0.69","143104172.03","Paxta"
"1104","20-40 sm","Gill","25.95","1.53","7.13","2.78","23.32","14.91","284.81","1.44","269.82","25.63","49.34","11.31","1.09","8.75","0.79","248560684.91","Paxta"
"1108","20-40 sm","Qum","29.65","1.54","7.65","4.56","27.03","17.4","389.12","1.58","351.08","22.49","70.09","7.71","1.69","6.95","0.63","395298233.09","Paxta"
"1109","20-40 sm","Qum","13.2","1.64","6.56","3.67","24.36","15.98","327.09","1.31","328.13","21.05","","12.62","1.62","8.33","1.06","219212417.71","Paxta"
"1110","20-40 sm","Qum","26.48","1.67","8.73","5.3","11.67","10.37","347.73","0.78","347.95","","63.45","6.88","0.43","6.31","","84340726.75","Paxta"
"1115","20-40 sm","Loy","27.36","1.72","8.32","5.08","10.49","7.66","346.93","0.55","318.56","25.27","63.19","7.91","0.8","7.35","0.56","","Paxta"
"1116","20-40 sm","Loy","19.56","1.56","8.5","3.49","22.68","12.76","371.75","1.29","340.27","44.95","61.71","8.5","1.45","","0.6","246492242.53","Paxta"
"1120","20-40 sm","Loy","12.34","1.68","6.79","4.39","25.08","17.54","367.01","1.96","332.06","29.53","72.5","11.81","2.26","8.92","1.17","548152199.62","Paxta"
"1122","20-40 sm","Qum","26.46","1.63","8.67","3.27","20.21","15.59","391.94","1.82","362.4","","50.05","8.08","1.56","5.76","0.47","","Paxta"
"1123","20-40 sm","Gill","18.23","1.67","6.95","1.09","33.62","19.21","392.06","1.92","364.79","35.74","32.25","10.15","2.18","9.16","1.03","629248903.09","Paxta"
"1124","20-40 sm","Gill","14.69","1.75","8.44","2.77","24.12","11.16","343.86","1.07","310.95","51","43.72","9.32","0.61","7.58","0.65","172680751.29","Paxta"
"1125","20-40 sm","Qum","21.21","1.66","7.76","3.74","19.83","12.59","323.77","1.22","296.17","24.21","58.35","9.53","1.86","8.01","0.76","201976686.23","Paxta"
"1126","20-40 sm","Qum","24.28","1.62","8.73","4.69","21.7","15.45","388.42","1.33","371.7","26.97","59.55","8.22","0.86","7.31","0.29","332475457.76","Paxta"
"1129","20-40 sm","Gill","26.79","1.67","6.68","3.64","31.82","19.97","369.59","1.74","343.75","49.41","53.02","11.49","2.02","8.72","","424306591.28","Paxta"
"1130","20-40 sm","Gill","11.13","1.63","7.28","4.69","33.13","14.55","370.76","2.02","332.68","27.44","69.27","9.93","1.87","7.75","0.93","511709908.62","Paxta"
"1131","20-40 sm","Loy","21.75","1.73","8.57","4.71","12.3","9.52","335.37","0.76","","44.15","","6.8","0.76","7.42","0.37","76023467.91","Paxta"
"1133","20-40 sm","Qum","13.92","1.59","8.98","4.75","13.44","8.97","359.04","0.84","376.63","40.36","62.52","9.05","0.59","6.24","0.43","75881071.97","Paxta"
"1134","20-40 sm","Gill","23.97","1.58","7.14","3.23","25.59","13.8","303.08","1.43","267.2","53.79","50","9.06","1.63","7.88","0.93","235777629.38","Paxta"
"1135","0-30","Qumoq","16.07","1.64","8.82","4.51","24.01","17.63","401.96","1.72","386.79","32.37","68.75","7.6","0.92","","0.38","391659994.24","Paxta"
"1141","20-40 sm","Gill","18.4","1.68","8.93","4.96","16.54","12.14","337.85","0.95","318.33","21.37","69.98","7.02","1.01","6.11","0.4","79547150.09","Paxta"
"1142","20-40 sm","Loy","26.93","1.58","7.97","3.29","39.48","24.51","397.64","2.35","373.47","20.56","56.42","7.96","1.07","7.36","0.64","","Paxta"
"1144","20-40 sm","Gill","28.85","1.64","7.38","3.42","30.3","16.02","381.27","1.8","376.6","35.62","55.9","9.19","1.45","8.69","0.67","405746161.3","Paxta"
"1147","0-30","Loy","23.09","1.65","7.59","3.93","44.23","23.24","448.8","2.8","440.42","20.19","63.54","","1.74","8.24","0.7","906969913.86","Paxta"
"1149","20-40 sm","Qum","28.3","1.63","7.81","2.97","21.57","12.68","329.57","1.2","337.73","47.45","46.55","9.34","1.33","7.82","0.77","","Paxta"
"1151","20-40 sm","Gill","22.82","1.76","7.88","5.26","17.85","12.17","366.99","0.97","345.51","34.67","65.73","9.41","1.02","8.09","","156275949.32","Paxta"
"1152","20-40 sm","Loy","21.44","1.74","8.86","4.88","10.56","9.27","334.94","0.65","319.46","21.64","62.79","7.35","0.71","5.76","0.51","68377480.19","Paxta"
"1153","20-40 sm","Qum","17.91","1.54","8.76","5.01","17.94","10.29","310.93","0.99","286.12","25.33","61.63","7.22","0.92","6.31","0.23","127941721.12","Paxta"
"1154","0-30","Qum","18.6","1.45","8.17","4.41","53.22","23.07","434.74","3.45","427.45","38.69","68.76","10.03","1.52","8.12","0.57","1184929969.48","Paxta"
"1155","20-40 sm","Gill","25.28","1.46","8.23","3.46","31.13","19.9","393.89","1.78","355.9","45.83","52.29","8.29","1.3","6.49","0.54","383754269.99","Paxta"
"1156","20-40 sm","Loy","24.97","1.65","6.67","3.33","41.57","26.38","420.25","3.33","402.2","34.18","50.32","12.16","2.05","9.11","1.06","1342154556.06","Paxta"
"1157","20-40 sm","Qum","24.92","1.55","8.27","3.38","21.69","16.2","335.67","1.21","322.12","35.08","45.55","7.27","1.25","6.92","0.47","207220723.82","Paxta"
"1158","20-40 sm","Loy","15.41","1.57","8.98","3.37","18.37","13.83","367.05","1.26","335.75","21.15","","7.77","0.88","6.68","0.19","","Paxta"
"1159","20-40 sm","Loy","13.66","1.73","7.88","2.33","22.62","12.91","339.89","1.09","316.61","22.14","49.15","9.96","0.87","7.73","0.64","204092708.05","Paxta"
"1161","20-40 sm","Gill","27.98","1.44","7.12","1.95","40.95","20.35","410.27","2.14","381.91","23.35","48.38","13.64","1.87","8.88","0.85","889666892.61","Paxta"
"1162","20-40 sm","Loy","29.37","1.78","8.71","3.47","15.48","10.07","362.14","0.9","343.17","51.41","51.9","8.05","0.46","6.94","","118803217.15","Paxta"
"1164","20-40 sm","Loy","26.81","1.64","8.8","4.87","34.22","16.64","363.34","1.82","340.31","34.02","70.95","8.68","0.54","7.53","0.31","424528434.17","Paxta"
"1166","20-40 sm","Gill","28.4","1.45","7.51","2.45","41.13","19.64","466.15","2.54","418.71","21.29","43.67","10.63","1.56","8.29","0.72","978167625.57","Paxta"
"1167","20-40 sm","Qum","17.01","1.36","8","4.61","31","14.66","388.94","1.6","379.06","21.95","63.19","8.75","1.25","7.51","0.71","431048154.01","Paxta"
"1168","20-40 sm","Gill","25.34","1.38","8.72","4.13","28.59","17.24","335.16","1.89","333.3","32.73","59.63","7.99","1.09","","0.42","361908743.04","Paxta"
"1172","20-40 sm","Loy","20.38","1.46","7.95","3.01","28.54","14.4","342.18","1.25","337.67","22.58","49.34","8.02","1.41","7.49","0.81","253485047.93","Paxta"
"1174","20-40 sm","Qum","29.12","1.59","8.04","4.69","32.7","18.49","375.51","2.34","346.2","48.75","64.89","8.11","","7.31","0.66","637268257.72","Paxta"
"1175","20-40 sm","Loy","28.65","1.64","7.47","4.02","47.28","22.48","404.81","2.9","377.12","24.77","64.5","11.02","1.76","8.85","0.83","","Paxta"
"1176","20-40 sm","Gill","20.08","1.66","7.32","2.19","46.09","21.76","394.85","2.59","364.35","35.07","52.95","11.67","1.46","8.49","0.78","953121225.84","Paxta"
"1178","20-40 sm","Qum","29.02","1.74","7.85","3.31","23.4","12.35","374.23","1.27","355.53","43.2","46.84","7.8","1.5","8.6","0.71","246352987.64","Paxta"
"1179","20-40 sm","Loy","12.37","1.61","8.43","2.66","41.2","26.41","474.07","3.1","410.81","21.46","60.25","6.94","1.23","7.38","0.54","1021758235.8","Paxta"
"1180","20-40 sm","Gill","19.62","1.6","6.85","0.64","37.89","24.12","415.46","2.68","377.23","63.59","49.36","10.96","1.73","","1","","Paxta"
"1181","20-40 sm","Gill","13.96","1.72","7.68","4.17","15.34","12.17","297.08","0.9","271.18","24.62","54.58","8.42","1.03","6.8","0.66","106460378.15","Paxta"
"1182","20-40 sm","Qum","18.76","1.67","8.84","5.04","15.2","11.82","289","0.81","288.49","42.76","64.19","7.52","0.94","6.71","0.26","103275688.49","Paxta"
"1184","20-40 sm","Loy","23.32","1.39","7.36","3.33","34.92","20.14","395.54","2.14","338.13","24.3","54.26","12.01","1.4","8.16","0.86","","Paxta"
"1185","20-40 sm","Loy","13.93","1.57","6.59","1.48","21.5","15.42","334.32","1.33","303.95","31.82","30.44","9.39","2.43","8.25","0.95","239389665.68","Paxta"
"1187","20-40 sm","Loy","27.97","1.62","8.09","5.24","23.44","12.04","352.48","1.33","326.83","55.45","70.75","7.7","1.11","7.43","0.43","229592789.28","Paxta"
"1188","20-40 sm","Gill","12.44","1.51","7.44","4.23","22.55","15.31","360.33","1.56","339.56","24.19","59.77","9.54","1.17","8.42","0.72","","Paxta"
"1190","20-40 sm","Qum","24.37","1.61","8.42","3.46","29.92","17.76","357.87","1.88","336.39","22.81","56.49","","1.14","7.6","0.59","486723634.84","Paxta"
"1191","20-40 sm","Loy","16.97","1.4","8.54","2.36","36","19.05","408.33","2.11","363.92","30.07","39.82","8.92","0.66","6.61","0.47","691346357.7","Paxta"
"1194","20-40 sm","Gill","20.09","1.68","7.71","5.29","24.89","11.45","318.97","0.78","302.96","28.2","61.72","9.94","1.47","7.68","0.72","99614797.15","Paxta"
"1196","20-40 sm","Qum","14.15","1.59","8.36","2.5","27.51","17.56","381.83","1.54","343.34","42.73","31.31","10.44","0.97","7.54","0.57","322553813.65","Paxta"
"1198","20-40 sm","Loy","15.21","1.69","8.01","4.79","20.31","11.51","321.21","1.05","305.53","29.36","64.72","9.14","0.84","8.04","0.63","125066940.07","Paxta"
"1200","20-40 sm","Qum","22.91","1.53","8.08","3.49","23.57","13.78","350.57","1.59","330.01","24.82","56.31","7.71","1.33","7.02","0.69","","Paxta"
"1202","20-40 sm","Qum","22.32","1.81","7.29","5.15","16.52","8.79","282.09","0.57","312.48","58.32","56.14","7.87","1.26","7.29","0.83","58292074.24","Paxta"
"1203","20-40 sm","Gill","18.2","1.64","7.14","5.22","25.97","16.64","378.94","1.64","347.35","33.37","","9.8","1.33","7.92","0.76","374668502.04","Paxta"
"1205","20-40 sm","Qum","26.03","1.57","8.14","2.22","46.32","24.26","418.98","2.65","415.67","52.16","51","9.41","1.07","8.12","0.55","967866869.96","Paxta"
"1206","0-30","Qum","21.17","1.41","8.5","2.94","42.29","22.73","434.7","3.02","398.56","48.15","59.04","9.21","0.98","7.45","0.49","","Paxta"
"1211","0-30","Qumoq","22.74","1.59","8","3.74","29.81","19.09","414.9","2.39","361.64","20.36","","8.06","1.17","7.59","0.53","556981434.57","Paxta"
"1212","20-40 sm","Qum","26.22","1.4","8.34","3.09","31.18","20.59","388.7","2.44","348.68","28.77","48.46","10.06","1.52","7.34","0.53","695626705.24","Paxta"
"1213","20-40 sm","Qum","29.8","1.66","7.93","3.19","28.2","16.68","363.84","1.93","327.26","81.78","51.28","10.08","1.63","8.17","0.49","488737743.1","Paxta"
"1214","20-40 sm","Gill","18.9","1.64","7.94","3.31","33.59","15.71","379.06","1.85","351.84","21.24","56.9","11.35","1.38","6.69","0.68","430235593.15","Paxta"
"1216","20-40 sm","Gill","20.6","1.53","8.55","5.15","18.03","11.28","379.01","0.98","362.4","21.98","63.65","9.46","0.6","5.98","0.55","117556904.34","Paxta"
"1217","20-40 sm","Loy","17.1","1.64","6.81","1.59","27.82","15.34","343.02","1.7","323.06","26.89","35.44","10.96","2.25","9.02","1.03","315851630.39","Paxta"
"1218","20-40 sm","Gill","17.16","1.41","6.81","3.18","37.47","18.3","437.39","2.38","393.78","20.64","52.99","10.96","1.85","8.73","1","809571843.36","Paxta"
"1219","20-40 sm","Qum","15.33","1.57","8.37","4.12","28.42","21.12","398.21","1.96","369.38","31.76","70.49","7.47","0.52","6.37","0.47","628731959.69","Paxta"
"1220","20-40 sm","Loy","26.62","1.62","6.07","4.02","32.22","21.87","376.87","1.77","363.64","56.18","51.03","12.34","2.39","8.83","1.19","589510853.31","Paxta"
"1222","20-40 sm","Loy","14.34","1.8","8.57","4.73","21.88","12.91","323.61","0.92","283.14","37.15","58.71","8.77","1.1","6.46","0.29","140102244.36","Paxta"
"1226","20-40 sm","Gill","27.4","1.75","8.95","5.27","13.04","7.98","349.08","0.54","324.75","20.01","67.21","7.65","0.5","6.53","0.49","50761154.54","Paxta"
"1227","20-40 sm","Qum","25.31","1.61","6.22","3.79","44.92","23.39","415.86","2.5","372.9","64.87","63.2","13.19","2.09","","1.19","","Paxta"
"1231","20-40 sm","Gill","18.51","1.37","8.28","1.71","39.95","23.35","400.91","2.88","353.45","27.07","40.9","8.01","0.53","7.61","0.49","862952990.08","Paxta"
"1232","20-40 sm","Gill","20.19","1.5","8.89","2.64","27.2","18.94","419.84","2.13","407.41","36.11","49.27","9.55","1.02","6.84","0.43","601151828.54","Paxta"
"1233","20-40 sm","Loy","26.91","1.64","6.05","2.62","43.41","25.17","394.3","3.29","371.16","29.84","52.23","12.02","2.33","8.87","1.3","1318509223.13","Paxta"
"1234","20-40 sm","Qum","18.77","1.79","8.04","4.93","10.47","9.15","323.33","0.81","311.22","26.24","57.84","8.95","1.7","6.88","0.61","76549124.34","Paxta"
"1235","0-30","Qum","29.88","1.57","8.67","4.31","34.57","18.31","411.19","1.98","386.95","23.74","69.63","8.18","1.5","6.68","0.39","699916784.78","Paxta"
"1236","20-40 sm","Loy","23.07","1.68","6.97","2.8","26.49","17.84","380.12","1.49","368.19","30.77","58.44","10.68","1.53","8.88","0.86","330815024.17","Paxta"
"1239","20-40 sm","Gill","29.55","1.38","8.03","4.47","34.33","24.42","394.49","2.62","357.69","53.74","72.33","10.55","1.47","7.57","0.67","793552382.18","Paxta"
"1240","20-40 sm","Gill","25.39","1.62","6.07","2.45","41.77","21.42","389.39","2.57","354.91","25.2","40.57","12.91","2.46","10.63","1.02","","Paxta"
"1241","20-40 sm","Qum","23.08","1.53","7.98","4.01","28.8","16.91","399.28","1.63","367.04","21.82","59.81","8.88","1.32","7.65","0.59","323692737.85","Paxta"
"1243","20-40 sm","Gill","21.74","1.46","6.29","1.12","44.07","22.23","423.99","2.94","408.55","","39.26","12.49","2.14","9.61","1.13","1167926360","Paxta"
"1244","20-40 sm","Gill","18.2","1.77","8.24","5.27","10.81","8.05","304.36","0.69","277.45","44.07","55.68","8.52","1.11","6.43","0.51","","Paxta"
"1247","0-30","Qum","23.67","1.59","8.99","5.1","21.52","19.98","408.71","1.69","356.86","38.2","65.27","6.54","0.75","5.97","0.31","368292415.33","Paxta"
"1248","20-40 sm","Gill","15.96","1.8","9","5.37","10.58","9.67","310.75","0.62","285.57","27.42","64.11","5.63","0.78","6.09","0.39","42224366.92","Paxta"
"1249","20-40 sm","Loy","22.29","1.73","8.57","3.61","27.45","15.65","325.8","1.31","268.83","65.46","50.98","9.74","0.88","6.92","","","Paxta"
"1251","20-40 sm","Qum","29.9","1.61","7.19","3.69","28.57","16.25","341.77","1.94","326.7","35.65","49.29","9.76","2.15","7.41","","424548824.92","Paxta"
"1252","20-40 sm","Qum","22.09","1.68","7.77","4.52","20.49","11.09","346.34","0.98","311.78","27","43.73","9.49","1.44","7.87","0.63","118238661.77","Paxta"
"1254","0-30","Qumoq","29.3","1.37","8.78","3.56","43.15","24.19","472.63","3.2","427.93","23.28","58.63","9.73","0.91","6.73","0.37","1106525549.21","Paxta"
"1262","20-40 sm","Loy","21.43","1.7","8.57","5.04","11.89","10.6","310.36","0.68","288.51","39.1","58.18","","0.94","6.78","0.29","80469901.92","Paxta"
"1264","20-40 sm","Loy","29.46","1.53","6.89","1.45","27.61","18.07","362.16","1.65","329.34","32.24","28.97","","1.61","8.92","0.97","428205348.05","Paxta"
"1266","20-40 sm","Gill","21.6","1.66","7.83","3.66","26.76","13.58","347.17","1.48","326.01","31.58","51.05","9.64","1.2","","0.52","228202552.2","Paxta"
"1269","20-40 sm","Gill","16.42","1.67","8.78","3.04","31.48","16.6","371.38","2.03","326.31","47.21","51.14","9.21","","7.4","0.37","409928134.12","Paxta"
"1271","20-40 sm","Gill","23.74","1.61","8.42","3.68","19.72","11.74","353.71","1.16","320.47","29.93","49.25","8.13","0.78","6.84","0.62","153641024.98","Paxta"
"1272","20-40 sm","Loy","24.37","1.65","8.87","5.07","10.87","9.34","340.1","0.63","313.34","27.49","64.15","7.43","0.91","6.81","0.25","98895069.68","Paxta"
"1273","0-30","Qum","25.59","1.6","7.57","4.22","32.31","22.3","417.59","2.4","388.89","22.79","66.86","11.33","1.51","8.36","0.84","888121481.05","Paxta"
"1274","0-30","Qumoq","25.68","1.67","8.61","3.72","31.51","17.99","400.15","2.16","397.48","20.16","69.9","7.61","1.17","6.88","0.4","587923530.31","Paxta"
"1276","20-40 sm","Gill","26","1.41","6.88","2.84","33.83","19.61","344.39","1.8","327.72","23.93","50.78","12.04","1.44","9.53","0.83","410193883.5","Paxta"
"1278","0-30","Qumoq","26.01","1.37","7.89","2.77","39.7","22.69","421.33","2.27","388.43","39.43","","8.06","","7.19","0.51","843079379.86","Paxta"
"1279","20-40 sm","Loy","28.49","1.75","8.05","3.22","31.4","18.73","388.28","1.91","363.2","25.88","52.46","10.02","2.03","6.89","0.57","","Paxta"
"1280","0-30","Qum","16.66","1.64","8.51","3.53","33.61","17.08","423.58","2.56","415.14","28.14","49.85","7.34","1.15","6.59","0.53","644361052.04","Paxta"
"1281","20-40 sm","Qum","15.84","1.63","6.48","1.2","31.04","18.82","401.51","2.1","345.84","36.19","44.92","","1.48","8.79","1.1","535930975.55","Paxta"
"1282","20-40 sm","Gill","15.48","1.63","6.07","2.92","45.02","23.72","391.25","2.57","367.91","20.22","57.66","11.87","2.12","10.33","1.26","1002593507.51","Paxta"
"1283","20-40 sm","Qum","19.06","1.58","8.45","4.72","17.84","11.53","326.68","1.2","306.12","43.33","58.93","6.87","1.04","7.04","0.52","159396254.69","Paxta"
"1284","20-40 sm","Qum","16.96","1.57","6.9","3.49","31.4","15.38","358.27","1.66","349.14","22.33","54.1","10.85","1.77","8.47","0.91","416919623.15","Paxta"
"1285","20-40 sm","Qum","25.77","1.75","7.47","4.83","10.19","7.04","280.42","0.64","282.69","20.63","60.71","8.02","1.59","7.66","0.78","67683663.57","Paxta"
"1287","20-40 sm","Qum","15.05","1.64","6.31","1.57","28.62","16.57","321.31","1.56","285.1","66.18","25.56","10.92","1.85","8.66","1.07","348445812.47","Paxta"
"1288","20-40 sm","Loy","28.15","1.68","7.51","5.19","13.24","10.34","315.44","0.85","275.42","55.28","66.21","9.73","0.85","8.64","0.72","95265201.62","Paxta"
"1289","20-40 sm","Loy","15.84","1.52","6.74","1.8","35.96","17.6","401.31","2.45","374.1","22.13","32.92","10.06","1.51","8.94","1.09","690415002.2","Paxta"
"1291","20-40 sm","Qum","17.28","1.69","8.94","4.99","15.67","11.46","357.18","1.07","347.09","30.89","62.48","7.62","","6.36","0.36","132970504.66","Paxta"
"1292","20-40 sm","Gill","24.28","1.54","8.17","1.93","37.92","22.12","396.07","2.4","335.97","","41.53","9.86","1.13","7.64","0.52","796596267.77","Paxta"
"1293","0-30","Qum","15.33","1.66","7.75","4.39","36.81","18.8","407.73","2","403.17","33.59","66.83","10.24","","7.85","0.57","699989693.75","Paxta"
"1296","20-40 sm","Qum","29.34","1.7","6.74","4.58","22.08","12.68","345.95","1.52","317.89","29.56","61.55","9.84","1.69","8.07","0.86","","Paxta"
"1298","20-40 sm","Loy","21.69","1.61","8.22","4.15","27.21","12.44","375.24","1.72","328.88","33.99","49.86","7.99","1.38","7.72","0.62","","Paxta"
"1300","20-40 sm","Gill","20.63","1.62","7.5","2.29","44.9","26.4","416.57","3.05","412.3","22.58","48.89","10.58","2.09","9.2","0.74","1520304535.65","Paxta"
"1301","20-40 sm","Loy","25.59","1.68","8.92","5.09","21.5","12.34","340.76","1.38","334.36","27.14","66.45","8.84","0.45","6.35","0.49","271021845.38","Paxta"
"1302","20-40 sm","Qum","24.72","1.58","7.62","4.29","46.07","21.41","396.22","2.85","368.76","31.84","72.68","8.76","2.01","7.94","0.76","954112185.26","Paxta"
"1303","20-40 sm","Loy","18.71","1.58","7.66","4.3","31.76","16.83","369.45","1.95","348.04","24.31","56.79","11.45","1.56","8.48","0.55","473138451.55","Paxta"
"1304","20-40 sm","Gill","16.58","1.59","6.17","4.85","37.93","24.78","392.71","2.82","329.17","27.58","85.47","10.6","","9.7","1.11","980031372.13","Paxta"
"1307","0-30","Qumoq","17.43","1.5","8.01","4.47","43.72","21.65","451.58","2.33","394.9","21.39","66.68","9.04","1.07","7.69","","900972433.44","Paxta"
"1309","20-40 sm","Qum","13.11","1.54","7.57","4.53","32.62","16.77","389.57","2.04","374.25","40.26","64.6","8.92","1.53","8.21","","532342908.03","Paxta"
"1311","20-40 sm","Gill","18.74","1.48","7.09","2.12","27.62","16.35","377.38","2.1","340.91","57.64","50.7","","1.09","7.64","0.84","465480547.94","Paxta"
"1312","20-40 sm","Qum","24.43","1.52","7.54","5.16","21.3","13.86","351.79","1.39","338.02","39.56","67.19","8.57","1.49","","0.63","214278283.83","Paxta"
"1313","20-40 sm","Qum","21.37","1.62","6.31","1.77","43.51","22.34","390.58","2.46","391.31","31.29","37.47","13.24","2.23","9.43","1.08","","Paxta"
"1314","20-40 sm","Qum","24.25","1.71","8.89","4.66","20.52","10.64","332.18","1.01","304.53","30.15","55.07","7.33","0.94","6.96","0.24","123219550.57","Paxta"
"1315","0-30","Qumoq","24.8","1.5","8.46","4.01","34.5","17.17","411.84","1.94","367.42","27.43","64.67","8.98","1.17","7.12","0.44","456344802.5","Paxta"
"1318","20-40 sm","Gill","26.64","1.39","8.67","2.17","35.96","24.09","417.37","2.96","371.97","25.12","41.61","9.1","0.91","6.39","0.3","979532386.06","Paxta"
"1321","20-40 sm","Qum","29.11","1.35","7.75","2.35","35.67","18.46","416.8","1.97","371.37","52.05","47.2","9.64","1.46","8.33","","555447890.05","Paxta"
"1322","20-40 sm","Qum","18.19","1.49","7.88","1.48","37.04","18.93","377.57","2.15","328.15","47.55","35.62","9.05","","6.58","0.33","789715963.86","Paxta"
"1323","20-40 sm","Gill","26.24","1.39","8.21","3.4","28.66","17.89","396.83","2.36","355.08","21.49","52.12","8.84","1.43","7.16","","720265600.4","Paxta"
"1325","20-40 sm","Gill","22.96","1.53","6.86","3.5","44.4","25.51","447.54","2.85","403.92","23.83","58.76","13.18","","9.48","1.04","1210593113.28","Paxta"
"1327","20-40 sm","Qum","21.23","1.65","8.48","3.21","20.38","11.59","353.43","1.47","329.67","35.21","50.24","8.74","0.3","6.68","0.47","267146673.15","Paxta"
"1329","20-40 sm","Gill","13.06","1.72","8.12","4.41","20.29","13.17","288.22","0.99","314.25","38.01","55.3","9.25","0.69","7.29","0.53","140021220.96","Paxta"
"1331","20-40 sm","Qum","25.04","1.44","8.29","1.91","25.99","17.57","374.18","1.57","337.28","22.17","45.93","8.47","0.92","","0.6","","Paxta"
"1332","20-40 sm","Gill","27.3","1.58","7.47","2.33","35.09","17.97","388","2.42","340.49","26.33","49.44","10.52","1.71","7.86","0.67","752548900.06","Paxta"
"1333","20-40 sm","Gill","19.46","1.38","8.48","2.28","37.32","17.96","389.2","2.01","","27.08","","8.72","0.84","6.64","0.33","689914919.05","Paxta"
"1334","0-30","Qum","16.53","1.37","8.17","2.9","28.67","19.08","400.21","2.35","381.91","","48.73","8.01","1.37","6.75","0.73","649720471.52","Paxta"
"1335","0-30","Qumoq","20.92","1.68","8.26","4.06","36.19","18.15","410.52","2.63","404.06","28.62","63.46","7.18","0.53","8.11","0.66","698679950.6","Paxta"
"1336","20-40 sm","Loy","29.94","1.55","8.41","4.59","33.12","19.73","381.79","2.34","369.82","25.37","64.57","8.03","0.86","7.4","0.33","613777481.07","Paxta"
"1338","20-40 sm","Gill","28.7","1.57","6.13","3.3","41.58","22.15","406.83","2.95","392.42","20.39","57.03","12.28","2.01","9.06","1.2","993024317.33","Paxta"
"1341","20-40 sm","Gill","27.91","1.66","7.23","5.01","24.5","15.87","370.74","1.74","353.38","67.92","68.91","7.82","1.93","8.7","0.9","314587498.9","Paxta"
"1343","20-40 sm","Gill","18.25","1.7","8.11","4.67","22.67","13.4","342.16","1.11","323.52","39.81","65.18","8.82","0.77","6.9","0.55","170985653.72","Paxta"
"1348","20-40 sm","Qum","27.72","1.69","8.62","4.83","14.14","8.81","345.85","0.97","292","24.55","54.08","8.8","0.82","7.12","0.51","96855558.15","Paxta"
"1351","20-40 sm","Loy","15.04","1.76","6.98","4.57","19.55","15.76","332.45","1.49","320.32","47.04","57.95","11.2","1.05","","0.87","233413779.41","Paxta"
"1353","20-40 sm","Loy","19.22","1.65","8.12","4.97","18.84","12.23","336.36","0.85","310.9","36.42","66.02","8.66","1.16","","0.41","115260371.39","Paxta"
"1354","20-40 sm","Gill","22.13","1.4","7.44","3.09","33.09","15.97","398.86","2.21","356.71","23.68","45.27","9.76","1.33","8.72","0.77","558943241.75","Paxta"
"1358","20-40 sm","Loy","16.6","1.64","8.72","3.99","12.71","9.99","318.9","0.75","326.14","21.58","54.76","5.31","0","6.13","0.43","86355926.23","Paxta"
"1359","0-30","Loy","18.59","1.49","8.73","3.92","31.24","17.42","418.68","2.4","396.79","65.17","65.18","9.6","1.17","6.8","0.35","605483501.82","Paxta"
"1360","20-40 sm","Gill","17.88","1.64","8.57","3.9","14.92","13.31","311.68","1.01","309.54","24.35","53.33","8.24","0.74","","0.49","166762943.12","Paxta"
"1361","20-40 sm","Gill","29.12","1.73","8.47","5.12","17.94","12.68","338.52","1.07","305.42","48.5","61.61","9.03","0.55","6.83","0.56","106540056.98","Paxta"
"1365","20-40 sm","Loy","9.54","1.54","6.69","3.54","37.44","22.8","395.44","2.43","374.07","20.93","65.85","9.7","2.04","9.35","0.89","791728038.76","Paxta"
"1366","20-40 sm","Gill","25.96","1.7","8.41","4.73","15.27","10.3","340.93","1.02","326.43","32.11","","8.2","0.82","7.15","0.44","133694589.62","Paxta"
"1368","20-40 sm","Gill","26.4","1.33","7.57","3.95","38.68","25.12","399.33","2.56","362.78","26.6","77.34","9.61","1.62","","0.62","973773830.88","Paxta"
"1369","20-40 sm","Qumoq","13.66","1.65","8.22","4.83","31.12","18.09","410.21","1.62","365.15","31.23","68.12","8.59","1.2","7.52","0.51","453901558.54","Paxta"
"1370","20-40 sm","Qum","22.21","1.58","7.61","4.92","31.07","20.19","405.4","1.93","380.14","34.94","63.74","9.96","1.53","","0.73","480881996.84","Paxta"
"1371","20-40 sm","Gill","8.72","1.52","8.46","2.02","40.12","17.13","388.05","2.27","","25.96","47.57","9.95","1.14","7.26","0.37","621174046.05","Paxta"
"1372","20-40 sm","Qum","18.41","1.57","7.12","1.61","32.97","21.82","442.01","2.38","411.44","25.9","39.83","10.9","2.52","8.56","0.9","869274213.06","Paxta"
"1374","20-40 sm","Qum","14","1.62","7.35","2.66","23.99","12.29","318.15","1.45","336.05","22.6","42.28","10.93","1.65","7.6","0.78","298702432.87","Paxta"
"1376","20-40 sm","Qum","28","1.7","8.96","5.26","12.18","9.79","357.53","0.71","333.41","41.42","63.15","5.52","0.58","","0.28","72074513.45","Paxta"
"1377","20-40 sm","Gill","15.52","1.77","6.64","5.02","23.9","14.42","351.96","1.46","355.93","24.52","70.7","13.47","1.67","8.96","0.99","313905520.56","Paxta"
"1379","20-40 sm","Qum","28.17","1.69","7.25","4.04","15.1","10.22","318.65","0.8","303.32","24.24","54.38","9.57","1.56","8.34","0.78","95027555.96","Paxta"
"1381","20-40 sm","Loy","21.61","1.7","6.74","2.04","43.54","19.01","425.03","2.64","381.13","32.22","46.11","10.89","","9.22","1.07","693619735.09","Paxta"
"1383","20-40 sm","Gill","19.99","1.35","8.76","2.35","28.54","15.81","373.07","1.69","330.42","39.46","46.62","8.49","0.52","6.46","0.37","","Paxta"
"1385","20-40 sm","Loy","22.82","1.65","8.75","4.44","29.58","14.38","363.04","1.89","383.74","20.04","56.74","6.57","0.63","6.23","0.31","448857817.92","Paxta"
"1387","20-40 sm","Loy","14.13","1.61","7.52","3.95","33.65","17.9","392.73","2.18","376.32","21.62","62.13","11.14","1.32","8.37","0.83","525168259.6","Paxta"
"1388","20-40 sm","Gill","18.32","1.52","7.23","3.51","41.91","21.74","368.38","2.13","329.19","20.58","55.62","10.02","2.04","8.17","0.89","709923812.69","Paxta"
"1389","20-40 sm","Qum","21.44","1.55","7.51","4.12","37.2","18.2","390.12","2.28","375.72","20.1","60.71","12.2","1.65","8.46","0.68","779988485.47","Paxta"
"1390","20-40 sm","Qum","26.61","1.58","8.32","3.54","48.85","30.04","454.43","3.52","405.72","24.67","68.49","9.45","1.22","6.77","0.37","1202330456.59","Paxta"
"1391","20-40 sm","Gill","25.14","1.62","8.51","4.81","21.11","11.94","360.4","1.15","347.25","40.34","66.37","7.52","0.48","6.81","0.53","172706916.45","Paxta"
"1393","20-40 sm","Gill","24.2","1.63","6.53","1.05","35.57","17.01","369.07","1.82","321.56","20.27","36.01","12.58","1.59","8.48","1.12","584460173.76","Paxta"
"1395","20-40 sm","Qumoq","28.3","1.46","8.84","4.02","41.58","21.75","415.68","2.29","387.48","25.07","65.47","8.11","1.29","","0.32","712861489.83","Paxta"
"1397","20-40 sm","Gill","19.12","1.67","8.61","4.51","15.43","12.52","352.92","1.46","326.2","29.56","69.23","6.66","0.38","6.27","","232953947.23","Paxta"
"1399","20-40 sm","Gill","26.55","1.53","8.59","5.22","18.44","9.25","329.85","1.13","315.41","29.53","70.74","8.41","1.02","6.94","0.35","166107928.43","Paxta"
"1401","20-40 sm","Loy","24.95","1.41","8.32","2.34","37.74","18.04","365.6","2.09","334.75","34.36","48.65","9.42","1.18","7.53","0.49","733752430.82","Paxta"
"1402","20-40 sm","Qum","13.4","1.61","8.34","2.65","33.41","19.05","423.23","2.05","369.94","36.78","","8.88","1.11","7.31","0.31","627928715.78","Paxta"
"1403","20-40 sm","Qum","22.82","1.6","7.92","3.62","20.33","14.26","328.79","1.38","308.15","77.43","54.86","8.82","1.23","7.34","0.85","258720465.35","Paxta"
"1405","20-40 sm","Qum","23.16","1.65","7.04","2.36","29.72","13.53","328.79","1.6","301.58","30.04","44.03","11.62","2.01","8.1","0.8","359872461.2","Paxta"
"1406","20-40 sm","Qum","28.86","1.66","8.22","3.16","21.37","13.84","367.39","1.66","345.85","32.91","","10.13","1.11","7.04","0.4","334459183","Paxta"
"1408","20-40 sm","Gill","22.42","1.42","6.5","3.23","45.99","25.37","440.49","2.86","411.22","66.41","60.57","11.26","2.19","8.15","1.06","","Paxta"
"1409","20-40 sm","Gill","24.82","1.61","7.43","4.54","52.9","26.55","445.59","3.1","410.7","30.04","77.69","11.82","1.32","8.14","0.79","1252354879.95","Paxta"
"1412","20-40 sm","Qum","18.85","1.45","7.77","4.71","33.85","16.53","396.44","2.05","390.18","24.81","66.9","10.16","0.89","7.95","0.68","502396868.34","Paxta"
"1413","20-40 sm","Gill","16.02","1.59","7.43","4.9","13.42","11.26","354.74","0.86","328.92","23.28","66.86","9.56","1.15","8.02","0.77","","Paxta"
"1414","20-40 sm","Qum","28.36","1.54","6.57","4.43","36.34","23.51","370.4","2.74","340.32","20.21","72.63","12.76","2.18","","1.07","896317711.02","Paxta"
"1415","20-40 sm","Qum","18.26","1.69","8.27","5.12","13.8","8.73","325.99","0.9","320.83","59.34","66.19","6.82","0.97","7.27","","95208941.44","Paxta"
"1416","20-40 sm","Loy","21.87","1.67","7.38","4.32","17.48","9.33","340.84","1.05","349.06","75.09","66.36","10.05","1.82","8.18","0.92","123373134.51","Paxta"
"1417","20-40 sm","Loy","20.95","1.35","8.1","3.57","29.87","16.96","377.16","1.94","373.2","25.07","49.88","9.02","1.28","7.24","0.49","511882035.85","Paxta"
"1418","20-40 sm","Qum","25.45","1.69","7.46","1.9","26.95","13.99","357.59","1.24","348.43","26.89","","10.6","1.48","8.02","0.72","222855665.27","Paxta"
"1419","20-40 sm","Qum","25.61","1.73","8.05","4.38","16.32","13.27","330.69","1.09","322.46","28.6","51.89","8.42","1.58","7.19","0.62","172312540.51","Paxta"
"1421","20-40 sm","Loy","16.18","1.66","8.23","3.12","10.88","8.94","316.02","0.75","296.38","23.94","57.11","8.29","0.6","7.17","0.52","67247915.76","Paxta"
"1422","20-40 sm","Gill","22.33","1.48","6.62","3.24","49.66","24.98","379.45","2.2","372.44","28.41","56.08","11.07","1.71","9.54","0.98","796598728.51","Paxta"
"1424","20-40 sm","Qum","26.1","1.71","8.76","5.14","9.1","8.21","366","0.58","358.54","20.94","74.43","6.56","0.53","7.26","0.2","50158598.74","Paxta"
"1425","20-40 sm","Qum","21.85","1.48","8.14","1.51","27.03","20.01","356.85","1.96","335.87","27.5","34.27","9.28","1","7.91","0.48","","Paxta"
"1427","20-40 sm","Gill","24.22","1.53","7.8","0.91","35.89","20.22","342.64","2.18","317.78","","32.94","11.71","1.61","","0.58","775091591.81","Paxta"
"1428","20-40 sm","Gill","24.54","1.7","8.53","5.3","11.65","7.56","347.23","0.64","339.08","23.2","56.05","6.61","0.84","","0.67","52566172.41","Paxta"
"1430","20-40 sm","Qum","26.41","1.68","7.57","4.56","28.14","16.59","402.48","1.38","387.37","26.02","64.5","11.34","1.48","7.89","0.69","352505238.17","Paxta"
"1431","20-40 sm","Qum","12.48","1.77","8.53","5.21","15.5","10","327.97","0.76","319.79","23.97","58.61","8.04","0.66","","0.52","65012429.08","Paxta"
"1432","20-40 sm","Qum","29.55","1.61","8.42","4.47","26.63","15.77","349.21","1.57","325.46","23.75","62.99","6.81","1.03","","0.44","296241949.81","Paxta"
"1434","20-40 sm","Gill","14.11","1.73","8.99","5.1","15.1","8.98","332.06","0.6","324.13","","61.89","8.25","0.77","7.14","0.26","54045663.49","Paxta"
"1439","20-40 sm","Qum","27.58","1.54","6.62","3.47","47.25","24.32","392.01","2.81","","33.55","54.3","12.53","1.52","","1.02","1053710133.58","Paxta"
"1443","20-40 sm","Gill","26.08","1.76","8.98","4.7","11.71","7.08","303.64","0.64","306.27","21.66","","6.43","0","6.44","0.23","61600051.76","Paxta"
"1444","20-40 sm","Qum","28.67","1.39","6.62","1.95","38.68","19.84","421.37","2.5","352.99","21.25","43.71","11.4","","9.27","1.02","","Paxta"
"1445","20-40 sm","Loy","15.78","1.43","8.13","2.15","19.8","12.89","349.84","1.42","315.66","23.51","44.27","6.85","1.05","7.47","0.6","278027218.32","Paxta"
"1448","20-40 sm","Qum","14.29","1.62","8.03","3.16","21.9","10.64","364.61","1.26","376.77","42.13","41.08","11.31","1.17","7.18","0.58","171883986.7","Paxta"
"1450","20-40 sm","Gill","15.58","1.59","7.83","3.58","37.94","15.77","381.13","1.8","337.29","25.93","57.39","9","1.52","7.34","0.7","","Paxta"
"1452","20-40 sm","Loy","23.94","1.77","7.73","4.21","19.13","12.37","336.54","1.07","314.2","25.36","51.62","9.14","1.41","7.23","0.73","119191262.63","Paxta"
"1455","20-40 sm","Gill","27.93","1.64","8.48","1.66","24.17","14.32","357.89","1.35","356.36","26.57","30.3","7.92","1.22","7.01","0.51","234397115.03","Paxta"
"1456","20-40 sm","Gill","16.17","1.55","8.59","1.55","33.28","17.45","391.15","1.62","343.81","38.94","41.71","6.88","1.35","7.08","0.34","","Paxta"
"1459","20-40 sm","Gill","27.82","1.4","8.13","4.01","31.08","21.73","364.8","2.35","341.24","29.41","64.81","","1.4","7.38","0.4","615855591.8","Paxta"
"1460","20-40 sm","Gill","10.87","1.55","7.34","3.87","32.43","20.5","400.22","2.1","357.26","24.23","66.24","9.75","1.79","8.15","0.94","","Paxta"
"1462","20-40 sm","Qum","28.93","1.61","6.39","2","39.54","19.95","375.9","2.26","364.97","22.78","34.7","11.71","1.95","9.53","0.92","643467151.84","Paxta"
"1463","20-40 sm","Gill","23.11","1.37","8.93","4.17","33.85","22.46","393.17","2.27","359.22","20.93","64.39","8.34","1.21","6.64","0.47","957878932.37","Paxta"
"1464","20-40 sm","Loy","27.02","1.62","8.63","4.26","18.76","11.11","346.46","1.03","313.33","22.88","53.61","7.5","0.57","6.82","0.28","110897242.19","Paxta"
"1466","20-40 sm","Qumoq","28.32","1.61","7.75","3.19","53.86","23.59","411.97","2.96","392.84","21.27","46.46","9.44","","7.99","0.71","1083786437.22","Paxta"
"1467","20-40 sm","Gill","24.66","1.55","6.29","3.81","36.36","17.55","354.3","2.06","314.89","","54.74","10.72","1.74","9.41","0.91","","Paxta"
"1469","20-40 sm","Loy","16.72","1.62","8.9","4.72","9.13","7.94","326.31","0.69","283.11","23.08","58.27","6.24","1.35","6.57","0.36","57288991.86","Paxta"
"1470","20-40 sm","Gill","18.3","1.61","7.74","2.43","41.1","22.92","420.61","2.39","375.21","24.49","42.9","10.12","1.51","8.3","0.67","","Paxta"
"1471","20-40 sm","Loy","23.37","1.65","7.28","2.32","39.98","17.29","387.8","1.9","369.72","28.21","56.09","11.06","1.81","","0.98","638209796.28","Paxta"
"1472","20-40 sm","Loy","22.45","1.44","8.24","4.77","35.38","18.26","415.63","2.74","376.14","24.8","61.15","9.56","1.18","7.46","0.36","887869962.76","Paxta"
"1474","20-40 sm","Qum","22.44","1.57","8.13","4.54","32.68","16.63","390.28","1.82","341.57","20.6","69.76","10.26","","7.56","0.82","529282715.79","Paxta"
"1475","20-40 sm","Qum","20.48","1.7","7.76","4.78","30.62","17.55","398.74","1.65","","51.4","64.37","9.73","1.11","7.67","0.71","426721334.11","Paxta"
"1476","20-40 sm","Gill","17.96","1.54","8.97","3.79","24.1","15.47","377.42","1.57","355.01","26.1","","","0.64","6.02","0.48","322862293.5","Paxta"
"1477","20-40 sm","Loy","28.36","1.68","6.43","3.55","22.92","13.52","329.9","1.03","314.75","33.15","49.85","","1.98","8.68","1.05","178888440.57","Paxta"
"1479","20-40 sm","Qum","27.14","1.57","6.74","2.73","49.43","25.81","427.11","2.92","372.96","27.04","61.65","13.24","2.16","9.5","0.75","1238613095.31","Paxta"
"1480","20-40 sm","Gill","29.76","1.62","8.57","4.48","19.99","12.9","352.58","0.88","333.79","70.43","56.29","8.83","0.83","","0.37","119086779.36","Paxta"
"1482","20-40 sm","Gill","24.4","1.46","8.4","2.73","20.92","14.51","375.31","1.65","374.01","38.4","45.56","8.68","1.01","6.95","","274527529.49","Paxta"
"1483","20-40 sm","Loy","24.35","1.68","8.37","4.45","21.91","15.13","364.67","1.65","378.64","77.31","59.72","7.93","0.98","","0.55","273978631.22","Paxta"
"1484","20-40 sm","Qum","15.6","1.64","7.11","2.02","37.7","23.94","376.93","2.37","327.93","33.8","52.9","11.8","1.55","9.51","1.02","846814375.64","Paxta"
"1486","20-40 sm","Gill","28.13","1.74","8.91","2.82","25.77","18.18","398.19","1.75","363.13","22.25","47.51","7.07","1","6.45","0.5","567624500.29","Paxta"
"1487","20-40 sm","Qum","16.51","1.73","6.86","3.6","17.19","10.55","282.63","0.9","285.38","32.97","45.99","10.94","1.41","8.25","1.04","83496463.13","Paxta"
"1488","20-40 sm","Gill","29.83","1.67","7.55","2.54","33.35","15.57","383.62","1.72","328.49","70.18","40.02","8.87","2.06","7.71","0.79","512283171.53","Paxta"
"1490","20-40 sm","Gill","15.56","1.68","8.62","4.34","41.21","22.71","390.43","2.67","357.64","32.82","72.23","8.26","1.17","7.12","0.42","778178906.19","Paxta"
"1491","20-40 sm","Gill","14.98","1.69","8.48","3.21","23.23","12.23","347.61","1.26","315.2","46.86","48.19","8.79","0.8","5.41","0.56","204806755.67","Paxta"
"1493","20-40 sm","Loy","14.36","1.57","6.12","3.66","40.52","21.49","380.85","2.39","352.94","29.57","62.77","","2.63","8.84","1.13","710795608.02","Paxta"
"1494","20-40 sm","Qum","25.35","1.42","6.28","4.13","34.97","20.93","376.82","2.27","356.52","52.52","55.85","11.21","2.42","9.78","1.01","564602667.54","Paxta"
"1495","20-40 sm","Gill","12.35","1.61","6.15","0.96","51.94","26.43","411.16","3.1","355","27.25","41.55","11.09","1.86","9.38","0.94","1092721660.47","Paxta"
"1499","20-40 sm","Qum","19.13","1.6","8.71","5.08","11.94","10.98","319.93","0.92","298.21","39.73","65.67","8.1","0.34","6.14","0.54","102650617.94","Paxta"
"1502","20-40 sm","Gill","22.75","1.47","7.84","2.02","45.72","22.51","416.38","2.62","392.8","23.85","51.33","10.03","1.38","7.53","0.73","918128415.19","Paxta"
"1505","20-40 sm","Gill","29.21","1.7","7.21","4.6","16.45","10.54","323.85","0.85","317.42","33.51","53.48","11.23","1.85","8.63","0.79","","Paxta"
"1508","20-40 sm","Gill","24.25","1.39","6.25","2.17","39.68","25.12","411.11","2.48","375.85","","45.8","12.11","2.27","9.78","1.17","1093067653.47","Paxta"
"1512","20-40 sm","Qum","28.39","1.48","6.3","3.12","47.06","23.86","362.03","2.39","327.65","63.25","52.47","13.07","2.39","10.56","0.97","853717096.92","Paxta"
"1514","20-40 sm","Loy","24.51","1.63","7.47","4.15","44.72","26.17","409.16","2.8","368.87","37.1","64.6","11.19","1.54","7.83","0.71","1049980489.35","Paxta"
"1515","20-40 sm","Gill","27.75","1.68","8.78","4.94","22.17","10.69","342.99","0.99","330.19","24.3","71.98","8.21","0.52","5.74","0.55","95999438.44","Paxta"
"1518","20-40 sm","Gill","16.35","1.7","7.21","4.97","15.55","9.06","321.7","0.64","325.76","56.79","67.57","9.24","1.37","8.27","0.8","63718376.76","Paxta"
"1519","20-40 sm","Loy","17.22","1.7","8.25","4.94","12.67","9.67","322.09","0.71","318.63","32.45","58.58","9.96","0.64","6.78","0.45","80338134.3","Paxta"
"1523","20-40 sm","Qum","18.17","1.48","8.38","2.48","28.67","15.74","375.61","2.16","342.21","20.14","54.37","9.9","0.94","6.93","0.5","452546644.12","Paxta"
"1524","20-40 sm","Gill","25.36","1.68","7.48","3.55","34.74","22.61","415.43","2.3","388.57","26.35","57.86","8.82","1.21","7.91","","762608033.33","Paxta"
"1525","20-40 sm","Loy","18.29","1.73","8.8","5.17","12.04","10.36","301.88","0.86","262.22","56.51","64.21","8.49","0.23","5.28","0.32","100002506.42","Paxta"
"1526","20-40 sm","Qumoq","13.58","1.48","8.15","3.63","40.78","21.5","470.61","3.11","407.21","26.45","56.87","8.1","1.22","7.53","0.44","1039213230.21","Paxta"
"1527","20-40 sm","Qum","25.37","1.72","8.81","4.02","16.52","12.06","363.61","0.95","340.03","26.42","55.23","","0.92","7.05","0.15","97958570.25","Paxta"
"1528","20-40 sm","Loy","27.94","1.64","6.64","3.1","51.09","29.56","432.65","2.92","396.24","22.39","","","1.69","9.33","1.06","1386819430.74","Paxta"
"1530","20-40 sm","Qumoq","13.69","1.57","8.04","3.69","29.07","16.45","412.43","2.05","360.97","55.71","51.64","9.77","1.26","","","506968349.91","Paxta"
"1531","20-40 sm","Loy","25.97","1.37","6.49","1.12","41.37","18.69","379.82","1.97","365.48","21.38","38.71","10.31","2.74","9.04","1.04","657466313.13","Paxta"
"1532","20-40 sm","Loy","20.32","1.66","7.27","1.82","49.5","26.82","451.14","3.03","422.43","25.45","43.24","8.84","1.92","7.92","0.94","1257435779.45","Paxta"
"1533","20-40 sm","Qumoq","27.41","1.58","8.02","3.32","27.46","17.8","417.37","1.99","377.32","56.65","50.61","9.37","1.29","7.77","0.68","542112311.8","Paxta"
"1534","20-40 sm","Qum","29.15","1.72","7.45","4.07","26.57","12.89","348.03","1.23","334.74","25.15","57.67","10.46","1.83","7.45","0.71","218328840.27","Paxta"
"1535","20-40 sm","Qum","13.75","1.67","7.61","4.47","25.15","14.57","377.43","1.76","355.29","36.17","61.65","11.38","1.49","6.96","0.68","401346412.25","Paxta"
"1536","20-40 sm","Gill","17.36","1.47","7.92","3.32","30.13","19.59","386","1.85","374.18","75.36","55.54","","1.32","7.46","0.44","534894835.99","Paxta"
"1537","20-40 sm","Gill","18.79","1.53","6.9","3.89","26.12","17.5","386.66","1.71","375.34","42.94","66.23","10.38","1.98","","1.02","488630286.36","Paxta"
"1538","20-40 sm","Qumoq","18.78","1.69","8.42","4.71","28.55","15.59","417.88","2.1","381.65","22.53","68.11","9.55","1.39","7.15","0.45","","Paxta"
"1540","20-40 sm","Loy","16.2","1.51","9","4.59","13.5","10.62","357.61","1.01","325.24","23.32","57.12","6.24","0.65","7.26","0.22","176791024.28","Paxta"
"1542","20-40 sm","Loy","20.82","1.71","7.31","4.92","24.58","16.49","331.57","1.72","311.29","25.72","62.45","10.53","1.58","8.96","0.76","383729170.71","Paxta"
"1543","20-40 sm","Gill","18.48","1.69","6.08","1.63","41.05","22.82","421.17","2.38","385.07","26.56","37.4","12.2","2.31","8.74","1.15","1052372627.76","Paxta"
"1544","20-40 sm","Loy","28.37","1.54","7.62","3.54","43.84","26.9","452.33","2.98","423.33","28.28","","12.23","1.22","7.75","0.84","935798961.23","Paxta"
"1546","20-40 sm","Qum","17.01","1.46","7.05","0.85","53.25","24.85","436.15","3.56","383.51","43.83","33.83","12.14","2.12","9.14","1.02","1184482824.74","Paxta"
"1547","20-40 sm","Qum","17.35","1.42","6.73","1.81","36.98","18.59","361.84","2","350.79","25.47","34.53","10.34","1.98","9.11","0.85","478410163.52","Paxta"
"1548","20-40 sm","Qum","19.72","1.72","8.29","3.22","34.27","19.05","400.58","2.43","342.44","56.58","56.78","9.31","0.96","7.03","0.6","738856620.83","Paxta"
"1549","20-40 sm","Qum","25.45","1.72","8.92","4.41","19.17","12.79","361.19","1.16","327.81","","57.84","6.13","0.56","5.96","0.23","141421929.21","Paxta"
"1551","20-40 sm","Qumoq","16.25","1.5","8.1","3.8","45.9","20.73","416.78","2.98","373.25","44.04","69.48","8.54","1.34","6.89","0.71","","Paxta"
"1552","20-40 sm","Loy","16.82","1.66","7.77","4.79","23.88","13.32","366.2","1.31","321.59","","64.76","9.78","1.89","7.58","0.72","272444939.66","Paxta"
"1555","20-40 sm","Gill","28.34","1.57","6.97","2.73","48.92","26.71","459.2","3.03","422.07","42.33","56.34","10.93","1.94","8.56","0.89","1431754154.55","Paxta"
"1556","20-40 sm","Loy","25.29","1.66","8.67","3.77","13.05","10.93","301.4","0.78","304.88","","57.22","7.11","0.93","6.43","0.32","","Paxta"
"1558","20-40 sm","Gill","12.57","1.72","8.72","3.25","18.42","12.49","320.13","1.04","274.87","34.74","51.65","7.43","0.57","6.57","0.39","196864299.46","Paxta"
"1559","20-40 sm","Qum","15.59","1.65","8.67","3.91","13.11","9.94","334.23","0.9","293.18","25.48","54.73","7.46","0.59","7.75","0.48","106859048.68","Paxta"
"1561","20-40 sm","Qum","27.25","1.66","7.51","3.92","43.33","20.58","429.43","2.93","392.22","26.43","64.95","10.09","1.98","7.63","0.91","997061906.27","Paxta"
"1564","20-40 sm","Loy","15.5","1.78","8.93","5.29","12.33","10.82","326.23","0.68","301.21","37.71","75.96","7.82","0.73","6.2","0.29","42370160.13","Paxta"
"1565","20-40 sm","Loy","14.58","1.71","8.63","2.68","20.26","14.94","356.34","1.44","326.39","30.27","49.04","6.94","0.55","","0.25","272525623.06","Paxta"
"1567","20-40 sm","Qum","20.19","1.68","8.72","4.68","20.87","16.48","391.71","1.42","354.68","41.15","65.27","8.05","0.29","5.84","0.41","288902902.67","Paxta"
"1569","20-40 sm","Qum","29.13","1.48","7.94","4.56","50.16","25.05","502.14","3.21","453.59","37.37","70.82","10.27","1.72","8.43","0.61","","Paxta"
"1571","20-40 sm","Gill","13.63","1.55","6.83","1.18","30.6","16.52","381.4","1.84","370.07","54.89","38.23","11.69","1.98","8.52","1.03","499874082.44","Paxta"
"1572","20-40 sm","Loy","14.45","1.53","6.6","2","38.85","18.31","364.76","2.5","340.86","20.21","54.2","14.28","1.62","9.19","1.07","865191687.17","Paxta"
"1573","20-40 sm","Qum","29.02","1.5","7.8","2","31.97","19.72","365.51","1.87","337.82","29.37","47.81","8.97","0.8","","0.56","581724344.83","Paxta"
"1574","20-40 sm","Qum","18.03","1.46","7.37","1.78","32.22","23.87","353.15","2.61","344.9","26.9","45.46","11.25","1.49","8.47","0.81","846252543.83","Paxta"
"1575","20-40 sm","Gill","21.12","1.65","8.83","3.66","10.9","8.67","336.56","0.92","351.42","22.1","45.75","7.31","0.49","","0.3","105053455.1","Paxta"
"1577","20-40 sm","Qum","22.59","1.69","6.22","4.29","16.89","12.69","321.87","1.15","306.65","22.12","","","2.12","8.83","1.08","","Paxta"
"1579","20-40 sm","Loy","14.07","1.54","8.13","4.66","21.28","12.69","369.81","1.19","329.79","47.97","61.05","9.8","1.08","","0.74","223002396.74","Paxta"
"1580","20-40 sm","Loy","25.05","1.62","8.66","3.56","41.99","21.6","407.82","2.6","356.9","32.66","47.77","9.61","0.52","7.86","0.54","801009805.16","Paxta"
"1584","20-40 sm","Qum","22.39","1.6","8.56","4.36","19.79","15.34","361.26","1.16","358.86","22.48","58.17","7.87","0.91","","0.33","230912103.39","Paxta"
"1586","20-40 sm","Gill","27.32","1.76","8.48","4.64","17.65","11.13","343.21","0.9","322.97","39.2","62.97","5.83","0.66","7","0.29","75068590.92","Paxta"
"1587","20-40 sm","Gill","28.18","1.38","7.51","1.42","39.62","20.51","419.74","2.27","379.52","20.94","","9","1.5","9","0.83","615260574.96","Paxta"
"1589","20-40 sm","Qum","23.86","1.53","6.12","1.13","41.05","26.32","403.31","2.93","","39.98","47.15","12.94","1.83","9.79","1.15","","Paxta"
"1590","20-40 sm","Gill","18.39","1.7","8.43","5.18","15.11","9.5","323.6","0.74","305.87","40.48","58.08","7.25","","6.54","0.44","89635539.04","Paxta"
"1591","20-40 sm","Qumoq","18.13","1.48","7.84","4.35","39.32","19.62","443.42","2.56","424.23","85.62","64.25","9.28","1.64","7.62","0.56","780165316.69","Paxta"
"1592","20-40 sm","Gill","14.03","1.52","8.47","3.46","17.67","14.72","354.56","1.18","320.11","30.06","53.47","6.71","0.65","6.71","0.54","215525059.36","Paxta"
"1593","20-40 sm","Loy","29.95","1.53","6.69","1.55","43.39","24.99","372.18","2.95","319.62","","46.46","11.98","1.55","8.69","0.94","","Paxta"
"1594","20-40 sm","Qum","12.78","1.32","8.21","3.36","35.54","18.28","408.23","2.45","365.68","69.54","58.85","11.12","1.34","7.36","0.58","738529041.55","Paxta"
"1597","20-40 sm","Gill","18.03","1.72","8.71","5.38","10.86","7.43","319.92","0.69","331.36","","66.64","7.66","0.8","7","0.4","59749560.26","Paxta"
"1600","20-40 sm","Loy","14.81","1.63","8.5","4.32","18.62","12.95","313.97","1.21","300.44","47.41","61.9","8.7","1.01","6.56","0.4","193522304.14","Paxta"
"1601","20-40 sm","Loy","29.75","1.73","8.29","5.16","31.03","17.99","433.57","1.8","396.36","34.22","73","6.21","1.6","","0.51","461996781.77","Paxta"
"1602","20-40 sm","Gill","17.22","1.65","8.94","2.78","23.36","13.77","373.77","1.32","350.54","35.93","47.78","6.77","0.68","7.85","0.11","","Paxta"
"1603","20-40 sm","Loy","13.43","1.7","7.93","5.2","18.54","9.64","328.53","0.98","316.71","21.68","76.98","8.77","1.41","7.29","0.53","133138070.92","Paxta"
"1604","20-40 sm","Qum","29.98","1.39","8.98","1.99","24.38","15.1","400.52","1.45","370.25","24.7","41.12","7.23","0.49","6.4","0.25","254093010.26","Paxta"
"1605","20-40 sm","Qum","23.17","1.69","8.58","1.98","30.14","16.22","383.01","1.84","338.93","29.2","39.12","6.86","0.74","5.97","0.29","332744849.26","Paxta"
"1607","20-40 sm","Qumoq","13.59","1.31","8.19","3.06","40.49","26.6","444.18","2.95","417.57","20.03","63.83","8.7","1.26","7.19","0.65","924383794.13","Paxta"
"1608","20-40 sm","Qum","16.3","1.61","7.79","5.05","26.04","15.8","325.14","1.32","310.44","46.62","67.19","9.62","","6.88","0.57","288118957.32","Paxta"
"1609","20-40 sm","Qum","26.33","1.64","7.87","4.07","22.88","15.73","359.28","1.46","298.82","43.23","58.76","8.94","1.09","7.16","0.62","212366751.73","Paxta"
"1610","20-40 sm","Gill","29.39","1.54","7.69","4.15","26.48","12.18","352.93","1.3","343.89","24.01","59.29","","1.82","","0.56","226613223.47","Paxta"
"1611","20-40 sm","Gill","15.03","1.62","7.16","1.03","43.05","19.57","414.45","2.53","380.18","22.06","38.07","11.93","2.1","7.65","0.95","910109773.79","Paxta"
"1613","20-40 sm","Gill","26.14","1.65","8.86","4.81","13.31","11.38","341.8","0.77","318.58","27.06","55.41","6.96","1.39","6.71","0.46","63465661.55","Paxta"
"1614","20-40 sm","Gill","12.8","1.68","6.94","3.99","22.12","13.83","312.88","1.33","293.88","45.43","53.72","12.62","1.08","8.22","0.86","247736794.6","Paxta"
"1615","20-40 sm","Qum","15.87","1.66","7.3","1.5","44.12","25.51","429.62","2.67","380.93","52.95","53.77","11.09","1.31","8.63","0.96","906703383.63","Paxta"
"1616","20-40 sm","Qum","17.24","1.57","6.68","3.93","37.94","18.23","331.44","2.32","341.61","34.53","65.13","11.45","1.63","","1.12","638506814.02","Paxta"
"1617","20-40 sm","Qum","17.37","1.77","8.87","4.91","9.33","8.49","329.11","0.62","318.82","24.09","58.87","6.77","0.47","6.69","0.33","70046389.38","Paxta"
"1621","20-40 sm","Loy","18.96","1.73","8.23","2.3","17.47","11.77","354.52","1.21","352.57","41.08","47.01","6.76","1.6","7.01","0.49","","Paxta"
"1623","20-40 sm","Loy","14.96","1.58","8.65","1.37","42.41","25.17","447.39","2.41","397.14","26.09","37.24","8.06","1","","","984586314.85","Paxta"
"1624","20-40 sm","Loy","17.87","1.63","8.63","5.23","13.26","11.89","345.93","1.01","353.55","24.7","66.81","9.08","0.6","6.99","0.37","104269692.5","Paxta"
"1626","20-40 sm","Gill","15.23","1.75","8.92","5.25","13.93","13.49","398.28","1","385.73","40.9","67.07","5.12","0.85","6.11","0.17","116490593.5","Paxta"
"1629","20-40 sm","Loy","14.14","1.69","6.42","4.97","25.73","14.04","315.57","1.31","335.3","","","12.27","2.13","9.26","1.04","231582564.18","Paxta"
"1632","20-40 sm","Qumoq","27.71","1.45","8.34","4.43","38.44","23.99","413.4","2.39","384","45.1","","10.84","1.32","8.04","0.53","941083603.13","Paxta"
"1633","20-40 sm","Gill","26.03","1.73","8.36","5.18","9.35","9.28","299.07","0.56","308.62","35.93","62.84","9.52","0.84","6.04","0.58","50046009.93","Paxta"
"1635","20-40 sm","Gill","17.5","1.81","8.39","4.51","7.89","8.65","325.11","0.59","318.8","21.38","53.73","6.54","0.87","6.45","0.37","","Paxta"
"1636","20-40 sm","Qumoq","20.31","1.4","7.65","3.78","41.61","22.47","464.26","2.74","432.14","21.17","70.07","9.53","0.96","8.15","0.71","1330828234.18","Paxta"
"1639","20-40 sm","Gill","29.43","1.74","7.64","3.95","25.6","13.07","359.42","1.26","334.26","38.75","61.68","","1.18","7.87","0.59","242703090.24","Paxta"
"1640","20-40 sm","Gill","10.64","1.53","8.65","3.27","26.47","14.57","390.5","1.39","349.29","55.88","50.87","7.98","0.77","","0.42","306113284.43","Paxta"
"1644","20-40 sm","Qum","15.81","1.7","7.57","2.23","29.3","20.27","375.65","2.02","353.41","44.59","44.22","8.78","1.01","","0.76","560694154.69","Paxta"
"1648","20-40 sm","Qum","27.79","1.72","8.93","5.15","13.53","9.05","324.59","0.66","310.98","","63.83","7.22","0.76","6.76","0","61084697.28","Paxta"
"1649","20-40 sm","Gill","26.5","1.6","7.59","4.06","32.49","20.18","384.41","2.26","360.57","23.92","64.73","8.53","1.48","8.58","0.68","595661082.74","Paxta"
"1651","20-40 sm","Gill","18.55","1.52","7.01","1.66","40.3","20.83","424.12","2.43","403.03","54.21","35.26","8.91","1.53","9.38","0.91","589847116.53","Paxta"
"1652","20-40 sm","Qum","23.02","1.64","8.9","4.36","51.87","25.03","405.87","3.63","383.08","54.65","76.39","10.21","1.13","7.78","0.18","1412713794.1","Paxta"
"1655","20-40 sm","Qumoq","22.89","1.48","7.93","4.39","43.63","25.08","441.01","3.04","379.26","57.45","70.27","11.78","1.38","7.57","0.63","1087005457.78","Paxta"
"1656","20-40 sm","Loy","20.33","1.67","8.9","4.27","27.04","18.81","376.39","1.61","334.39","83.13","61.3","8.72","1.19","7.09","0.3","382172523","Paxta"
"1660","20-40 sm","Gill","17.98","1.57","8.72","3.5","24.17","16.38","363.56","1.53","342.4","25.77","58.83","8.3","0.39","7.12","0.41","346573237.6","Paxta"
"1661","20-40 sm","Qum","10.94","1.77","8.41","5.02","16.51","11.1","282.87","1.11","273.94","23.09","63.04","8.42","1.64","7.07","0.64","151342098.58","Paxta"
"1662","20-40 sm","Gill","13.8","1.79","8.15","5.18","14.27","8.37","318.73","0.88","288.87","39.15","67.74","7.99","0.97","6.71","0.62","","Paxta"
"1663","20-40 sm","Gill","29.91","1.31","8.32","1.82","39.6","22.75","407.51","3.04","","20.61","41.18","8.51","0.91","7.07","0.68","1058402007.13","Paxta"
"1664","20-40 sm","Qum","22.32","1.73","6.85","5.26","16.29","8.94","277.74","0.54","260.51","31.62","71.83","11.1","2.29","8.09","1.2","48071916.79","Paxta"
"1665","20-40 sm","Qum","27.92","1.66","6.42","4.01","27.99","16.4","333.38","1.52","307.02","20.13","54.53","11.32","2.47","8.83","1.06","283401491.56","Paxta"
"1666","20-40 sm","Qum","23.78","1.72","8.62","4.96","12.07","9.02","339.24","0.71","343.09","23.93","61.02","6.63","1.47","6.25","0.44","72351474.82","Paxta"
"1667","20-40 sm","Gill","16.66","1.5","6.85","4.31","48.56","28.02","438.38","3.07","401.74","21.35","69.01","10.19","1.78","8.98","0.86","1313909163.97","Paxta"
"1668","20-40 sm","Qum","22.91","1.72","7.58","3.42","20.54","14.54","334.27","1.28","334.88","22.99","43.27","","2","7.4","0.64","243477865.79","Paxta"
"1669","20-40 sm","Gill","23.45","1.61","8.96","5.02","7.7","8.75","266.54","0.72","258.36","21.58","65.44","8.05","0.23","5.7","0.23","55252165.76","Paxta"
"1671","20-40 sm","Loy","28.77","1.44","6.32","2.09","45.37","23.79","432.48","2.83","414.68","66.11","42.02","12.89","2.19","9.56","1.1","934684155.89","Paxta"
"1675","20-40 sm","Qumoq","18.87","1.56","8.48","3.11","33.42","18.75","404.66","1.89","391.82","30.54","50.42","9.07","1.39","7.41","0.54","493623653.43","Paxta"
"1681","20-40 sm","Qum","22.74","1.75","7.85","3.98","20.67","11.38","339.63","1.05","338","42.79","44.53","8.4","1.47","7.02","0.58","181629112.65","Paxta"
"1683","20-40 sm","Qum","29.78","1.67","8.98","4.91","21.57","14.27","388.55","1.17","370.68","40.92","63.92","9.21","0.34","6.03","0.44","215348167.18","Paxta"
"1684","20-40 sm","Qum","20.92","1.47","8.16","4.4","37.04","19.32","393.6","2.21","352.51","46.34","66.87","9.58","1.28","7.91","0.44","732170341.12","Paxta"
"1685","20-40 sm","Qum","28.06","1.62","6.53","2.15","38.61","21.16","442.8","2.71","386.24","35.18","33.89","9.93","1.8","","1.1","1028137715","Paxta"
"1686","20-40 sm","Qum","15.37","1.73","8.56","5.27","16.88","10.23","305.7","0.82","309.19","65.1","67.52","8.77","0.79","6.7","0.49","88914612.93","Paxta"
"1690","20-40 sm","Qum","25.97","1.5","8.12","4.85","32.53","22.24","410.15","2.49","387.98","21.98","75.25","9.89","1.59","","0.62","712177463.04","Paxta"
"1691","20-40 sm","Gill","16.87","1.63","8.62","4.88","17.11","10.57","306.14","1.04","287.06","38.15","69.76","7.19","0.58","6.93","0.47","161831985.38","Paxta"
"1693","20-40 sm","Qum","17.49","1.66","8.94","3.51","20.52","11.3","328.39","0.96","299.1","","43.7","7.43","0.32","6.21","0.26","136016914.61","Paxta"
"1694","20-40 sm","Qum","15.42","1.59","8.72","2.03","22.13","14.43","362.89","1.24","333.67","28.12","42.89","7.86","1.27","6.2","0.2","282109840.5","Paxta"
"1700","20-40 sm","Gill","25.58","1.66","8.32","3.22","14.38","10.38","315.37","1.18","287.63","33.46","45.5","8.1","0.98","7.2","0.38","173686799.82","Paxta"
"1701","20-40 sm","Gill","14.13","1.66","8.81","4","17.92","11.24","329.42","1.2","339.55","62.73","51.65","5.12","0.96","6.84","0.15","182770526.99","Paxta"
"1702","20-40 sm","Loy","14.09","1.72","7.99","4.28","13.97","9.05","318.06","0.7","295.2","53.08","58.36","9.45","","7.78","0.84","62162549.08","Paxta"
"1703","20-40 sm","Gill","23.44","1.67","8.82","3.93","15.67","9.59","334.04","0.91","322.03","20.36","41.42","8.07","0.61","5.64","0.39","105184133.78","Paxta"
"1704","20-40 sm","Gill","13.35","1.61","8.94","5.44","20.22","13.21","365","0.97","327.27","","68.58","5.7","0.57","6.01","0.32","115128984.93","Paxta"
"1707","20-40 sm","Gill","20.62","1.73","7.79","4.65","13.13","8.9","299.11","0.66","306.27","24.41","56.05","7.16","1.29","7.53","0.74","","Paxta"
"1709","20-40 sm","Loy","15.38","1.51","6.27","2.34","38.36","24.23","388.09","2.47","","48.7","","13.01","2.1","8.46","1.02","849542815.28","Paxta"
"1710","20-40 sm","Loy","28.7","1.63","8.03","4.99","33.57","16.43","370.61","2.02","357.59","34.08","70.8","10.13","1.4","7.52","0.46","655075186.54","Paxta"
"1711","20-40 sm","Qum","17.09","1.71","6.91","2.65","29.75","18.64","312.98","1.69","282.7","22.28","39.96","10.43","1.95","8.58","0.83","342762986.25","Paxta"
"1712","20-40 sm","Loy","15.97","1.54","8.91","5.08","26.48","15.88","378.92","1.78","332.78","20.1","71.12","8.53","0.56","6.14","0.2","523718831.72","Paxta"
"1713","20-40 sm","Loy","22.78","1.56","6.43","4.83","42.46","17.42","395.36","2.14","371.03","20.49","66.19","12.69","2.64","9.11","1","802522877.15","Paxta"
"1715","20-40 sm","Qum","26.18","1.7","8.38","4.92","10.23","7.3","301.28","0.65","302.51","25.32","71.57","9.21","0.83","7.19","0.36","79283175.89","Paxta"
"1716","20-40 sm","Gill","22.83","1.44","8.9","4.56","17.23","7.84","317.17","1.15","286.52","20.84","62.21","6.32","0.87","6.35","0.33","163619392.36","Paxta"
"1720","20-40 sm","Qum","24.13","1.65","8.76","1.83","46.5","25.14","416.45","2.6","407.78","61.25","53.63","8.27","1.1","6.63","0.25","1010832242.3","Paxta"
"1722","20-40 sm","Qumoq","23.93","1.34","7.74","3.23","29.92","17.06","408.18","1.83","341.97","41.32","52.38","8.93","1.45","7.88","0.92","492704417.21","Paxta"
"1723","20-40 sm","Gill","27.35","1.66","8.64","4.01","20.03","11.66","322.12","1.25","320.88","25.44","45.54","7.73","1.13","6.38","0.34","224817210.45","Paxta"
"1724","20-40 sm","Qum","17.62","1.62","7.39","2.53","32.14","20.13","377.69","1.98","319.33","47.3","51.9","11.12","1.61","7.82","0.69","548575969.53","Paxta"
"1726","20-40 sm","Loy","25.79","1.59","6.35","4.15","25.6","14.29","337.19","1.41","314.79","22.62","69.14","12.89","2.64","","1.02","220888764.05","Paxta"
"1729","20-40 sm","Gill","25.25","1.7","8.44","3.98","31.64","14.46","395.32","2.02","353.34","41.95","58.56","8.41","1.24","","0.53","416487799.67","Paxta"
"1733","20-40 sm","Qum","28.49","1.72","6.37","4.76","18.77","12.07","320.59","0.91","310.65","44.04","61.43","10.02","1.84","9.55","1.17","145885263.01","Paxta"
"1734","20-40 sm","Qum","19.08","1.68","7.96","5.02","13.54","9.81","342.42","0.97","314.55","59.77","","10.35","0.64","7.37","0.66","80767955.05","Paxta"
"1735","20-40 sm","Qum","25.3","1.7","8.14","5.44","21.14","10.9","313.87","0.9","294.8","39.9","64.79","","1.05","7.93","0.55","133584899.92","Paxta"
"1736","20-40 sm","Qum","28.9","1.53","7.28","3.93","40.29","23.41","415.35","2.45","370.14","27.52","67.64","11.16","1.67","8.8","0.86","1067782158.25","Paxta"
"1739","20-40 sm","Gill","28.78","1.38","6.79","3.11","28.64","19.25","373.51","1.78","358.54","20.72","","11.42","1.8","8.89","1.01","546451561.56","Paxta"
"1740","20-40 sm","Gill","29.01","1.53","7.74","2.68","36.89","21.19","385.99","2.32","362.51","40.09","54.83","10.12","1.44","8.57","0.72","696615399.3","Paxta"
"1741","20-40 sm","Loy","17.22","1.56","7.87","4.77","29.15","15.94","383.61","1.78","337.72","39.57","62.53","9.91","1.76","7.39","0.68","434801207.28","Paxta"
"1742","20-40 sm","Loy","14.2","1.74","8.49","4.94","21.87","11.46","329.43","1.08","312.59","34.47","63.86","8.28","0.84","6.94","0.48","171680821.14","Paxta"
"1744","20-40 sm","Loy","21.01","1.67","8.84","2.43","32.13","21.77","393.04","2.1","373.91","34.49","40.35","8.51","0.59","6.4","0.42","","Paxta"
"1746","20-40 sm","Qum","16.36","1.48","8.71","4.59","29.24","16.74","374.46","1.64","328.22","52.52","","8.2","0.86","6.8","0.15","509648980.93","Paxta"
"1747","20-40 sm","Loy","29.06","1.49","7.8","1.65","50.06","27.87","419.72","3.21","366.73","","42.56","10.94","","","0.68","","Paxta"
"1749","20-40 sm","Gill","15.02","1.58","8.37","1.73","22.99","16.16","338.38","1.54","321.44","52.51","42.04","9.34","1.19","7.4","","246113378.22","Paxta"
"1751","20-40 sm","Gill","29.46","1.49","8.91","4.34","23.44","16.08","343","1.66","300.15","39.06","66.58","5.56","0.81","6.64","0.53","402385720.49","Paxta"
"1752","20-40 sm","Qum","21.45","1.31","8.27","2.58","40.4","21.04","446.71","2.73","408.03","22.49","55.8","9.63","1.31","8.36","0.67","1129592010.19","Paxta"
"1754","20-40 sm","Gill","14.91","1.57","6.42","3.88","20.47","12.53","318.26","1.45","","23.65","53.16","12.65","1.97","10.08","1.12","297146789","Paxta"
"1755","20-40 sm","Qum","24.74","1.56","7.96","2.68","46.5","24.21","458.26","2.41","401.58","38.95","51.64","11.6","1.74","7.37","0.68","1014700880.53","Paxta"
"1756","20-40 sm","Qum","29.54","1.69","7.56","2.99","17.06","11.8","328.48","1.04","321.42","43.89","47.95","8.75","1.76","","0.81","127421622.77","Paxta"
"1757","20-40 sm","Gill","28.71","1.47","8.89","1.84","35.11","19.24","421.25","1.89","389.08","21.22","47.28","6.69","0.76","7.08","0.3","523383318.61","Paxta"
"1758","20-40 sm","Gill","21","1.69","6.85","2.06","23.87","16.34","339.55","1.33","319.37","48.28","46","10.02","1.64","8.34","0.95","206941260","Paxta"
"1760","20-40 sm","Gill","28.28","1.65","8.73","5.14","14.8","11.01","345.17","0.78","325.37","43.65","54.97","7.17","0.35","","0.29","134813105.8","Paxta"
"1761","20-40 sm","Qum","22.08","1.68","8.53","4.67","19.95","15.02","387.86","1.44","374.25","25.59","60.19","7.62","0.92","7","0.3","236647359.42","Paxta"
"1763","20-40 sm","Loy","16.28","1.75","6.68","2.41","40.9","22.36","407.45","2.78","399.88","41.07","34.58","11.33","1.86","9.25","0.95","722445014.21","Paxta"
"1764","20-40 sm","Gill","29.61","1.75","6.93","4.18","21.43","12","318.52","0.85","317.86","21.17","53.97","10.43","1.92","7.98","0.84","86338355.59","Paxta"
"1765","20-40 sm","Qum","11.88","1.62","7.62","2.47","23.58","14","359.57","1.09","323.58","55.57","37.65","10.13","1.29","7.98","0.66","206908544.66","Paxta"
"1766","20-40 sm","Gill","29.89","1.61","6.74","4.6","22.66","15.19","334.46","1.51","356.44","23.68","66.83","10.87","1.91","8.02","1.09","341527085.24","Paxta"
"1767","20-40 sm","Gill","29.47","1.79","8.62","3.95","14.78","13.31","343.29","1.15","338.87","43.46","46.65","9.41","1.34","5.5","0.37","136978234.87","Paxta"
"1768","20-40 sm","Loy","15.73","1.64","8.38","2","29.65","18.85","359.86","1.98","334.39","","27.91","","1.38","7.26","0.62","428920489.18","Paxta"
"1772","20-40 sm","Qum","20.32","1.74","8.7","5.21","13.91","10.9","352.73","0.92","327.75","29.1","68.77","7.43","1.21","6.98","0.4","88037060.56","Paxta"
"1773","20-40 sm","Gill","22.52","1.62","7.05","4.09","42.32","22.22","435.76","2.75","","36.63","63.34","9.09","1.51","8.76","0.73","1008609386.18","Paxta"
"1775","20-40 sm","Qum","23.87","1.69","8.01","3.65","20","10.92","341.49","1.18","359.33","25.05","51.16","8.3","1.12","7.77","0.61","154470772.54","Paxta"
"1777","20-40 sm","Gill","21.99","1.69","6.49","0.89","26.83","16.66","374.76","1.46","338.02","24.7","31.86","12.05","2.14","8.24","1.1","","Paxta"
"1780","20-40 sm","Qum","25.89","1.64","6.47","2.9","33.85","15.69","369.27","1.48","332.19","80.58","47.19","11.31","1.76","8.98","1.03","341539633.4","Paxta"
"1782","20-40 sm","Qum","27","1.53","7.25","3.02","42.9","21.03","425.72","2.84","391.09","63.53","59.05","12.53","1.81","8.82","0.92","1079435887.91","Paxta"
"1785","20-40 sm","Loy","27.08","1.66","8.64","3.24","30.31","19.25","437.34","2.43","399.08","24.01","","6.43","0.85","5.86","0.44","681799943.88","Paxta"
"1787","20-40 sm","Qum","24.11","1.54","8.61","4.55","24.38","17.4","372.55","2.01","352.19","35.08","74.11","9.18","1.07","6.49","0.44","465326827.65","Paxta"
"1788","20-40 sm","Qum","26.03","1.65","6.84","4.56","37.78","18.66","352.39","2.08","325.38","48.04","69.25","12.46","2.11","9.02","0.96","807682953.71","Paxta"
"1791","20-40 sm","Loy","23.48","1.53","6.44","4.89","49.86","26.13","399.63","2.74","387.56","56.6","74.68","12.24","1.75","9.59","1.09","1073031502.06","Paxta"
"1792","20-40 sm","Loy","18.47","1.74","8.25","3.83","19.03","14.21","341.25","1.34","327.34","22.93","52.84","8.1","1.29","","0.54","238317754.15","Paxta"
"1794","20-40 sm","Qum","15.54","1.61","6.33","2.35","42.81","19.73","374.84","2.29","330.02","56.46","52.02","13.4","2.17","9.66","1.11","","Paxta"
"1795","20-40 sm","Gill","29.19","1.35","7.07","1.87","30.4","21.03","392.92","2.24","382.32","35.62","42.39","10.66","1.54","9.48","0.76","506946675.15","Paxta"
"1796","20-40 sm","Loy","26.55","1.62","7.65","4.08","35.21","21.53","418.73","2.66","386.61","22.19","63.54","12.85","1.54","7.67","0.57","844748888.28","Paxta"
"1797","20-40 sm","Qum","28.16","1.74","7.25","4.01","23.69","13.24","360.13","1.23","317.84","51.26","55.05","9.18","1.34","9.25","0.73","232603348.9","Paxta"
"1798","20-40 sm","Gill","18.95","1.47","7.3","0.89","30.08","22.52","394.03","2.12","358.41","39.58","31.47","9.68","1.79","7.3","0.78","647926723.08","Paxta"
"1799","20-40 sm","Qum","23.14","1.52","7.34","4.5","56.77","25.02","448.54","3.01","403.07","31.9","81.75","11.18","1.76","8.42","0.93","1298060614.6","Paxta"
"1800","20-40 sm","Loy","22.46","1.35","8.14","2.6","41.43","22.65","412.84","2.78","387.87","41.2","46.77","10.56","1.23","7.98","0.6","1020716693.1","Paxta"
"1801","20-40 sm","Gill","22.09","1.61","7.68","2.86","35.09","19.42","393.13","2.25","361.55","67.68","49.56","10.99","1.11","","0.54","","Paxta"
"1802","20-40 sm","Gill","24.48","1.68","6.31","1.82","25.49","15.04","294.71","1.31","302.41","27.97","36.82","10.47","1.99","","1.2","228020611.65","Paxta"
"1803","20-40 sm","Loy","10.22","1.61","8.45","5.08","14.86","10.59","309.52","1.11","300.64","27.61","72.94","5.47","1.13","7.25","0.55","","Paxta"
"1804","20-40 sm","Gill","19.01","1.69","7.13","4.41","30.01","14.74","360.53","1.48","","24.31","56.94","","1.92","7.31","0.72","344049344.83","Paxta"
"1806","20-40 sm","Gill","11.3","1.63","8.91","5.36","16.8","8.96","351.69","0.88","326.83","34.36","64.09","6.2","0.71","","0.38","115201262.68","Paxta"
"1807","20-40 sm","Qum","24.1","1.47","6.7","3.97","45.92","25.7","462.11","2.49","419.44","28.41","59.71","9.71","2.27","","0.97","952601782.94","Paxta"
"1813","20-40 sm","Qum","14.2","1.74","6.63","4.21","24.02","12.01","317.96","1.27","278.94","23.58","","10.8","2.23","8.64","0.99","178607922.5","Paxta"
"1815","20-40 sm","Qum","22.87","1.45","8.47","4.22","47.52","20.75","402.55","2.81","377.35","23.73","73.69","9.76","1.24","7.77","0.53","1113121368.45","Paxta"
"1816","20-40 sm","Gill","19.67","1.62","8.58","3.59","23.32","15.95","368.8","1.56","331.13","54.16","48.1","7.77","1.1","7.48","0.45","413210740.31","Paxta"
"1819","20-40 sm","Gill","19.9","1.8","7.79","5.04","7.97","8.65","281.36","0.59","283.58","22.96","63.79","9.07","1.3","8.13","0.62","51992192.62","Paxta"
"1820","20-40 sm","Qum","24.27","1.63","6.43","1.79","33.7","19.02","377.28","2.15","344.01","25.97","36.91","11.44","2.11","9.62","1.08","529696904.64","Paxta"
"1821","20-40 sm","Gill","24.41","1.67","7.35","2.28","45.51","22.03","432.02","3.03","383.55","25.95","37.13","","1.23","8.67","0.74","936112489.61","Paxta"
"1824","20-40 sm","Qum","19.03","1.6","7.67","4.83","43.3","24.24","437.31","2.8","387.08","20.02","70.93","9.92","1.12","7.99","0.84","969331718.53","Paxta"
"1827","20-40 sm","Qum","16.13","1.71","7.53","4.48","24.25","15","374.38","1.56","341.5","41.06","58.49","8.69","1.9","7.88","0.64","","Paxta"
"1830","20-40 sm","Loy","23.44","1.46","6.14","1.35","38.68","23.52","396.43","2.82","376.66","64.03","32.1","12.78","2.22","9.49","1.09","1083418134.56","Paxta"
"1831","20-40 sm","Qum","11.56","1.69","7.41","4.35","29.23","16.07","374.62","2.11","310.17","41.8","65.66","9.54","1.77","7.32","0.75","442816558.35","Paxta"
"1832","20-40 sm","Gill","23.99","1.58","8.98","4.93","11.17","9.07","324.23","1","316.87","45.62","58.08","7.82","0.45","6.22","0.12","106926034.32","Paxta"
"1835","20-40 sm","Qumoq","15.48","1.53","7.5","3.13","51.36","27.53","469.55","3.15","425.2","23.66","62.8","10.59","2","8.33","0.9","1356612985.34","Paxta"
"1836","20-40 sm","Qum","28.05","1.64","8.77","4.7","10.95","9.23","300.28","0.72","270.48","32.63","54.01","7.4","0.28","5.45","0.29","59972965.79","Paxta"
"1839","20-40 sm","Gill","18.37","1.46","6.97","2.16","50.27","31","450.78","3.24","411.21","24.06","44.85","12.26","2.01","8.25","0.78","1328154949.31","Paxta"
"1840","20-40 sm","Loy","26.98","1.49","8.35","2.1","43.96","23.91","432.83","2.86","389.82","53.58","44.5","10","1.08","","0.4","1346443959.03","Paxta"
"1841","20-40 sm","Loy","29.36","1.69","8.15","3.01","21.38","12.91","337.32","1.34","335.69","21.8","","8.78","0.88","7.1","0.7","215158628.94","Paxta"
"1843","20-40 sm","Gill","10.97","1.74","7.25","4.11","33.1","20.58","399.76","2.12","","23.83","57.83","10.28","","7.66","0.79","","Paxta"
"1846","20-40 sm","Gill","12.91","1.45","6.87","4.67","28.22","15.82","327.76","1.5","320.62","34.36","53.75","11.97","2","8.43","0.9","350226753.87","Paxta"
"1848","20-40 sm","Qum","28.06","1.6","7.83","2.61","25.61","19.34","414.94","2.25","381.93","21.24","46.26","9.43","1.57","7.57","0.68","630003781.49","Paxta"
"1849","20-40 sm","Loy","27.81","1.67","7.67","3.47","27.01","16.78","322.09","1.48","305.2","26.18","54.27","8.26","1.43","6.75","0.74","276848799.36","Paxta"
"1850","20-40 sm","Gill","13.26","1.38","7.91","1.66","35.81","23.24","419.9","2.45","403.87","24.29","48.2","7.93","1.46","8.49","0.51","953994811.96","Paxta"
"1854","20-40 sm","Qum","28.69","1.6","7.32","1.07","26.31","15.59","368.58","1.76","355.49","72.07","33.79","10.66","1.69","7.88","0.72","537416588.62","Paxta"
"1856","20-40 sm","Qumoq","14.4","1.49","8.67","3.54","41.33","20.11","423.16","2.41","409.42","73.46","55.48","6.85","1.23","6.5","0.47","764346187.16","Paxta"
"1858","20-40 sm","Loy","25.73","1.5","7.71","2.48","37.91","16.96","431.05","2.33","402.63","20.07","","11.15","1.57","8.14","0.62","770204659.89","Paxta"
"1859","20-40 sm","Qum","28.74","1.51","6.25","1.7","41.07","23.06","379.92","2.71","338.56","21.75","45.03","11.58","2.48","","1.36","","Paxta"
"1862","20-40 sm","Qum","26.28","1.6","7.95","1.2","33","17.44","411.59","2.05","391.65","63.46","36.23","9.84","","8.02","0.79","450316623.35","Paxta"
"1863","20-40 sm","Loy","16.14","1.57","8.72","5.1","27.13","19.35","396.41","1.93","351.88","24.16","73.84","9.72","0.8","6.66","0.49","","Paxta"
"1864","20-40 sm","Loy","22.53","1.69","7.55","4.12","25.26","14.21","331.28","1.06","317.09","33.78","51.31","8.34","1.42","6.85","0.58","","Paxta"
"1867","20-40 sm","Qum","26.85","1.38","7.05","1.81","48.02","25.84","379.73","3.08","355.89","24.08","47.09","10.74","1.97","8.41","1.04","1229451720.77","Paxta"
"1868","20-40 sm","Qum","15.76","1.62","7.16","1.07","34.72","20.14","411.87","2.4","402.89","34.73","43.93","9.57","1.97","8.4","1.01","638745327.05","Paxta"
"1869","20-40 sm","Gill","21.15","1.58","6.99","2.45","40.64","21.23","415.46","2.36","377.63","24.85","54.75","8.47","1.79","9.22","0.88","999275947.53","Paxta"
"1876","20-40 sm","Gill","20.84","1.63","8.44","4.56","17.39","13.58","394.17","1.3","358.86","37.47","70.44","8.49","0.47","7.7","0.46","193644669.22","Paxta"
"1880","20-40 sm","Qumoq","15.03","1.6","8.24","4.94","38.15","17.62","417.25","2.52","405.18","25.66","74.2","10.12","1.5","6.66","0.61","627237852.71","Paxta"
"1881","20-40 sm","Qumoq","23.16","1.64","8.63","3.47","21.63","14.25","401.77","1.68","372.38","41.94","52.55","8.33","0.96","7.02","0.46","","Paxta"
"1884","20-40 sm","Gill","16.38","1.68","7.38","3.83","33.53","19.72","398.72","1.75","377.07","24.64","62.47","11.02","1.69","9.12","0.61","509168083.49","Paxta"
"1886","20-40 sm","Gill","14.05","1.56","8.89","4.23","36.71","17.67","399.86","2.03","379.48","23.45","","7.62","0.66","6.55","0.3","","Paxta"
"1887","20-40 sm","Loy","14.21","1.76","8.43","5.27","11.88","7.95","303.81","0.78","279.43","46.3","71.66","8.45","0.79","","0.46","81071723.87","Paxta"
"1889","20-40 sm","Qum","29.59","1.6","8.06","3.93","22.49","11.84","342.47","1.33","308.63","34.54","58.4","9.41","0.99","7.85","0.63","209634160.13","Paxta"
"1894","20-40 sm","Loy","26.82","1.67","7.41","3.6","16.04","9.37","322.82","0.87","295.37","47.6","47.57","9.59","1.74","7.91","0.72","94047864.35","Paxta"
"1895","20-40 sm","Loy","28.13","1.48","6.79","4.45","38.66","19.81","373.76","2.03","357.52","32.25","62.81","12.39","2.38","8.3","0.81","571216349.73","Paxta"
"1896","20-40 sm","Loy","16.75","1.62","6.97","4.88","13.91","9.96","302.03","0.73","328.14","61.85","68.96","8.89","2.04","7.34","0.89","79133057.18","Paxta"
"1897","20-40 sm","Gill","26.51","1.64","6.66","2.53","41.31","21.13","425.29","2.6","398.46","36.59","57.24","13.4","1.77","9.23","1.03","697918627.31","Paxta"
"1898","20-40 sm","Qum","29.96","1.6","8.2","4.26","30.03","16.79","375.8","1.73","363.61","73.22","66.02","8.53","1.23","7.22","0.64","412756728.28","Paxta"
"1899","20-40 sm","Qum","28.68","1.75","8.07","3.99","25.24","15.57","377.69","1.82","368.04","28.65","59.16","10.75","0.97","7.45","0.48","408310532.47","Paxta"
"1902","20-40 sm","Loy","24.88","1.79","6.3","2.28","41.34","18.11","371.8","2.13","335.2","37.23","44.67","12.81","2.03","8.64","1.09","709388824.4","Paxta"
"1903","20-40 sm","Qumoq","23.17","1.44","8.65","4.23","36.31","16.18","417.59","2.1","377.1","43.61","74.99","9.56","0.97","6.8","0.23","","Paxta"
"1905","20-40 sm","Qum","23.55","1.58","8.61","4.22","21.5","14.34","400.9","1.65","381.2","20.75","","7.88","1.03","6.65","0.39","286990518.63","Paxta"
"1906","20-40 sm","Qum","29.5","1.67","7.04","4.56","16.52","9.71","305.04","0.76","292.92","48.46","59.1","8.39","1.15","7.85","0.91","70391730.57","Paxta"
"1907","20-40 sm","Qum","17.4","1.53","6.8","4.55","37.98","20.91","436.99","2.13","397.51","39.05","71.89","11.4","2.22","8.58","1.07","715662228.26","Paxta"
"1908","20-40 sm","Qum","15.85","1.8","8.91","4.04","14.64","9.17","322.22","0.73","306.05","39.62","54.28","5.85","1.21","5.3","0.3","79155240.1","Paxta"
"1912","20-40 sm","Gill","17.8","1.52","8.29","4.29","21.19","17.04","391","1.76","353.5","","67.44","9.94","0.98","6.97","0.48","365504137.05","Paxta"
"1913","20-40 sm","Gill","20","1.7","8.84","4.64","16","9.52","350.49","0.85","325.98","26.76","59.6","7.45","1.1","6.48","0.47","","Paxta"
"1914","20-40 sm","Gill","16.25","1.49","7.03","2.62","35.23","20.57","391.45","2.11","369.68","20.83","52.51","10.91","1.63","7.77","0.95","731096037.02","Paxta"
"1915","20-40 sm","Qum","28.32","1.66","8.96","4.5","22.43","12.14","366.52","1.55","332.92","32.16","63.56","7.45","1.39","6.02","0.28","240509350.96","Paxta"
"1916","20-40 sm","Qum","26.44","1.41","8.64","2.32","34.07","17.38","407.52","1.95","377.04","68.59","54.49","9.02","1.21","5.8","0.32","661429410.23","Paxta"
"1918","20-40 sm","Qum","19.02","1.41","7.75","2.64","39.8","22.3","390.32","2.35","366.3","38.13","47.17","9","1.4","7.92","0.81","","Paxta"
"1919","20-40 sm","Qum","19.6","1.7","8.32","4.09","19.34","10.71","335.58","0.86","326.25","38.04","55.71","6.75","1.2","6.44","0.62","","Paxta"
"1920","20-40 sm","Gill","17.72","1.7","8.87","5.07","20.86","13.8","355.37","1.15","332.02","30.69","","7.16","0.14","6.28","0.19","153092334.88","Paxta"
"1921","20-40 sm","Gill","24.77","1.52","6.1","3.04","63.24","27.22","467.61","3.36","429.34","20.71","57.9","11.7","2.55","10.32","1.15","1590897258.58","Paxta"
"1922","20-40 sm","Gill","20.72","1.38","6.53","0.76","35.49","19.8","412.35","2.6","357.04","43.94","33.85","12.42","2.47","8.85","1.12","897149506.36","Paxta"
"1924","20-40 sm","Gill","17.57","1.63","8.04","4.22","17.49","10.69","352.8","0.99","304.88","32.24","63.42","7.74","1.2","7.78","0.54","129413981.45","Paxta"
"1925","20-40 sm","Qum","22.15","1.57","8.22","2.3","39.54","27.66","436.44","2.76","410.7","25.81","50.92","9.83","1.3","7.5","0.44","1192383356.66","Paxta"
"1926","20-40 sm","Gill","20.42","1.77","8.64","4.98","16.89","12.38","317.6","0.84","325.36","32.2","60.74","8.31","0.64","","0.32","","Paxta"
"1928","20-40 sm","Qum","18.3","1.38","7.79","1.56","50.93","25.35","448.1","2.68","421.21","38.48","43.29","13.24","1.51","7.48","0.61","1151052486.09","Paxta"
"1929","20-40 sm","Qum","29.41","1.6","7.5","3.92","35.36","20.23","401.94","1.82","378.19","24.67","56.48","9.16","1.28","7.78","0.6","502439578.41","Paxta"
"1930","20-40 sm","Gill","20.1","1.42","8.96","4.29","28.65","19.36","387.02","1.9","353.96","21.67","60.02","7.02","0.65","6.5","0.47","","Paxta"
"1932","20-40 sm","Qum","23.63","1.69","8.97","3.55","17.04","12.73","342.75","0.96","335.99","57.62","47.89","7.16","0.64","6.97","0.37","","Paxta"
"1936","20-40 sm","Qum","23.67","1.58","8.13","3.44","32.65","17.21","363.02","1.5","323.73","49.96","63.17","8.83","0.84","7.73","0.67","402106602.14","Paxta"
"1937","20-40 sm","Loy","21.64","1.67","7.89","3.27","46.67","21.81","390.87","2.46","351.8","73.5","58.91","9.2","1.62","6.9","0.75","779964681.34","Paxta"
"1938","20-40 sm","Gill","23.73","1.75","8.84","4.31","13.7","10.01","379.1","1.04","375.98","26.76","58.44","8.09","0.91","6.15","0.44","117102403.39","Paxta"
"1939","20-40 sm","Qum","17.05","1.55","7.92","4.33","15.53","11.99","296.47","1.01","288.28","22.01","","9.36","1.3","7.62","0.71","172910000.7","Paxta"
"1941","20-40 sm","Gill","8.22","1.51","8.22","4.12","26.86","15.89","389.72","1.78","380.53","22.98","57.22","","0.73","","0.57","","Paxta"
"1946","20-40 sm","Qum","8.5","1.77","8.5","5.14","17","10.71","352.78","1.02","331.05","25.47","55.01","8.76","0.86","6.77","0.33","147309682.17","Paxta"
"1947","20-40 sm","Loy","8.3","1.48","8.3","2.67","28.79","13.02","430.28","1.35","380.84","26.94","42.11","7.83","1.1","7.05","0.53","","Paxta"
"1948","20-40 sm","Qum","8.47","1.65","8.47","5.13","13.07","8.04","363.89","0.81","335.03","39","60.49","8.51","0.72","6.71","0.43","98580144.91","Paxta"
"1949","20-40 sm","Qum","7.22","1.73","7.22","3.82","23.13","12.33","299.6","0.97","303.32","75.54","49.46","9.98","1.9","8","0.81","116920837.78","Paxta"
"1953","20-40 sm","Gill","8.89","1.72","8.89","5.15","10.18","8.32","349.81","0.62","322.51","37.14","56.27","6.51","0.58","5.82","0.37","47146786.52","Paxta"
"1955","20-40 sm","Qum","8","1.46","8","4.17","52.71","27.39","439.98","3.35","445.11","61.15","71.03","11.77","1.85","7.48","0.66","1315530561.77","Paxta"
"1956","20-40 sm","Qum","8.23","1.41","8.23","2.9","38.78","23.65","431.23","2.42","416.48","22.04","47.36","9","1.48","7.36","0.55","874209578.04","Paxta"
"1957","20-40 sm","Qum","7.77","1.6","7.77","2.77","30.64","16.55","365.96","1.77","330.14","24.41","50.4","10.75","2","7.29","0.67","570315005.64","Paxta"
"1959","20-40 sm","Gill","8.42","1.53","8.42","4.56","25.12","11.82","318.92","1.01","313.47","29.3","62.59","8.89","1.32","6.59","0.51","165225085.14","Paxta"
"1960","20-40 sm","Loy","7.12","1.46","7.12","3.23","33.17","21.25","388","1.9","339.51","20.51","56.85","10.77","","8.86","0.87","580815668.5","Paxta"
"1962","20-40 sm","Gill","7.36","1.37","7.36","1.78","49.49","27.81","456.65","3.26","420.36","27.95","43.43","9.28","1.82","","0.77","1242937898.42","Paxta"
"1963","20-40 sm","Gill","7.3","1.71","7.3","0.7","37.33","22.28","387.88","2.25","358.91","28.33","37.74","11.92","1.44","8.4","0.89","746172314.13","Paxta"
"1965","20-40 sm","Loy","7.76","1.6","7.76","2.42","34.08","17.4","372.91","2.05","338.05","32.57","42.41","8.7","1.01","8.35","0.67","499979918.98","Paxta"
"1967","20-40 sm","Gill","7.66","1.77","7.66","4.29","33.33","18.87","391.79","1.99","376.39","28.16","69.08","11.41","2.01","7.9","0.61","","Paxta"
"1969","20-40 sm","Loy","7.7","1.61","7.7","4.03","27.54","17.67","366.38","1.89","335.02","40.19","60.51","9.95","1.36","7.52","0.65","440625743.44","Paxta"
"1972","20-40 sm","Loy","6.84","1.76","6.84","2.76","35.66","20.35","422.36","2.66","396.52","56.53","53.6","10.79","1.83","8.2","0.95","864475732.54","Paxta"
"1973","20-40 sm","Qum","8.74","1.77","8.74","3.8","22.17","14.34","359.69","1.41","351.54","","62.81","8.64","0.83","","0.4","260143931.21","Paxta"
"1979","20-40 sm","Loy","7.52","1.64","7.52","4.4","18.94","10.28","338.68","1.14","328.93","22.16","58.19","9.29","1.37","","0.69","","Paxta"
"1982","20-40 sm","Qum","8.99","1.58","8.99","4.02","22.06","14.45","371.3","1.53","351.46","40.62","53.14","6.53","0.68","","0.36","292696118.15","Paxta"
"1986","20-40 sm","Gill","8.66","1.6","8.66","4.99","19.61","13.91","343.1","1.17","336.94","20.2","52.1","8.16","0.73","7.5","0.43","191293496.81","Paxta"
"1987","20-40 sm","Gill","7.89","1.68","7.89","4.38","15.52","10.94","319.05","0.97","289.64","45.15","49.95","8.86","1.14","7.11","0.74","84310343.08","Paxta"
"1991","20-40 sm","Gill","7.28","1.36","7.28","0.94","37.82","19.18","423.49","2.27","386.69","21.53","37.72","9.87","1.79","7.93","0.8","721291532.77","Paxta"
"1993","20-40 sm","Qum","8.62","1.59","8.62","3.86","34.1","18.15","412.45","1.88","395.44","50","69.77","9.18","0.99","6.65","0.36","612734288.58","Paxta"
"1994","20-40 sm","Qum","8.02","1.68","8.02","3.8","20.71","14.52","373.04","1.3","350.65","26.7","60.55","9.75","","","0.42","196456080.05","Paxta"
"1996","20-40 sm","Gill","8","1.59","8","1.04","22.46","12.72","353.04","1.67","315.58","31.5","29.49","9.32","1.71","6.22","0.6","272756788.59","Paxta"
"1997","20-40 sm","Qum","8.53","1.65","8.53","4.98","13.13","10.75","359.77","0.85","340.35","28.74","58.56","7.72","0.83","7.21","0.54","106225779.6","Paxta"
"1998","20-40 sm","Gill","6.95","1.65","6.95","1.21","39.85","19.25","442.42","2.46","410.61","24.7","43.4","9.46","1.62","9.26","","896306366.76","Paxta"
"1999","20-40 sm","Qum","7.71","1.57","7.71","1.03","35.72","22.65","392.55","2.41","363.46","51.28","31.92","9.82","1.53","7.6","0.83","671231874.02","Paxta"
"2000","20-40 sm","Qum","7.97","1.67","7.97","4.86","25.02","16","359.79","1.7","332.35","20.78","64.53","","1.45","7.45","0.63","415901504.84","Paxta"
"2001","20-40 sm","Qum","8.47","1.62","8.47","2.19","38.85","20.72","428.62","2.17","391.17","75.53","43.05","9.62","0.73","7.29","","575078870.53","Paxta"
"2003","20-40 sm","Loy","7","1.63","7","2.34","35.4","16.4","356.8","1.7","340.74","37.9","43.78","10.11","2.03","8.23","0.8","346977363.36","Paxta"
"2004","20-40 sm","Qum","7.9","1.62","7.9","3.58","24.9","13.36","342.57","1.65","300.85","","50.85","9.56","1.34","7.6","0.74","303015976.82","Paxta"
"2005","20-40 sm","Qumoq","7.74","1.72","7.74","4.41","42.25","24.69","427.99","3.09","411.54","76.31","70.92","11.45","1.19","7.34","0.79","1090342544.02","Paxta"
"2006","20-40 sm","Qum","7.92","1.67","7.92","3.51","38.05","19.49","405.73","2.01","350.67","27.55","49.09","9.62","","8.32","0.84","719426381.71","Paxta"
"2009","20-40 sm","Gill","7.65","1.46","7.65","3.83","23.43","17","372.97","1.8","349.47","20.18","50.3","9.98","1.96","6.73","0.84","409297222.1","Paxta"
"2010","20-40 sm","Loy","7.86","1.64","7.86","5.33","36.46","18.87","361.22","1.82","341.57","24.92","73.86","9.24","1.05","7.88","0.78","553481910.92","Paxta"
"2011","20-40 sm","Gill","7.05","1.48","7.05","1.15","33.1","17.97","400.55","1.8","391.17","24.89","31.01","11.06","1.99","8.83","1.08","415022167.64","Paxta"
"2013","20-40 sm","Loy","7.98","1.41","7.98","2.3","30.86","17.65","398.59","1.67","373.53","34.33","45.25","7.87","1.2","6.99","0.66","377809361.99","Paxta"
"2019","20-40 sm","Qum","8.41","1.41","8.41","5.23","18.51","14.64","313.87","1.21","331.46","22.37","","8.98","1.29","6.87","0.45","184483531.01","Paxta"
"12459","20-40 sm","Loy","31.21","1.29","6.71","0.74","18.63","10.19","309.88","0.71","303.47","24.5","","","","5.55","","","Sabzi"
"12460","20-40 sm","Loy","25.28","1.3","8.26","0.62","47.61","13.34","227.48","1.69","126.48","34.16","","12.7","0.72","8.49","0.69","529673373.74","Sabzi"
"12461","20-40 sm","Loy","33.64","1.33","6.36","0.55","21.28","13.16","547.95","0.89","360.95","21.61","","4.88","1.97","6.08","0.74","252981116.96","Sabzi"
"12462","20-40 sm","Qum","29.71","1.28","6.78","0.89","19.32","10.82","595.57","1","392.44","38.71","","5.12","1.51","8.61","0.78","688501813.1","Sabzi"
"12463","20-40 sm","Qum","23.17","1.24","8.63","0.63","56.69","13.93","197.36","0.89","132.99","21.06","","13.91","0.55","14.98","0.66","232015801.81","Sabzi"
"12464","20-40 sm","Loy","20.07","1.24","8.03","0.63","28.85","11.37","585.8","4.21","393.86","32.21","0.54","4.72","1.86","18.13","1.82","49987775.88","Sabzi"
"12465","20-40 sm","Loy","28.62","1.32","8.62","0.97","23.64","10.05","212.64","0.6","159.58","48.17","3.78","","1.58","19.02","2.46","472552095.12","Sabzi"
"12466","20-40 sm","Loy","16.88","1.23","6.43","0.93","49.54","13.2","412.52","0.89","303.33","33.39","2.65","6.55","1.69","10.27","1.12","74597401","Sabzi"
"12467","20-40 sm","Qum","39.26","1.35","6.54","0.62","15.39","10.07","457.76","2.68","386.27","31.62","0.63","","","8.89","2.95","532892312.47","Sabzi"
"12468","20-40 sm","Qum","25.43","1.56","6.57","0.64","53.49","9.13","291.06","2.91","155.94","","0.53","10.15","0.59","14.96","2.32","558898194.44","Sabzi"
"12469","20-40 sm","","35.07","1.63","8.8","0.8","44.79","7.67","486.28","2.87","372.99","47.83","2.15","13.39","","17.75","1.59","549890396.34","Sabzi"
"12470","20-40 sm","","21.28","1.54","6.57","0.52","26.23","6.42","422.64","1.67","250.68","23.69","0.9","10.56","0.91","6.98","1.79","231226011.09","Sabzi"
"12471","20-40 sm","","24.49","1.24","6.33","0.94","33.6","10.7","169.57","3.85","107.23","30.05","2.47","3","","7.9","2.64","52832609.38","Sabzi"
"12472","20-40 sm","Loy","35.53","1.33","8.04","0.79","57.65","14.83","314.33","2.97","309.82","21.59","2.45","6.97","1.5","19.47","1.11","606571600.84","Sabzi"
"12473","20-40 sm","Qum","24.65","1.24","6.6","0.59","39.46","12.64","225.19","3.32","243.93","44.51","1.3","8.71","0.62","13.8","1.54","565260032.88","Sabzi"
"12474","20-40 sm","Loy","24.25","1.56","6.54","0.94","24.27","6.9","576.16","2.12","369.14","24.97","2.92","3.38","1.74","19.4","2.73","105941378.37","Sabzi"
"12475","20-40 sm","Loy","17.93","1.5","8.28","0.59","52.38","9.75","307.54","2.69","131.09","24.71","2.92","8.12","0.56","17.33","2.98","366956399.68","Sabzi"
"12476","20-40 sm","Loy","35.34","1.63","6.77","0.6","38.69","6.72","253.27","3.22","168.99","53.51","1.71","9.79","1.74","9.26","2.82","337917939.7","Sabzi"
"12477","20-40 sm","Qum","38.67","1.64","6.67","0.98","48.72","9.05","362.5","2.01","190.27","50.89","2.82","","1.66","15.06","2.53","48074769.55","Sabzi"
"12478","20-40 sm","Qum","15.3","1.22","8.92","0.76","53.67","14.17","275.84","0.98","272.45","50.85","2.98","10.32","0.73","15.2","0.88","593066096.9","Sabzi"
"12479","20-40 sm","Loy","34.84","1.23","6.68","0.97","56.14","13.38","553.86","4.03","384.44","37.5","3.37","10.36","1.88","13.05","2.68","245129349.78","Sabzi"
"12480","20-40 sm","Loy","32.9","1.54","8.15","0.76","51.62","8.98","417.76","4.87","272.57","34.47","0.8","","0.84","8.16","2.72","706370962.38","Sabzi"
"12481","20-40 sm","Loy","35.85","1.58","7.92","0.52","34.66","8.58","396.95","4.51","266.37","","1.91","5.02","0.66","13.22","1.49","293758585.95","Sabzi"
"12482","20-40 sm","Qum","15.86","1.62","6.76","0.94","28.46","6.37","322.74","0.82","127.93","24.11","2.89","7.67","1.53","15.58","1.36","319761166.91","Sabzi"
"12483","20-40 sm","Qum","30.17","1.33","6.41","0.81","15.89","10.51","448.31","2.7","346.68","","2.15","11.48","0.7","7.47","1.87","","Sabzi"
"12484","20-40 sm","","31.2","1.62","7.54","0.69","28.86","6.96","264.25","1.02","135.89","22.5","2.1","7.38","1.87","15.78","1.27","616113572.33","Sabzi"
"12485","20-40 sm","","24.57","1.54","8.12","0.97","29.77","7.03","308.73","2.84","258.6","22.48","0.57","6.83","0.8","12.94","0.7","111594109.86","Sabzi"
"12486","20-40 sm","","25.3","1.29","8.53","0.66","26.98","13.7","535.72","3.17","354.65","31.56","2.28","","0.84","8.69","2.57","16864331.88","Sabzi"
"12487","20-40 sm","Loy","21.37","1.25","6.67","0.58","17.71","10.82","551.97","3.38","317.81","40.44","","3.68","1.79","19.22","2.36","409862929.5","Sabzi"
"12488","20-40 sm","Qum","31.45","1.32","7.53","0.66","16.56","10.14","245.55","1.16","154.41","34.13","0.72","3.16","0.52","16.74","2.14","159909120.13","Sabzi"
"12489","20-40 sm","Loy","25.84","1.26","8.5","0.83","16.75","10.01","425.51","2.27","259.17","31.79","1.05","11.53","1.59","5.47","2.89","58845690.1","Sabzi"
"12490","20-40 sm","Loy","35.1","1.32","6.51","0.88","19.61","10.82","407.24","2.06","186.72","32.15","3.37","","1.96","14.76","2.12","218152214.76","Sabzi"
"12491","20-40 sm","Loy","17.18","1.25","6.69","0.72","52.32","14.18","190.18","3.69","123.63","24.62","2.86","7.77","1.57","12.1","0.61","148943714.95","Sabzi"
"12492","20-40 sm","Loy","36.54","1.28","7.62","0.59","54.91","14.47","535.84","3.38","366.11","60.44","","7.97","1.79","19.01","2.75","552814837.92","Sabzi"
"12493","20-40 sm","Qum","21.19","1.23","8.93","0.94","42.29","12.79","584.07","3.93","","35.97","3.17","6.08","1.66","11.69","1.37","15626170.28","Sabzi"
"12494","20-40 sm","Loy","36.92","1.65","8.47","0.68","23.87","6.39","425.97","3.68","291.34","24.79","3.26","8.57","0.77","12.94","2.66","556071855.37","Sabzi"
"12495","20-40 sm","Loy","29.6","1.54","6.71","0.61","23.41","6.66","501.48","1.05","317.92","23.33","0.65","13.25","1.74","7.77","1.05","488986996.55","Sabzi"
"12496","20-40 sm","Loy","27.83","1.31","6.33","0.84","42.51","13.48","410.79","3.19","286.97","27.12","2.15","5.11","1.96","19.37","2.47","223672410.49","Sabzi"
"12497","20-40 sm","Qum","17.77","1.22","7.61","0.84","45.84","14.31","530.13","4.41","363.91","39.43","2.82","6.22","1.57","14.81","1.54","361372642.6","Sabzi"
"12498","20-40 sm","Qum","27.9","1.57","8.27","0.85","18.88","5.8","483.8","2.39","278.66","26.38","2.76","7.75","1.66","6.16","2.97","621364538.64","Sabzi"
"12499","20-40 sm","Loy","20.38","1.52","6.54","0.8","59","9.15","322.94","4.58","299.85","23.53","2.24","3.82","1.75","12.28","1.66","413241576.54","Sabzi"
"12500","20-40 sm","Loy","32.23","1.24","6.46","0.68","33.79","11.57","303.1","3.49","214.85","24.07","2.46","13.71","0.58","6.87","0.85","128916757.68","Sabzi"
"12501","20-40 sm","Loy","29.53","1.51","8.69","0.67","54.19","9.35","485.5","2.67","243.3","31.77","2.75","13.27","0.83","18.97","0.86","452605400.67","Sabzi"
"12502","20-40 sm","Qum","23.29","1.27","6.41","0.83","48.83","14.15","190.64","2.78","112.21","30.55","1.3","12.88","1.97","6.98","1.64","350025010.51","Sabzi"
"12503","20-40 sm","Qum","28.46","1.48","8.32","0.61","27.16","8.63","208.35","3.11","161.3","","0.62","13","1.88","16.72","2.34","461294738.06","Sabzi"
"12504","20-40 sm","","17.1","1.26","6.61","0.77","56.66","14.33","276.44","2.98","272.77","38.15","2.2","11.03","1.93","17.38","1.42","451205703.69","Sabzi"
"12505","20-40 sm","","33.53","1.34","6.38","0.64","42.77","14.49","187.05","3.85","127.3","25.91","2.59","10.57","0.84","17.38","1.84","704928497.01","Sabzi"
"12506","20-40 sm","","23.18","1.24","6.47","0.82","54.69","14.71","473.95","0.85","262.68","23.09","3.99","5.5","0.52","8.42","2.34","362585852.26","Sabzi"
"12507","20-40 sm","Loy","39.55","1.3","6.32","0.78","50.19","12.57","393.4","2.17","289.49","59.42","1.8","4.37","1.52","16.85","2.85","190605689.21","Sabzi"
"12508","20-40 sm","Qum","34.04","1.33","6.45","0.95","49.88","13.72","524.83","3.29","297.66","50.11","1.6","10.74","0.58","7.02","0.85","23419682.41","Sabzi"
"12509","20-40 sm","Loy","23.33","1.48","8.76","0.89","30.06","6.56","394.45","0.91","337.62","26.89","2.02","6.11","1.77","15.32","2.69","310994218.04","Sabzi"
"12510","20-40 sm","Loy","33.08","1.62","8.22","0.65","31.47","8.55","279.2","2.23","167.49","","3.54","14.86","0.68","19.38","0.81","260046269.15","Sabzi"
"12511","20-40 sm","Loy","36.09","1.32","8.17","0.57","24.17","10.31","392.53","2.38","295.78","23.72","1.59","9.49","2","16.9","2.53","389068676.23","Sabzi"
"12512","20-40 sm","Qum","34.27","1.34","7.58","0.68","17.98","12.1","289.18","3.66","199.72","21.66","1.42","5.65","1.68","6.38","2.7","70475772.09","Sabzi"
"12513","20-40 sm","Qum","27.7","1.48","8.76","0.88","52.66","9.84","203.61","1.31","142.99","28.24","2.95","9.87","0.66","17.74","2.42","37506061.77","Sabzi"
"12514","20-40 sm","Loy","24.2","1.22","7.76","0.7","23.66","11.58","507.83","4.03","367.52","23.72","3.1","6.76","0.57","7.27","0.6","109497565.62","Sabzi"
"12515","20-40 sm","Loy","26.53","1.3","8.5","0.78","49.52","13.6","314.46","0.98","282.24","21.42","3.89","4.9","1.68","10.71","2.84","608775658.81","Sabzi"
"12516","20-40 sm","Loy","21.9","1.27","8.29","0.68","58.4","14.87","362.25","2.74","189.13","24.64","0.72","5.78","0.55","","1.04","432163691.59","Sabzi"
"12517","20-40 sm","Qum","34.88","1.58","7.76","0.85","41.57","7.59","204.09","2.26","137.42","33.47","0.85","10.67","1.7","18.51","1.41","128991760.94","Sabzi"
"12518","20-40 sm","Qum","16.88","1.46","6.7","0.83","40.7","8.68","524.86","1.25","364.86","22.59","1.58","5.73","1.75","13.95","2.62","522683824.39","Sabzi"
"12519","20-40 sm","","35.67","1.33","8.52","0.69","53.52","14.75","237.41","3.1","130.75","27.85","0.93","8.67","1.7","5.86","2.65","514464733.42","Sabzi"
"12520","20-40 sm","","21.12","1.55","6.71","0.97","46.9","9.17","456.37","1.52","226.84","90.72","3.01","12.05","0.78","17.51","1.43","97537236.12","Sabzi"
"12521","20-40 sm","","33.99","1.64","8.79","0.85","52.47","8.94","555.63","1.9","349.62","22.44","0.75","13.12","1.76","5.16","0.66","709591945.59","Sabzi"
"12522","20-40 sm","Loy","38.69","1.35","6.69","0.54","39.06","13.21","403.17","2","206.61","52.9","1.48","6.18","1.85","12.17","2.76","620203271.59","Sabzi"
"12523","20-40 sm","Qum","25.59","1.5","8.04","0.79","59.2","9.8","320.75","3.59","154.25","30.79","2.05","10.88","0.66","17.89","0.59","519213648.91","Sabzi"
"12524","20-40 sm","Loy","21.47","1.57","7.85","0.74","32.82","8.77","340.51","3.63","206.1","33.42","1.22","13.28","1.93","5.28","1.3","396488638.71","Sabzi"
"12525","20-40 sm","Loy","17.67","1.23","8.8","0.57","55.12","14.11","406.88","2.32","223.63","40.54","2.75","13.46","0.96","15.14","2.63","640191769.33","Sabzi"
"12526","20-40 sm","Loy","39.9","1.64","8.66","0.55","31.69","7.25","336.46","1.48","154.06","","1.32","","1.92","7.13","1.64","299021431.66","Sabzi"
"12527","20-40 sm","Qum","23.25","1.27","8.38","0.95","49.73","14.76","203.36","3.47","132.99","","1.13","4.21","0.72","18.82","2.24","531306236.63","Sabzi"
"12528","20-40 sm","Qum","30.79","1.3","6.5","0.8","39.86","13.97","260.55","3.42","254.96","22.06","2.31","6.74","0.58","14.36","0.61","590747765.29","Sabzi"
"12529","20-40 sm","Loy","32.99","1.51","8.87","0.84","34.62","7.34","491.55","1.18","313.34","50.08","2.55","6.08","0.65","","1.98","171032630.35","Sabzi"
"12530","20-40 sm","Loy","20.51","1.27","6.33","0.51","41.84","12.83","563.75","2.89","381.25","57.08","1.15","4.73","0.6","9.21","2.76","173243713.56","Sabzi"
"12531","20-40 sm","Loy","27.73","1.47","6.73","0.83","41.67","6.92","250.98","2.45","125.85","22.01","3.4","5.13","0.59","19.8","0.53","146871011.97","Sabzi"
"12532","20-40 sm","Qum","39.18","1.65","6.73","0.95","49.5","7.75","467.13","1.65","353.09","53.08","0.61","14.31","1.57","6.67","0.72","61217959.05","Sabzi"
"12533","20-40 sm","Qum","27.75","1.3","6.7","0.8","17.4","10.59","333.63","2.3","240.89","26.89","1.28","5.11","1.92","8.9","2.75","572524538.98","Sabzi"
"12534","20-40 sm","","20.99","1.53","6.57","0.8","47","9.03","238.56","2","199.2","30.08","2.3","5.34","","12.27","0.9","108805972.72","Sabzi"
"12535","20-40 sm","","25.56","1.33","6.66","0.66","54.31","13.55","207.78","1.29","203.85","40.91","1.93","6.7","1.58","11.41","1.69","533346904.43","Sabzi"
"12536","20-40 sm","","19.08","1.22","6.39","0.89","45.26","13.32","155.02","2.25","112.43","27.88","1.61","10.04","1.71","12.91","1.69","613162812.95","Sabzi"
"12537","20-40 sm","Loy","21.53","1.62","6.38","0.52","18.76","6.62","194.05","1.63","146.2","21.15","1.53","5.74","","19.81","0.93","496939988.08","Sabzi"
"12538","20-40 sm","Qum","27.21","1.59","8.29","0.57","30.74","5.83","363.97","0.67","262.48","28.15","2.44","9.28","1.59","13.99","2.21","341618967.2","Sabzi"
"12539","20-40 sm","Loy","39.76","1.35","8.24","0.73","19.28","10.29","169.14","1.13","110.71","","3.79","12.32","1.84","5","2.42","630011540.3","Sabzi"
"12540","20-40 sm","Loy","34.45","1.51","6.39","0.77","52.17","9.5","384.53","1.61","347.04","42.48","1.59","5.49","1.81","10.03","2.57","400408555.76","Sabzi"
"12541","20-40 sm","Loy","20.03","1.25","7.86","0.79","24.77","11.08","483.88","4.12","291.17","42.87","2.37","4.11","1.62","9.57","0.5","582302565.21","Sabzi"
"12542","20-40 sm","Loy","37.17","1.33","6.33","0.99","57.12","14.92","360.57","1.68","155.7","22.45","1.36","9.3","1.57","6.29","1.12","326507098.46","Sabzi"
"12543","20-40 sm","Qum","22.9","1.23","7.86","0.52","32.6","13.76","366.25","2.78","291.46","44.48","","9.72","0.89","9.1","2.18","425312227.42","Sabzi"
"12544","20-40 sm","Loy","29.58","1.34","8.62","0.66","17.73","10.54","322.83","4.4","264.08","26.11","1.89","4.11","1.79","14.63","0.74","613345839.63","Sabzi"
"12545","20-40 sm","Loy","36.39","1.33","6.79","0.79","37.4","13.31","346.52","1.39","173.06","23.94","3.69","4","","12.14","2.16","232232945.31","Sabzi"
"12546","20-40 sm","Loy","17.35","1.21","7.64","0.65","36.08","11.98","434.52","3.46","364.45","33.19","0.8","9.8","1.56","6.59","1.49","516807393.67","Sabzi"
"12547","20-40 sm","Qum","17.86","1.27","6.39","0.92","59.81","14.73","383.64","3.74","267.62","21.14","2.5","6.95","0.87","14.53","1.5","377348696.54","Sabzi"
"12548","20-40 sm","Qum","27.38","1.61","6.66","0.56","31.95","6.78","183.54","1.96","120.39","41.99","1.85","6.35","0.54","13.95","2.1","269897369.41","Sabzi"
"12549","20-40 sm","Loy","31.8","1.23","8.04","0.8","46.7","13.39","575.44","2.73","375.57","51.93","0.59","6.16","0.68","5.92","1.92","447853017.06","Sabzi"
"12550","20-40 sm","Loy","18.19","1.26","6.69","0.9","41.31","12.99","239.52","3.2","146.27","33.34","0.83","13.32","1.63","11.78","1.13","448053623.32","Sabzi"
"12551","20-40 sm","Loy","22.62","1.2","8.01","0.81","55.09","14.53","307.04","4.03","152.77","55.81","1.3","3.45","0.92","15.87","1.18","549418378.36","Sabzi"
"12552","20-40 sm","Qum","20.05","1.2","6.47","0.9","42.24","11.86","360.9","3.06","263.54","62.85","","8.66","0.62","11.09","1.01","74100257.13","Sabzi"
"12553","20-40 sm","Qum","33.04","1.28","7.83","0.96","58.7","14.68","272.35","4.01","275.06","36.64","3.72","3.8","0.6","10.44","2.42","407499170.03","Sabzi"
"12554","20-40 sm","","36.22","1.57","6.38","0.92","56.93","8.24","468.51","1.8","316.09","34.72","0.83","12.58","1.56","14.38","1.79","549687128.55","Sabzi"
"12555","20-40 sm","","31.53","1.59","8.18","0.8","22.63","7.15","173.83","1.07","152.66","52.86","3.88","10.85","1.9","9.59","","105456044.09","Sabzi"
"12556","20-40 sm","","15.62","1.22","7.92","0.51","48.71","12.98","533.4","4.3","272.43","76.45","1.3","8.39","0.89","5.56","1.72","176708633.2","Sabzi"
"12557","20-40 sm","Loy","33.57","1.53","6.45","0.54","46.81","8.48","317.89","2.7","276.5","25.24","2.28","5.19","","18.51","0.76","109422907.24","Sabzi"
"12558","20-40 sm","Qum","16.86","1.25","6.79","0.55","53.26","14.39","361.6","0.78","289.8","24.95","3.78","7.4","1.58","7.35","","590964929.04","Sabzi"
"12559","20-40 sm","Loy","20.45","1.24","8.44","0.95","30.23","12.29","224.48","3.72","166.95","24.18","0.86","6.36","1.6","12.1","2.53","127450578.8","Sabzi"
"12560","20-40 sm","Loy","23.74","1.61","7.81","0.98","16.23","5.15","176.91","3.75","","","3.09","10.57","1.62","11.42","0.85","246855176.91","Sabzi"
"12561","20-40 sm","Loy","30.79","1.55","7.53","0.53","15.89","5.13","380.97","3.53","351.38","77.5","0.88","13.87","1.84","13.42","1.13","47418016.93","Sabzi"
"12562","20-40 sm","Qum","30.66","1.22","6.72","0.84","36.16","13.7","159.01","1.08","108.76","33.41","2.15","13.07","0.92","9.59","1.31","426233204.3","Sabzi"
"12563","20-40 sm","Qum","32.89","1.57","6.68","0.6","36.61","7.12","157.67","0.64","103.86","25.29","3.33","10.23","0.87","17.44","1.13","394008543.77","Sabzi"
"12564","20-40 sm","Loy","27.55","1.22","8.89","0.64","31.98","10.93","395.05","3.12","284.97","46.27","2.52","8.54","1.73","","1.93","388034177.34","Sabzi"
"12565","20-40 sm","Loy","31.27","1.61","6.71","0.59","47.36","7.8","172.06","1.66","139.32","28.57","0.75","5.2","0.9","5.87","2.78","369316266.76","Sabzi"
"12566","20-40 sm","Loy","21.88","1.3","8.43","0.91","17.91","10.18","213.67","2.07","135.71","54.12","1.98","7.12","1.65","10.65","0.91","246548301.26","Sabzi"
"12567","20-40 sm","Qum","38.44","1.33","6.33","0.6","53.92","14.2","181.34","4.09","137.29","23.43","3.04","11.84","0.86","5.36","1","546557974.92","Sabzi"
"12568","20-40 sm","Qum","38.17","1.33","6.33","0.79","20.81","10.58","236.25","0.62","121.06","41.85","3.67","7.59","0.95","19.39","","542355203.89","Sabzi"
"12569","20-40 sm","","28.51","1.5","6.6","0.52","47.04","9.51","233.75","1.23","169.5","40.91","2.5","3.28","1.89","19.73","0.75","740790533.7","Sabzi"
"12570","20-40 sm","","15.4","1.46","6.79","0.95","17.24","5.62","481.48","1.03","301.99","37.98","2.2","9.34","0.53","14.45","2.3","581252083.12","Sabzi"
"12571","20-40 sm","","15.05","1.23","6.47","0.92","52.87","13.74","536.98","1.91","325.85","38.42","1.74","12.09","1.7","18.2","2.83","156379435.5","Sabzi"
"12572","20-40 sm","Loy","26.25","1.58","8.59","0.77","56.06","9.88","332.13","3.36","183.21","54.58","0.84","5.19","1.86","18.89","2.17","529758517.58","Sabzi"
"12573","20-40 sm","Qum","15.82","1.25","7.97","0.83","44.93","13.77","444.08","3.77","310.93","31.42","2.27","3.23","0.7","16.54","2.34","544308222.85","Sabzi"
"12574","20-40 sm","Loy","21.88","1.25","8.84","0.81","39.99","11.31","525.58","4.26","367.7","23.72","2.87","9.1","1.54","11.2","2.32","270025685.12","Sabzi"
"12575","20-40 sm","Loy","26.13","1.21","6.71","0.75","26.23","10.73","368.76","0.62","279.58","21.94","3.2","9.91","1.85","6.36","1.43","34043384.48","Sabzi"
"12576","20-40 sm","Loy","22.22","1.28","6.73","0.73","48.6","14.59","537.96","2.77","214.3","27.35","1.07","8.17","0.78","14.77","0.86","17984534.18","Sabzi"
"12577","20-40 sm","Qum","22.83","1.55","7.7","0.53","50.35","8.15","466.53","1.9","227.58","50.75","3.95","7.94","0.82","14","0.87","250758509.56","Sabzi"
"12578","20-40 sm","Qum","38.97","1.35","6.32","0.68","50.47","14.58","469.48","4.15","214.85","22.45","3.79","5.29","0.77","19.99","1.62","205214137.17","Sabzi"
"12579","20-40 sm","Loy","20.67","1.25","6.56","0.77","20.11","10.7","340.27","2.75","148.19","39.33","1.17","5.98","1.55","13.92","1.44","227309656.77","Sabzi"
"12580","20-40 sm","Loy","21.32","1.62","6.68","0.96","59.3","9.81","536.04","2.37","259.11","21.14","1.47","9.38","","6.7","2.98","425389560.82","Sabzi"
"12581","20-40 sm","Loy","19.81","1.22","7.92","0.83","36.53","12.09","548.77","3.35","383.82","35.51","3.67","14.79","0.68","13.75","1.34","32874722.66","Sabzi"
"12582","20-40 sm","Qum","18.23","1.58","6.33","0.57","20.49","6.41","533.11","3.97","370.31","21.12","2.9","13.55","0.98","11.34","0.7","587610917.28","Sabzi"
"12583","20-40 sm","Qum","26.9","1.26","6.49","0.56","31.51","11.59","459.74","1.39","341.36","32.62","3.46","3.81","0.93","7.05","0.95","476893059.65","Sabzi"
"12584","20-40 sm","","15.29","1.46","8.34","0.84","41.22","8.47","596.18","1.65","394.92","25.41","3.45","4.64","0.52","8.24","1.86","46410514.28","Sabzi"
"12585","20-40 sm","","34.05","1.51","8.22","0.64","57.41","9.35","331.83","1.93","176.11","46.35","3.46","11.66","0.56","11.89","0.62","487309665.05","Sabzi"
"12586","20-40 sm","","30.21","1.63","8.29","0.73","32.87","8.03","579.52","0.86","308.27","41.27","1.68","13.43","0.91","7.85","0.84","","Sabzi"
"12587","20-40 sm","Loy","18.39","1.53","7.82","0.8","58.11","9.17","548.23","2.62","388.47","28.6","1.09","3.9","0.97","17.75","1.85","450635686.98","Sabzi"
"12588","20-40 sm","Qum","18.16","1.53","8.79","0.73","45.86","9.58","302.65","0.67","182.36","29.07","3.21","7.03","1.53","18.42","0.92","284917431.86","Sabzi"
"12589","20-40 sm","Loy","37.13","1.65","6.31","0.89","29.33","6.69","514.33","2.1","332.94","24.04","1.08","14.97","1.77","18.96","2.32","479461885.76","Sabzi"
"12590","20-40 sm","Loy","33.46","1.3","7.78","0.76","21.62","10.6","461.5","3.44","339.63","37.87","2.07","10.8","2","13.93","1.93","499039124.25","Sabzi"
"12591","20-40 sm","Loy","39.01","1.33","6.57","0.54","41.77","12.6","593.78","0.91","381.2","31.89","3.56","6.73","0.77","15.62","2.86","517000170.7","Sabzi"
"12592","20-40 sm","Loy","15.71","1.22","7.95","0.58","37.19","12.4","503.81","3","314.22","22.86","1.97","13.37","0.66","17.29","1.17","97054046.1","Sabzi"
"12593","20-40 sm","Qum","34.26","1.3","7.71","0.75","54.96","13.43","190.23","4.42","160.89","25.79","1.71","12.53","1.98","18.32","2.21","607739688.32","Sabzi"
"12594","20-40 sm","Loy","31.6","1.28","6.6","0.55","45.63","13.88","179.77","1.03","131.06","27.59","1.9","8.53","0.79","13.66","2.68","232190070.03","Sabzi"
"12595","20-40 sm","Loy","16.77","1.21","6.8","0.78","30.34","13.85","389.5","1.21","228.86","","2.36","5.74","0.7","10.85","2.45","113543014.49","Sabzi"
"12596","20-40 sm","Loy","17.06","1.23","8.8","0.85","18.65","10.23","498.93","3.31","360.29","41.92","0.58","12.09","0.68","9.64","1.71","364074415.68","Sabzi"
"12597","20-40 sm","Qum","18.09","1.22","6.74","0.85","58.94","14.97","163.2","0.67","176.25","35.89","1.21","12.48","0.77","6.02","0.77","379794940.57","Sabzi"
"12598","20-40 sm","Qum","26.59","1.32","6.43","0.67","57.02","14.42","393.42","4.01","238.07","21.51","1.47","6.69","0.89","13.82","1.67","305102284.93","Sabzi"
"12599","20-40 sm","Loy","35.37","1.33","6.77","0.61","19.65","10.65","208.93","2.72","253.59","83.78","3.35","3.87","1.65","6.39","1.07","710301671.8","Sabzi"
"12600","20-40 sm","Loy","17.29","1.21","6.67","0.9","48.81","13.65","218.02","2.75","179.86","20.07","1.73","4.68","0.58","17.68","0.84","538037944.04","Sabzi"
"12601","20-40 sm","Loy","27.63","1.22","6.74","0.7","15.41","10.23","477.25","3.22","339.15","26.14","1.07","8.79","0.63","9.19","0.88","129048811.69","Sabzi"
"12602","20-40 sm","Qum","20.93","1.6","7.7","0.57","41.63","7.6","177.24","0.62","125.39","22.15","3.06","10.78","0.8","11.17","2.83","34974854.49","Sabzi"
"12603","20-40 sm","Qum","28.04","1.34","6.53","0.82","22.17","13.58","588.24","1.5","374.52","49.67","3.11","14.67","1.85","7.53","0.96","370310147.79","Sabzi"
"12604","20-40 sm","","33.17","1.32","6.37","0.7","47.28","12.62","594.66","2.93","379.99","21.33","3.37","10.58","2","10.44","0.76","370814341.97","Sabzi"
"12605","20-40 sm","","17.07","1.27","6.55","0.76","15.11","10.33","263.47","2.26","157.27","22.24","3.57","5.34","0.72","13.79","1.39","651133263.89","Sabzi"
"12606","20-40 sm","","34.65","1.62","6.78","0.72","46.62","8.94","334.04","1.62","238.87","76.5","3.52","3.71","1.56","11.24","2.08","524557579.94","Sabzi"
"12607","20-40 sm","Loy","20.05","1.5","6.46","0.66","58.33","9.88","278.94","1.46","310.09","35.17","1.87","10.03","0.51","13.57","1.02","70177411.78","Sabzi"
"12608","20-40 sm","Qum","39.47","1.65","6.75","0.57","45.54","7.48","274.42","0.75","168.63","52.96","3.15","9.62","1.79","9.65","2.78","698073387.28","Sabzi"
"12609","20-40 sm","Loy","18.53","1.24","8.17","0.6","41.68","10.98","245.82","3.27","221.47","29.33","1.85","3.86","1.64","12.38","2.31","701728445.01","Sabzi"
"12610","20-40 sm","Loy","33.48","1.54","8.9","0.75","38.33","8.68","297.54","2.79","181.58","57.95","2.87","4.31","0.54","13.54","1.1","70304072.86","Sabzi"
"12611","20-40 sm","Loy","33.23","1.57","7.66","0.78","16.93","5.62","298.31","4.07","184.13","25.75","0.68","10.92","0.65","14.2","","582642869.84","Sabzi"
"12612","20-40 sm","Qum","15.09","1.45","7.65","0.76","36.64","5.68","240.07","2.59","264.81","56.24","1.84","9.42","0.78","8.01","2.03","35065716.24","Sabzi"
"12613","20-40 sm","Qum","23.43","1.3","6.55","0.55","30.37","11.46","398.65","4.05","267.36","51.88","2.04","4.27","1.67","6.86","2.07","411330480.36","Sabzi"
"12614","20-40 sm","Loy","33.83","1.3","6.4","0.72","20.56","10.2","545.98","4.44","290.25","25.77","1.93","14.22","0.57","12.51","0.59","105019821.28","Sabzi"
"12615","20-40 sm","Loy","35.99","1.61","6.36","0.88","49.7","8.81","173.93","3.74","121.62","33.81","2.77","14.51","1.98","13.94","0.58","492736076.79","Sabzi"
"12616","20-40 sm","Loy","24.57","1.26","6.34","0.88","15.29","10.02","505.52","3.12","356.11","22.58","1.46","4.36","1.98","7.5","1.9","8531016.82","Sabzi"
"12617","20-40 sm","Qum","26.81","1.32","8.57","0.75","41.62","12.86","466.66","2.58","329.33","35.64","0.93","12.9","","11.63","0.76","458232851.03","Sabzi"
"12618","20-40 sm","Qum","36.77","1.25","8.05","0.78","59.51","14.29","164.23","3.84","135.72","50.78","0.57","6.54","0.9","19.23","1.28","676357386.16","Sabzi"
"12619","20-40 sm","","18.67","1.22","7.98","0.5","40.92","13.78","569.9","1.21","395.79","43.63","3.05","","1.69","7.28","1.02","","Sabzi"
"12620","20-40 sm","","21.38","1.21","7.58","0.68","43.18","13.61","295.87","3.87","120.79","33.66","0.83","11.07","0.77","8.69","2.37","379580545.78","Sabzi"
"12621","20-40 sm","","37.13","1.51","6.59","0.56","39.39","6.72","539.64","2.6","315.77","36.11","2.44","10.22","1.78","6.4","0.85","511976809.18","Sabzi"
"12622","20-40 sm","Loy","19.55","1.58","6.65","0.55","51.24","6.43","412.14","0.78","301.3","30.67","0.71","12.88","1.55","14.07","1.58","23162164.78","Sabzi"
"12623","20-40 sm","Qum","17.97","1.28","6.59","0.94","37.42","12.5","563.08","2.8","392.77","23.28","2.39","14.39","1.9","17.51","0.84","281871666.05","Sabzi"
"12624","20-40 sm","Loy","32.08","1.57","6.66","0.52","53.85","8.7","199.57","1.77","139.85","","2.99","11.22","","10.57","2.79","271244422.93","Sabzi"
"12625","20-40 sm","Loy","15.71","1.21","6.8","0.57","33.99","11.63","523.97","0.92","321.23","20.69","0.58","10.59","1.86","10.49","2.45","163665964.13","Sabzi"
"12626","20-40 sm","Loy","23.52","1.46","6.53","0.61","33.19","6.08","302.31","3.03","152.72","27.79","1.52","13.48","1.73","7.85","0.96","588668295.34","Sabzi"
"12627","20-40 sm","Qum","25.89","1.49","7.71","0.52","42.9","8.29","404.86","3.18","300.99","26.47","3.69","10.53","1.88","9.66","0.91","10267181.69","Sabzi"
"12628","20-40 sm","Qum","20.8","1.27","6.62","0.56","59.47","14.83","348.24","3.42","247.56","68.91","3.75","9.39","1.86","","0.82","","Sabzi"
"12629","20-40 sm","Loy","23.39","1.49","6.53","0.96","20.17","5.36","271.84","1.78","147.13","49.21","3.73","8.68","0.7","19.22","1.14","686578881.09","Sabzi"
"12630","20-40 sm","Loy","33.42","1.32","8.67","0.98","32.29","14.05","560.26","1.49","373.91","30.57","3.43","9.11","0.64","16.42","1.89","469690573.97","Sabzi"
"12631","20-40 sm","Loy","24.51","1.27","8.48","0.89","28.65","13.9","290.47","1.67","214.65","29.99","3.05","5.74","1.66","16.37","2.56","421407792.81","Sabzi"
"12632","20-40 sm","Qum","31.07","1.63","7.61","0.54","53.19","8.22","175.43","0.92","116.57","44.8","1.31","5.63","0.87","7.33","2.43","427285721.98","Sabzi"
"12633","20-40 sm","Qum","22.98","1.27","8.57","0.87","26.24","11.85","283.89","1.31","312.15","41.44","3.7","13.69","1.59","7.04","2.53","605828247.58","Sabzi"
"12634","20-40 sm","","29.09","1.34","6.71","0.76","44.57","14.56","433.85","2.66","261.02","69.51","2.88","3.63","1.95","7.84","2.08","482098017.56","Sabzi"
"12635","20-40 sm","","25.91","1.5","6.66","0.9","48.28","6.45","273.56","0.93","260.18","22.04","1.38","3.73","0.55","15.48","0.85","652506560.15","Sabzi"
"12636","20-40 sm","","17.22","1.52","6.51","0.65","46.31","8.8","235.66","2.59","122.5","39.51","1.37","11.45","1.58","8.96","2.38","227012453.46","Sabzi"
"12637","20-40 sm","Loy","15.3","1.47","8.23","0.73","33","7.31","550.33","1.1","299.4","51.57","2.78","14.64","0.9","5.39","2.8","257065962.42","Sabzi"
"12638","20-40 sm","Qum","35.19","1.29","6.6","0.65","23.23","11.7","166.24","0.65","124.06","42.06","1.68","14.36","0.77","19.52","1.24","363336153.67","Sabzi"
"12639","20-40 sm","Loy","33.33","1.48","6.44","0.65","17.81","5.61","159.1","0.92","176.26","20.99","1.45","12.11","1.98","14.66","0.55","621012140.17","Sabzi"
"12640","20-40 sm","Loy","32.76","1.59","6.62","0.96","28.86","7.2","488.71","3.33","373.98","44.12","1.19","13","0.89","7.03","1.59","98664131.01","Sabzi"
"12641","20-40 sm","Loy","30.17","1.61","8.07","0.97","33.25","5.74","482.93","4.75","346.79","87.17","1.12","14.72","1.83","5.44","2.18","219837002.57","Sabzi"
"12642","20-40 sm","Loy","17.68","1.46","6.6","0.92","21.63","6.55","565.38","3.28","339.45","27.19","3.42","12.09","1","14.23","0.73","277013217.66","Sabzi"
"12643","20-40 sm","Qum","25.62","1.48","7.87","0.71","57.94","9.96","245.27","3.44","110.73","52.15","0.55","6.53","1.94","11.62","0.56","670466181.6","Sabzi"
"12644","20-40 sm","Loy","31.11","1.23","6.73","0.61","52.99","13.63","235.87","1.53","158.21","41.12","2.63","10.22","0.68","14.21","2.02","194032614.01","Sabzi"
"12645","20-40 sm","Loy","18.01","1.25","8.84","0.7","38.91","13.19","352.1","2.5","204.71","32.23","3.76","11.89","0.78","9.28","1.9","648476445.82","Sabzi"
"12646","20-40 sm","Loy","34.56","1.6","8.67","0.61","40.67","7.83","395.17","2.72","289.53","32.39","1.2","8.53","1.89","12.52","1.61","414978440.52","Sabzi"
"12647","20-40 sm","Qum","28.95","1.64","6.44","0.97","25.09","7.04","179.19","0.91","137.65","26.94","3.3","3.74","1.86","11.58","1.46","447211756.47","Sabzi"
"12648","20-40 sm","Qum","16.4","1.5","8.1","0.76","26.58","6.51","447.11","4.11","263.45","","2.58","11.81","0.51","","0.83","421869137.83","Sabzi"
"12649","20-40 sm","Loy","36.74","1.31","6.5","0.93","40.23","13.6","217.86","3.85","130.48","20.07","2.54","7.34","1.78","18.01","0.68","106475491.27","Sabzi"
"12650","20-40 sm","Loy","37.05","1.3","6.6","0.69","37.23","13.44","152.1","3.36","103.47","33.94","","3.63","0.75","16.63","1.57","51249900.1","Sabzi"
"12651","20-40 sm","Loy","24.18","1.27","8.04","0.78","47.36","12.02","192.33","1.34","145.81","23.26","3.81","5.6","0.62","6.49","2.91","155881815.83","Sabzi"
"12652","20-40 sm","Qum","37.25","1.58","6.31","0.64","26","6.2","373.08","4.28","209.34","23.15","2.38","10.76","1.6","6.14","2.64","266392854.09","Sabzi"
"12653","20-40 sm","Qum","15.56","1.5","6.78","0.8","34.61","7.79","457.35","1.36","356.06","27.98","1.45","14.76","1.8","13.75","0.62","196949964.83","Sabzi"
"12654","20-40 sm","","33.35","1.32","7.99","0.99","51.33","13.3","197.76","3.14","108.99","21.05","3.99","14.19","0.98","19.63","","722720399.64","Sabzi"
"12655","20-40 sm","","39.03","1.65","6.75","0.51","16.54","5.12","427.14","1.5","228.48","22.85","3.98","","0.92","6.5","1.78","369158227.73","Sabzi"
"12656","20-40 sm","","27.21","1.51","8.84","0.71","16.81","5.18","269.72","3.78","201.11","21.22","2.56","7.91","1.76","8.87","","312592148.01","Sabzi"
"12657","20-40 sm","Loy","30.91","1.53","6.55","0.72","51.36","9.07","228.13","2.72","112.87","25.65","1.77","11.82","1.77","19.29","0.84","376974775.98","Sabzi"
"12658","20-40 sm","Qum","19.42","1.46","6.38","0.85","55.34","9.71","377.34","2.21","341.58","56.51","3.92","3.45","0.9","12.89","1.48","292189694.98","Sabzi"
"12659","20-40 sm","Loy","35.75","1.64","8","0.72","22.92","5.66","421.66","2.46","333.29","21.37","2.58","8.35","0.52","","2.98","265150763.69","Sabzi"
"12660","20-40 sm","Loy","19.61","1.52","7.85","0.7","28.66","6.53","258.67","4.02","199.94","68.85","1.27","5.27","1.85","15.02","2.03","587670618.02","Sabzi"
"12661","20-40 sm","Loy","25.6","1.6","8.4","0.97","52.42","7.07","242.96","3.84","108.99","36.29","1.78","14.77","0.74","14.38","1.9","238818060.76","Sabzi"
"12662","20-40 sm","Qum","27.98","1.28","6.53","0.57","19.31","10.67","469","1.63","293.24","31.12","3.26","6.38","1.96","13.35","2.86","267324796.75","Sabzi"
"12663","20-40 sm","Qum","23.98","1.21","8.18","0.81","32.69","10.91","515.85","3","252.18","55.68","0.7","14.71","0.7","10.86","2.02","569414938.96","Sabzi"
"12664","20-40 sm","Loy","19.85","1.54","7.64","0.65","28.93","7.1","331.07","1.19","241.54","23.83","1.76","7.73","1.97","17.75","2.09","371890404.78","Sabzi"
"12665","20-40 sm","Loy","35.69","1.63","8.04","0.56","44.75","9.47","287.16","3.29","181.38","38.13","0.85","4.48","0.62","13.16","1.55","599986185.73","Sabzi"
"12666","20-40 sm","Loy","24.25","1.54","8.71","0.51","53.13","9.73","250.7","0.66","143.21","26.4","1.72","12.21","1.56","","2.3","78495951.03","Sabzi"
"12667","20-40 sm","Qum","26.71","1.28","7.7","0.9","23.22","10.48","350.91","5.01","281.53","23.18","1.51","9.06","1.72","5.64","2.52","228014934.32","Sabzi"
"12668","20-40 sm","Qum","24.39","1.28","8.93","0.69","24.79","12.48","528.43","1.05","296","25.15","0.95","11.52","0.7","12.06","1.05","576188055.66","Sabzi"
"12669","20-40 sm","","27.23","1.63","6.56","0.59","56.27","9.18","315.75","4.81","220.23","38.04","2.69","3.2","0.71","7.19","0.71","","Sabzi"
"12670","20-40 sm","","22.74","1.55","6.64","0.86","49.51","7.66","324.01","1.76","168.08","31.15","1.01","12.74","1.53","17.75","1.01","167373862.06","Sabzi"
"12671","20-40 sm","","15.31","1.21","7.76","0.95","17.46","10.29","366.1","2.6","217.99","36.85","3.8","9.85","1.83","19.91","1.1","379965802.68","Sabzi"
"12672","20-40 sm","Loy","17.01","1.47","8.74","0.53","53.45","9.81","557.64","1.85","354.44","","3.15","7.4","0.89","10.87","1.69","541122353.55","Sabzi"
"12673","20-40 sm","Qum","24.1","1.25","6.79","0.54","56.52","14.73","315.48","0.78","295.64","26.43","1.41","5.25","1.65","7.82","","174511991.71","Sabzi"
"12674","20-40 sm","Loy","26.8","1.3","7.61","0.67","18.56","10.61","411.91","3.51","276.62","20.89","0.93","12.26","0.69","","1.95","209139813.07","Sabzi"
"12675","20-40 sm","Loy","30.66","1.53","8.72","0.55","16.52","6.77","349.97","2.86","316.46","20.35","0.74","12.07","0.97","12.63","0.62","","Sabzi"
"12676","20-40 sm","Loy","24.83","1.26","8.29","0.66","38.58","13.79","228.97","1.32","216.11","20.98","3.45","14.75","1.64","13.5","0.79","24773825.71","Sabzi"
"12677","20-40 sm","Qum","24.64","1.57","8.49","0.61","22.1","5.95","556.98","3.07","305.03","45.98","1.87","9.69","1.99","7.71","1.7","","Sabzi"
"12678","20-40 sm","Qum","29.69","1.57","6.39","0.77","43.81","5.76","482.08","4.41","307.24","22.15","2.36","14.3","0.8","7.08","1.82","735002853.23","Sabzi"
"12679","20-40 sm","Loy","36.62","1.33","6.78","0.59","56.98","14.84","285.74","2.61","164.15","21.65","2.73","11.53","1.97","10.72","0.67","","Sabzi"
"12680","20-40 sm","Loy","28.71","1.56","6.5","0.78","18.02","5.48","302.58","1.18","284.79","20.75","1.48","4.64","1.91","10.59","0.96","69260110.51","Sabzi"
"12681","20-40 sm","Loy","18.93","1.24","6.64","0.97","16.98","10.15","208.75","3.12","110.93","72.53","3.65","6.62","1.58","5.61","1.87","119410660.03","Sabzi"
"12682","20-40 sm","Qum","39.95","1.33","6.33","0.92","38.17","12.23","418.01","3.05","196.69","22.17","3.01","3.71","0.57","","1.55","413377943.78","Sabzi"
"12683","20-40 sm","Qum","36.92","1.63","7.87","0.61","18.34","6.05","227.87","2.69","218.09","30.15","3.22","7.43","0.56","19.7","1.32","623529122.26","Sabzi"
"12684","20-40 sm","","35.07","1.61","6.52","0.61","18.55","5.68","371.57","0.86","310.63","22.88","0.86","9.09","0.7","7.28","2.79","","Sabzi"
"12685","20-40 sm","","37.74","1.35","6.47","0.57","19.77","10.17","535.96","3.25","362.8","24.91","1.69","3.18","0.71","14.28","2.97","27190569.34","Sabzi"
"12686","20-40 sm","","36.93","1.6","6.3","0.8","54.5","9.25","498.72","3.66","373.99","24.38","2.79","12.42","0.5","8.25","0.95","309760591.34","Sabzi"
"12687","20-40 sm","Loy","24.29","1.3","6.38","0.73","24.49","13.89","326.2","4.11","269.58","33.05","1.12","","1.85","10.4","2.04","37737627.42","Sabzi"
"12688","20-40 sm","Qum","23.46","1.23","6.58","0.86","35.44","13.62","574.56","2.31","338.64","22.01","3.57","8.08","0.56","11.68","1.82","42238312.75","Sabzi"
"12689","20-40 sm","Loy","28.55","1.31","6.53","0.73","24.18","13.06","206.98","3.8","207.13","47.45","1.18","14.28","1.62","16.8","2.14","44096656.39","Sabzi"
"12690","20-40 sm","Loy","22.13","1.55","8.03","0.76","36","8.97","393.45","3.82","136.88","38.66","1.35","6.96","0.94","17.16","2.13","576014263.84","Sabzi"
"12691","20-40 sm","Loy","15.67","1.2","8.72","0.71","30.07","11.79","260.29","1.71","146.01","25.54","2.95","10.09","0.68","16.39","1.32","104679687.9","Sabzi"
"12692","20-40 sm","Loy","26.56","1.29","6.32","0.91","51.75","12.99","457.08","3.62","327.94","29.17","1.92","11.57","0.87","10.67","2.86","397506685.65","Sabzi"
"12693","20-40 sm","Qum","26.69","1.22","8.12","0.96","45.41","12.53","469.12","1.15","337.41","31.96","3.45","14.44","1.74","10.15","2.61","226096620.58","Sabzi"
"12694","20-40 sm","Loy","15.43","1.21","8.35","0.94","37.96","12.11","329.88","3.83","277.48","21.07","3.06","10.35","0.98","19.61","1.96","371558546.55","Sabzi"
"12695","20-40 sm","Loy","16.41","1.47","6.47","0.97","44.62","9.56","426.23","4.96","360.92","28.6","2.54","6.39","1.88","17.68","1.97","201995388.47","Sabzi"
"12696","20-40 sm","Loy","16.6","1.25","7.9","0.94","43.3","11.94","428.83","2.91","370.63","23.57","1.03","6.93","1.7","19.59","2.46","508556157.52","Sabzi"
"12697","20-40 sm","Qum","33.5","1.54","8.49","0.56","15.33","5.49","246.37","3.44","162.11","41.07","0.75","7.23","0.8","10.56","","286984115.67","Sabzi"
"12698","20-40 sm","Qum","21.34","1.21","8.61","0.88","20.15","11.92","326.4","0.81","320.71","50.83","2.17","5.68","1.71","14.1","1.78","303804343.77","Sabzi"
"12699","20-40 sm","Loy","34.95","1.52","6.46","0.54","32.78","7.72","354.27","0.93","226.04","43.78","1.71","8","0.66","9.5","1.47","354218409.36","Sabzi"
"12700","20-40 sm","Loy","36.08","1.31","8.42","0.62","41.04","13.6","466.11","3.64","367.63","25.63","1.91","8.15","1.84","9.07","1.9","12100260.3","Sabzi"
"12701","20-40 sm","Loy","35.9","1.25","6.32","0.95","31.54","11.98","448.03","1.37","202.72","32.51","2.72","9.07","1.85","14.56","1.32","45273792.04","Sabzi"
"12702","20-40 sm","Qum","19.75","1.55","7.94","0.93","28.22","5.21","533.75","3.46","361.48","27.82","0.57","13.1","1.78","5.42","1.18","239250321","Sabzi"
"12703","20-40 sm","Qum","30.8","1.31","6.51","0.72","52.83","14.21","447.75","1.79","332.34","21.22","2.91","13.08","0.94","5.6","2.59","585498209.83","Sabzi"
"12704","20-40 sm","","24.8","1.55","8.79","0.75","52.38","8.11","184.51","1.22","169.04","20.35","0.84","","0.88","11.08","0.73","262417902.45","Sabzi"
"12705","20-40 sm","","22.05","1.49","6.65","0.79","45.14","7.26","262.77","0.82","209.85","35.23","3.24","12.85","0.62","15.83","0.67","81947689.44","Sabzi"
"12706","20-40 sm","","31.41","1.33","7.6","0.81","31.34","11.03","478.73","1.31","366.28","32.08","1.57","5.47","0.88","16.77","1.85","556024204.35","Sabzi"
"12707","20-40 sm","Loy","22.02","1.53","7.82","0.65","46.69","7.73","264.44","1.66","180.12","","2.02","6.1","0.65","11.85","2.74","678593531.29","Sabzi"
"12708","20-40 sm","Qum","36.13","1.28","8.47","0.74","33.47","10.56","264.1","2.21","315.63","23.86","3.97","8.22","1.69","18.34","2.79","492432210.91","Sabzi"
"12709","20-40 sm","Loy","35.8","1.35","6.4","0.57","23.96","10.64","519.26","2.16","295.03","21.84","1.07","4.31","0.93","19.38","2.13","261895605.82","Sabzi"
"12710","20-40 sm","Loy","25.25","1.32","7.73","0.93","45.26","14.01","224.75","1.78","166.22","","1.95","12.8","0.54","14.97","1.97","490705353.59","Sabzi"
"12711","20-40 sm","Loy","28.03","1.32","7.82","0.84","57.76","14.83","357.68","3.57","224.84","","2.91","3.63","0.94","7.93","2.96","","Sabzi"
"12712","20-40 sm","Qum","17.12","1.51","8.42","0.7","38.69","9.09","570.99","2.47","380.05","22.99","0.56","4.43","0.55","16.58","2.58","402868791.97","Sabzi"
"12713","20-40 sm","Qum","18.44","1.32","6.79","0.99","48.39","14.01","182.99","1.2","153.19","21.58","2.13","13.94","0.57","14.29","1.24","631561736.64","Sabzi"
"12714","20-40 sm","Loy","17.86","1.49","8.28","0.79","16.62","5.15","280.07","4.14","253.14","66.11","3.23","5.83","0.99","8.58","1.84","36002261.51","Sabzi"
"12715","20-40 sm","Loy","28.13","1.58","6.57","0.94","20.43","6.82","291.36","1.45","264.91","30.54","3.01","10.34","0.6","5.34","2.37","198474914.21","Sabzi"
"12716","20-40 sm","Loy","27.93","1.3","8.99","0.57","53.41","14.09","175.13","1.49","142.29","42.79","0.56","14.07","0.75","19.2","1.86","334051098.25","Sabzi"
"12717","20-40 sm","Qum","39.45","1.28","6.37","0.71","29.73","11.52","313.76","3.44","183.09","40.92","2.12","11.09","0.95","8.67","0.51","221452660.65","Sabzi"
"12718","20-40 sm","Qum","32.09","1.29","7.93","0.7","33.66","13.9","354.89","1.97","339.48","46.34","1.96","3.41","0.75","5.62","2.29","178784116.57","Sabzi"
"12719","20-40 sm","","28.51","1.58","8.88","0.9","30.69","6.09","178.85","2.41","125.9","35.18","1.19","12.67","1.57","5.91","1.33","601335792.35","Sabzi"
"12720","20-40 sm","","17.66","1.26","6.37","0.94","56.92","14.57","434.05","2.6","288.95","65.1","1.87","10.93","0.81","14.93","1.27","339394876.18","Sabzi"
"12721","20-40 sm","","39.07","1.64","7.87","0.68","36.19","6.98","428.67","0.76","172.93","21.98","1.56","6.7","1.66","","1.08","634969530.83","Sabzi"
"12722","20-40 sm","Loy","25.25","1.65","6.37","0.77","49.79","8.88","260.21","3.31","159.47","38.15","3.24","4.09","0.63","19.32","2.29","240937815.91","Sabzi"
"12723","20-40 sm","Qum","27.47","1.29","8.85","0.71","24.99","13.28","476.59","1.45","338.15","","3.33","10.32","0.57","12.38","2.46","178514972.02","Sabzi"
"12724","20-40 sm","Loy","22.88","1.21","7.98","0.79","34.95","10.72","304.01","1.96","241.65","28.12","0.82","11.33","1.73","13.62","2.88","329141224.2","Sabzi"
"12725","20-40 sm","Loy","17.98","1.49","7.65","0.81","40.93","8.59","538.85","4.42","303.07","33.46","2.38","3.37","0.9","14.37","1.73","612655918.61","Sabzi"
"12726","20-40 sm","Loy","17.81","1.55","8.43","0.74","55.72","9.64","593.59","1.64","388.83","62.73","1.33","14.99","1.53","","1.66","564639991.95","Sabzi"
"12727","20-40 sm","Qum","38.61","1.32","6.33","0.55","57.54","15","298.49","3.84","170.99","53.08","3.09","5.68","1.99","13.66","2.42","126822129.39","Sabzi"
"12728","20-40 sm","Qum","35.74","1.62","6.7","0.94","27.02","6.72","382.74","2.37","332.13","20.36","3.96","3.36","1.66","7.11","0.64","538622092.33","Sabzi"
"12729","20-40 sm","Loy","18.05","1.21","6.59","0.9","21.63","13.14","404.36","0.98","314.85","","1.75","8.32","1.52","19.6","2.44","576014536.68","Sabzi"
"12730","20-40 sm","Loy","16.77","1.27","6.37","0.79","32.96","13.91","226.4","0.75","189.66","24.41","2.37","3.18","1.61","8.35","1.23","76589288.2","Sabzi"
"12731","20-40 sm","Loy","26.86","1.49","6.65","0.88","52.07","9.78","490.56","1.14","308.9","48.7","3.22","5.71","1.52","18.87","2.92","421491491.28","Sabzi"
"12732","20-40 sm","Qum","38.02","1.64","6.79","0.84","57.82","8.7","208.66","2.55","205.39","34.08","0.69","12.13","1.71","13.5","1.21","537361598.34","Sabzi"
"12733","20-40 sm","Qum","31.57","1.32","6.44","0.56","18.63","10.68","155.55","2.65","105.77","22.28","1.56","4.89","0.96","6.61","2.92","100448244.84","Sabzi"
"12734","20-40 sm","","36.48","1.64","6.45","0.94","45.43","5.57","310.56","2.25","202.67","20.1","1.8","13.63","1.57","14.62","","150335641.48","Sabzi"
"12735","20-40 sm","","26.47","1.54","6.63","0.86","17.02","6.56","298.6","2.9","233.24","20.49","1.41","13.14","1.81","16.5","0.97","199560293.13","Sabzi"
"12736","20-40 sm","","27.31","1.24","8.79","0.73","54.44","14.39","411.48","1.99","266.12","25.32","0.56","8.23","0.95","13.12","2.14","333608073.79","Sabzi"
"12737","20-40 sm","Loy","15.57","1.45","6.65","0.96","32.7","6.44","174.47","1.14","124.08","20.84","2.75","7.64","0.55","5.78","1.57","334701695.69","Sabzi"
"12738","20-40 sm","Qum","28.79","1.26","6.65","0.77","22.13","10.6","362.92","4.04","254.19","61.25","2.25","11.81","1.77","17.29","2.03","462660525.03","Sabzi"
"12739","20-40 sm","Loy","29.45","1.58","6.77","0.7","33.55","6.41","568.74","3.83","300.37","41.32","1.83","7.25","1.86","17.67","0.59","152269778.01","Sabzi"
"12740","20-40 sm","Loy","25.97","1.32","8.49","0.66","39.28","11.52","202.52","3.88","133.28","25.44","1.15","7.88","1.8","6.02","2.93","69547543.8","Sabzi"
"12741","20-40 sm","Loy","16.5","1.22","8.08","0.62","27.51","13.47","282.6","4.2","157.93","47.3","2.06","13.83","","6.73","2.42","160356229.05","Sabzi"
"12742","20-40 sm","Loy","39.45","1.62","7.58","0.81","36.14","9.84","419.65","4.33","344.76","22.62","3.15","11.58","1.94","16.35","1.47","525648920.1","Sabzi"
"12743","20-40 sm","Qum","32.12","1.5","8.96","0.88","24.07","6.01","293.12","0.79","203.71","41.95","3.34","10.06","0.76","17.43","1.86","230948688.17","Sabzi"
"12744","20-40 sm","Loy","23.41","1.27","6.75","0.51","17.12","10.42","294.64","2.07","166.19","44.04","3.18","14.27","0.73","19.62","2.75","58407502.75","Sabzi"
"12745","20-40 sm","Loy","15.84","1.2","6.63","0.91","22.77","11.19","238.77","2.68","263.29","59.77","3.11","3.66","0.92","7.01","1.52","62257953.8","Sabzi"
"12746","20-40 sm","Loy","25.13","1.62","8.88","0.74","46.22","7.37","278.69","2.57","149.25","39.9","3.19","13.12","1.61","17.8","2.91","90160564.4","Sabzi"
"12747","20-40 sm","Qum","34.84","1.31","8.67","0.85","28.74","11.62","405.91","2.51","309.49","27.52","1.43","5.28","0.73","18.86","2.13","15969048.35","Sabzi"
"12748","20-40 sm","Qum","15.31","1.45","6.72","0.86","18.22","7.47","461.73","0.85","176.91","20.72","1.02","13.08","1.6","6.83","2.9","","Sabzi"
"12749","20-40 sm","Loy","16.83","1.48","8.18","0.75","48.6","7.82","535.33","3.71","379.32","40.09","1.67","3.4","0.94","9.98","2.59","71426343.4","Sabzi"
"12750","20-40 sm","Loy","22.55","1.53","8.78","0.78","19.16","5.33","584.49","1.11","365.87","39.57","3.14","12.56","0.56","8.63","1.06","460428074.75","Sabzi"
"12751","20-40 sm","Loy","36.86","1.23","6.42","0.78","21.34","10.37","588.85","3.81","395.62","34.47","1.66","10.15","0.68","13.54","0.8","447323214.49","Sabzi"
"12752","20-40 sm","Qum","35.51","1.54","8.81","0.94","29.62","7.2","382.69","3.58","173.17","34.49","3.5","8.17","1.74","16.64","0.73","719746959.38","Sabzi"
"12753","20-40 sm","Qum","17.33","1.27","8.53","0.85","16.28","10.47","442","0.85","236.47","52.52","3.8","9.24","0.71","6.41","1.18","201962641.47","Sabzi"
"12754","20-40 sm","","37.11","1.64","6.65","0.85","49.81","7.79","580.59","3.28","371.52","","2.85","4.48","1.6","18.15","1.73","700783477.51","Sabzi"
"12755","20-40 sm","","33.57","1.29","6.66","0.79","30.04","13.4","301.43","3.29","230.81","52.51","0.7","5.18","0.59","5.41","0.51","636909539.14","Sabzi"
"12756","20-40 sm","","25.11","1.26","8.76","0.74","45.92","14.1","349.66","1.2","281.35","39.06","0.76","6.82","1.66","9.34","2.27","676315018.03","Sabzi"
"12757","20-40 sm","Loy","21.86","1.31","6.67","0.51","45.6","14.49","191.67","2.27","132.94","22.49","0.96","9.49","1.74","16","","526144019.41","Sabzi"
"12758","20-40 sm","Qum","30.34","1.57","6.42","0.77","58.52","9.83","525.96","2.74","265.02","23.65","3.81","14.78","1.86","7.44","1.24","567074593.83","Sabzi"
"12759","20-40 sm","Loy","22.89","1.55","8.69","0.86","22.78","7.69","408.69","3.28","269.96","38.95","3.07","8.24","0.99","13.45","2.82","356895753.37","Sabzi"
"12760","20-40 sm","Loy","25.44","1.49","8.03","0.51","57.26","9.36","191.58","3.34","118.81","43.89","2.85","4.45","0.79","10.91","","548436173.7","Sabzi"
"12761","20-40 sm","Loy","31.31","1.64","7.77","0.56","59.88","9.77","236.15","1.61","259.18","21.22","0.84","10.31","1.55","18.31","2.07","492436397.58","Sabzi"
"12762","20-40 sm","Qum","21.13","1.57","8.47","0.83","59.95","9.9","375.3","0.97","251.41","48.28","1.7","5.54","1.82","9.35","1.63","502328604.24","Sabzi"
"12763","20-40 sm","Qum","22.91","1.21","6.4","0.96","47.05","11.93","373.17","3.65","216.64","43.65","2.47","6.47","0.52","11.87","2.95","139730123.26","Sabzi"
"12764","20-40 sm","Loy","37.37","1.57","7.64","0.97","53.22","8.62","263.94","1.65","257.86","25.59","1.91","12.81","1.57","17.37","1.62","135611196.73","Sabzi"
"12765","20-40 sm","Loy","30.2","1.28","7.62","0.76","37.86","14.48","390.91","3.22","342.55","41.07","2.47","7.58","1.83","13.19","1.25","414976025.67","Sabzi"
"12766","20-40 sm","Loy","15.11","1.46","6.51","0.57","50.56","8.53","518.05","3.62","336.75","21.17","","8.66","1.73","13.28","1.52","48149393.59","Sabzi"
"12767","20-40 sm","Qum","20.28","1.55","8.95","0.66","45.47","7.92","551.84","4.01","351.12","55.57","3.43","3.72","0.62","10.22","1.57","405739041.68","Sabzi"
"12768","20-40 sm","Qum","17.24","1.49","6.62","0.7","49.01","9.78","465.47","2.65","378.52","23.68","3.27","12.21","0.56","8.51","1.16","168359781.5","Sabzi"
"12769","20-40 sm","","19.97","1.23","8.28","0.59","22.63","11.39","235.05","2.03","252.48","43.46","2.13","5.74","1.88","12.32","1.4","211053981.75","Sabzi"
"12770","20-40 sm","","25.26","1.56","7.85","0.77","23.38","5.86","204.46","1.94","168.68","","0.59","9.62","0.67","19.08","1.51","23507965.44","Sabzi"
"12771","20-40 sm","","16.56","1.21","6.57","0.66","47.61","13.86","261.77","2.87","176.19","29.1","0.89","6.31","0.88","13.49","1.95","611411684.91","Sabzi"
"12772","20-40 sm","Loy","31.2","1.34","8.2","0.58","16.47","10.7","380.03","2.64","268.43","36.63","0.79","7.14","0.57","6.38","2.76","361676833.49","Sabzi"
"12773","20-40 sm","Qum","26.38","1.6","8.38","0.79","43.19","8.13","370.53","2.16","248.8","25.05","3.04","11.37","1.61","13.16","2.35","469582254.37","Sabzi"
"12774","20-40 sm","Loy","25.81","1.28","8.91","0.53","25.17","11.34","168.4","3.15","118.05","24.7","","9.16","0.65","7.62","1.43","622431490.98","Sabzi"
"12775","20-40 sm","Loy","19.08","1.52","7.78","0.75","28.96","8.35","332.13","4.95","113.07","80.58","","7.39","","11.51","2.57","504579707.51","Sabzi"
"12776","20-40 sm","Loy","18.4","1.32","6.58","0.62","18.15","11.23","474.44","1.66","253.02","63.53","1.47","13.12","0.77","15.23","1.15","443458164.65","Sabzi"
"12777","20-40 sm","Qum","34.82","1.34","7.78","0.78","49.29","14.55","316.79","3.13","244.09","24.01","3.04","10.91","0.77","7.9","1.62","556191762.87","Sabzi"
"12778","20-40 sm","Qum","37.37","1.32","6.73","0.75","15.31","10.34","305.81","1.65","143.2","35.08","3.7","12.2","1.83","13.72","2.39","425962116.77","Sabzi"
"12779","20-40 sm","Loy","35.81","1.33","8.66","0.92","57.54","12.67","355.01","2.7","186.92","48.04","2.15","8.54","0.81","9.63","0.54","83102586.77","Sabzi"
"12780","20-40 sm","Loy","30.1","1.26","7.68","0.86","36.33","12.61","418.41","1.29","334.59","56.6","0.66","10.87","0.66","7.67","2.13","530968352.07","Sabzi"
"12781","20-40 sm","Loy","30.05","1.5","8.94","0.69","48.94","9.1","582.67","4.14","357.98","22.93","3.02","7.06","1.62","15.57","0.59","402224906.87","Sabzi"
"12782","20-40 sm","Qum","33.7","1.55","8.94","0.58","59.99","10","243.68","2.09","153.68","56.46","3.49","12.94","1.54","7.68","0.63","398312863.34","Sabzi"
"12783","20-40 sm","Qum","18.93","1.49","8.71","0.54","54.29","8.46","359.96","1.76","177.49","35.62","1.76","11.98","0.97","10.28","2.64","232220138.31","Sabzi"
"12784","20-40 sm","","18.59","1.59","7.6","0.91","44.37","8.28","435.16","4.07","211.7","22.19","3.86","9.35","0.89","18.17","0.9","529350197.35","Sabzi"
"12785","20-40 sm","","30.56","1.63","7.62","0.9","55.32","8.62","365.32","2.14","347.63","51.26","0.67","6.92","0.7","12.75","1.53","117024451.33","Sabzi"
"12786","20-40 sm","","20","1.29","8.06","0.5","42.2","13.72","261.64","1.29","","39.58","2.8","3.68","1.63","5.67","2.58","569179617.58","Sabzi"
"12787","20-40 sm","Loy","21.35","1.56","8.74","0.68","17.39","5.27","283.21","0.69","167.81","31.9","1.97","3.17","1.58","13.26","1.7","375199253.25","Sabzi"
"12788","20-40 sm","Qum","18.28","1.49","8.93","0.5","50.28","7.26","428.1","1.21","142.28","41.2","0.74","6.8","0.51","11.49","0.73","26468553.03","Sabzi"
"12789","20-40 sm","Loy","18","1.61","8.36","0.94","44.49","9.07","497.09","1.59","365.25","67.68","1.43","12.95","1.66","7.67","2.81","504441874.42","Sabzi"
"12790","20-40 sm","Loy","31.01","1.48","6.63","0.98","38.52","5.97","306.7","2.3","263.85","27.97","2.21","","1.81","8.14","1.92","582730316.08","Sabzi"
"12791","20-40 sm","Loy","38.85","1.64","6.41","0.88","28.59","6.88","372.19","3.01","345.6","27.61","3.17","3.48","0.76","16.19","1.02","261704064.6","Sabzi"
"12792","20-40 sm","Loy","18.33","1.53","6.4","0.62","50.92","9.81","445.27","3.36","","24.31","2.05","13.13","0.54","10.97","0.82","263550075.51","Sabzi"
"12793","20-40 sm","Qum","37.31","1.61","6.68","0.78","24.98","6.03","538.62","0.77","206.49","34.36","1.13","11.85","","5.42","1.86","506056728.17","Sabzi"
"12794","20-40 sm","Loy","15.36","1.24","6.58","0.75","23.52","10.63","257.54","2.42","133.72","28.41","2.98","6.81","1.87","19.98","2.5","39211875.86","Sabzi"
"12795","20-40 sm","Loy","16.03","1.5","6.37","0.83","56.47","9.11","493.17","2.47","341.72","23.58","2.4","9.47","1.67","6.38","0.69","443985162.38","Sabzi"
"12796","20-40 sm","Loy","32.74","1.53","7.75","0.62","40.32","6.05","384.12","3.55","180.1","23.73","3.25","","0.66","5.59","2.99","376126016.6","Sabzi"
"12797","20-40 sm","Qum","39.87","1.63","6.63","0.99","16.18","5.24","310.78","3.54","110.66","54.16","0.91","","1.84","9.53","1.58","565732267.9","Sabzi"
"12798","20-40 sm","Qum","27.76","1.32","8.67","0.64","51.3","13.62","599.09","0.71","397.96","22.96","3.9","14.15","1.83","5.32","1.24","321064375.45","Sabzi"
"12799","20-40 sm","Loy","16.82","1.56","6.72","0.69","40.25","6.29","558.94","1.89","380.38","25.97","3.95","13.72","0.89","5.53","1.06","12742010.38","Sabzi"
"12800","20-40 sm","Loy","16.99","1.51","6.46","0.8","54.15","9.89","489.4","0.82","290.3","25.95","0.88","6","0.91","","0.54","585364915.16","Sabzi"
"12801","20-40 sm","Loy","31.48","1.29","6.59","0.57","37.62","11.93","257.75","0.65","147.73","20.02","3.84","13.2","1.8","5.56","1.07","331218545.51","Sabzi"
"12802","20-40 sm","Qum","23.68","1.51","8.37","0.52","25.44","8.46","249.27","0.75","164.05","41.06","1.98","8.41","1.85","14.63","2.68","119069137.91","Sabzi"
"12803","20-40 sm","Qum","25.7","1.57","7.99","0.95","51.13","9.19","224.46","0.78","125.97","64.03","1.88","3.15","","15.64","0.69","461497177.86","Sabzi"
"12804","20-40 sm","","23.02","1.29","6.51","0.95","19.67","10.29","504.18","3.89","285.13","41.8","3.47","14.28","1.69","","2.06","321337112.13","Sabzi"
"12805","20-40 sm","","39.31","1.62","8.73","0.64","39","9.14","380.15","2.63","231.75","45.62","0.78","11.52","1.95","12.28","2.71","334770241.27","Sabzi"
"12806","20-40 sm","","32.51","1.46","8.81","0.96","43.1","5.94","514.2","0.65","381.4","23.66","","4.21","1.81","","1.02","443248882.05","Sabzi"
"12807","20-40 sm","Loy","29.21","1.23","7.94","0.61","38.58","11.76","331.24","3.66","257.36","32.63","1.09","","0.6","12.29","1.55","109499819.14","Sabzi"
"12808","20-40 sm","Qum","25.97","1.27","6.66","0.83","46.05","12.89","366.21","1.41","223.68","24.06","2.23","9.05","0.56","13.35","2.11","565778956.85","Sabzi"
"12809","20-40 sm","Loy","25.6","1.3","6.51","0.68","35.32","11.86","599.52","2.45","397.22","53.58","3.03","3.33","0.91","19.36","1.33","55907695.49","Sabzi"
"12810","20-40 sm","Loy","26.69","1.32","7.7","0.79","15.3","10.29","394.28","2.47","285.7","21.8","3.77","9","0.52","11.47","","461777204.22","Sabzi"
"12811","20-40 sm","Loy","15.62","1.25","8.43","0.82","54.44","14.07","565.55","2.23","320.41","23.83","3.47","8.25","1.77","10.3","2.82","487331485.23","Sabzi"
"12812","20-40 sm","Qum","38.17","1.27","7.7","0.54","30.28","12.42","453.33","4.73","347.88","34.36","3.23","5.16","1.66","19.56","2.29","603286124.12","Sabzi"
"12813","20-40 sm","Qum","24.6","1.3","8.29","0.99","39.93","12.22","186.93","1.27","252.64","21.24","2.87","11.22","1.87","5.12","1.61","157479794.88","Sabzi"
"12814","20-40 sm","Loy","25.25","1.31","8.33","0.77","20.83","11.12","436.91","4.41","350.07","26.18","3.54","11.42","1.74","17.34","2.77","260562811.91","Sabzi"
"12815","20-40 sm","Loy","28.83","1.52","8.06","0.65","43.64","7.89","365.14","1.94","","24.29","3.31","9.53","1.74","7.26","0.72","","Sabzi"
"12816","20-40 sm","Loy","35.88","1.28","6.58","0.65","33.09","13.55","404.57","0.72","237.04","72.07","1.99","9.31","0.62","17.89","2.12","65331660.15","Sabzi"
"12817","20-40 sm","Qum","28.93","1.3","8.03","0.91","23.95","11.91","236.11","1.24","219.33","73.46","2.36","11.4","0.65","7.33","0.57","256667689.22","Sabzi"
"12818","20-40 sm","Qum","26.96","1.26","6.42","0.54","54.56","14.89","274.39","3.9","156.4","20.07","1.67","10.05","0.64","18.4","2.61","197589672.86","Sabzi"
"12819","20-40 sm","","29.16","1.29","7.74","0.53","41.15","12.49","490.93","3.77","289.57","21.75","1.48","3.28","0.76","15.31","0.71","437347893.73","Sabzi"
"12820","20-40 sm","","16.99","1.48","7.62","0.54","44.92","8.91","287.87","3.26","196.79","63.46","3.76","12.07","0.6","12.97","1.6","560196663.98","Sabzi"
"12821","20-40 sm","","32.39","1.35","7.55","0.82","31.94","12.12","486.91","3.22","267.48","24.16","","10.05","1.91","16.13","1.96","498459041.4","Sabzi"
"12822","20-40 sm","Loy","34.87","1.61","7.54","0.54","24.34","7.25","535.17","3.1","377.37","33.78","2.1","","1.73","6.96","1.25","420499235.87","Sabzi"
"12823","20-40 sm","Qum","34.53","1.35","8.71","0.59","51.69","13.8","401.68","1.01","187.65","24.08","0.86","8.92","1.73","8.14","0.97","533374189.63","Sabzi"
"12824","20-40 sm","Loy","16.11","1.2","8.52","0.91","20.09","12.22","224.72","2.2","219.31","34.73","2.91","3.21","1.61","8.36","0.77","185301314.77","Sabzi"
"12825","20-40 sm","Loy","39.66","1.34","8.49","0.84","40.76","14.4","506.44","1.08","375.22","24.85","1.04","7.37","1.51","12.72","0.81","545847916.96","Sabzi"
"12826","20-40 sm","Loy","17.25","1.45","7.78","0.82","49.91","8.35","252.39","2.71","114.64","37.47","1.51","12.04","1.76","19.95","1.44","153463811.81","Sabzi"
"12827","20-40 sm","Qum","16.98","1.21","8.57","0.63","52.96","13.4","469.21","3.52","358.13","25.66","3.94","6.74","0.73","13.56","2.16","579197512.22","Sabzi"
"12828","20-40 sm","Qum","15.07","1.48","7.61","0.76","49.04","8.36","197.71","2.71","117","41.94","3.01","5.7","","","2.96","","Sabzi"
"12829","20-40 sm","Loy","20.44","1.45","6.5","0.78","33.29","6.02","596.15","2.05","394.25","24.64","2.63","","0.59","16.49","1.18","","Sabzi"
"12830","20-40 sm","Loy","26.34","1.54","8.04","0.86","27.05","8.78","463.67","2.8","247.48","23.45","2.54","11.79","0.91","5.98","1.07","232140936.85","Sabzi"
"12831","20-40 sm","Loy","15.03","1.53","7.57","0.96","51.17","9.29","314.4","3.5","259.99","46.3","3.37","10.86","1.89","","2.28","237254112.28","Sabzi"
"12832","20-40 sm","Qum","31.95","1.31","8.38","0.6","21.74","10.2","340.35","0.88","191.29","34.54","3.43","13.98","0.72","12.59","0.66","412926647.65","Sabzi"
"12833","20-40 sm","Qum","39.47","1.51","6.39","0.58","41.23","7.81","297.62","4.61","163.42","47.6","","10","0.95","12.08","0.73","233247527.08","Sabzi"
"12834","20-40 sm","","34.18","1.25","8.39","0.91","30.67","13.41","367.79","1.95","199.02","32.25","1.34","3.31","1.69","11.63","2.51","415913039.93","Sabzi"
"12835","20-40 sm","","15.39","1.46","6.59","0.9","45.31","7.78","325.98","3.46","334","61.85","2.94","6.75","1.53","5.58","1.52","520535739.97","Sabzi"
"12836","20-40 sm","","19.74","1.49","6.31","0.76","55.98","9.41","437.23","4.78","229.63","36.59","3.69","12.53","0.67","18.85","1.45","210314863.47","Sabzi"
"12837","20-40 sm","Loy","16.54","1.47","8.69","0.92","48.14","8.61","177.48","0.63","124.65","73.22","3.86","12.04","1.97","12.47","0.9","627234483.01","Sabzi"
"12838","20-40 sm","Qum","23.24","1.24","6.67","0.92","46.58","13.21","469.87","2.97","301.24","28.65","2.16","","1.95","14.1","2.65","566166364.48","Sabzi"
"12839","20-40 sm","Loy","33.2","1.63","8.15","0.8","42.09","7.12","352.72","2.9","337.2","37.23","3.05","7.16","","7.45","1","609166572.36","Sabzi"
"12840","20-40 sm","Loy","39.53","1.34","6.77","0.73","27.8","12.03","228.98","3.63","241.55","43.61","3.89","10.78","0.6","10.66","","","Sabzi"
"12841","20-40 sm","Loy","30.51","1.57","6.57","0.92","55.21","8.43","174.42","3.39","141.43","20.75","","3.63","0.72","15.94","1.06","253718226.72","Sabzi"
"12842","20-40 sm","Loy","25.23","1.27","8.21","0.99","29.22","11.27","234.29","3.69","138.98","48.46","2.42","3.48","1.52","17.74","1.07","50715301.22","Sabzi"
"12843","20-40 sm","Qum","19.12","1.29","7.7","0.87","52.63","14.06","440.61","3.57","212.58","39.05","2.04","10.23","1.57","10","1.27","45947884.42","Sabzi"
"12844","20-40 sm","Loy","27.64","1.33","7.94","0.71","43.6","12.75","270.89","1.18","132.47","39.62","2.75","7.57","0.8","16.08","2.23","196244330.52","Sabzi"
"12845","20-40 sm","Loy","22.92","1.56","8.77","0.58","40.21","6.28","176.08","1.5","104.25","","3.06","14.92","1.61","18.02","1.91","","Sabzi"
"12846","20-40 sm","Loy","21.73","1.48","7.55","0.79","55.24","8.91","163.72","2.76","131.75","26.76","1.2","8.96","1.95","17.35","2.25","515853092.89","Sabzi"
"12847","20-40 sm","Qum","18.52","1.47","6.79","0.54","34.35","7.42","400.56","1.03","228.04","20.83","3.82","6.37","1.72","8.19","2.3","650245598.44","Sabzi"
"12848","20-40 sm","Qum","18.29","1.31","8.35","0.97","30.51","13.7","562.44","3.87","342.31","32.16","2.16","4.57","0.65","11.68","1.51","396260063.83","Sabzi"
"12849","20-40 sm","Loy","20.67","1.31","6.32","0.76","41.54","13.46","193.32","3.21","158.41","68.59","1.97","14.12","0.73","9.98","1.92","193853569.32","Sabzi"
"12850","20-40 sm","Loy","29.71","1.6","8.67","0.96","28.83","6.69","230.99","1.55","323.91","38.13","1.92","6.73","1.98","15.47","2.04","81590935.71","Sabzi"
"12851","20-40 sm","Loy","23.62","1.34","6.48","0.92","33.07","12.18","321.06","2.85","","38.04","3.82","6.15","1.65","17.84","0.77","468630188.76","Sabzi"
"12852","20-40 sm","Qum","27.9","1.27","6.35","0.68","46.52","10.69","353.17","1.19","194.95","30.69","3.72","","0.68","11.89","2.83","346303124.25","Sabzi"
"12853","20-40 sm","Qum","28.38","1.58","8.03","0.98","32.08","6.04","580.98","0.81","379.28","20.71","3.2","","1.64","9.58","2.54","133499152.91","Sabzi"
"12854","20-40 sm","","37.77","1.35","8.62","0.66","53.54","13.9","317.92","3.26","304.38","43.94","0.67","14.56","1.76","6.51","1.18","378310553.45","Sabzi"
"12855","20-40 sm","","27.46","1.32","6.34","0.78","34.56","13.71","381.46","4.11","347.18","32.24","1.96","3.8","0.9","5.9","0.96","565096589.81","Sabzi"
"12856","20-40 sm","","22.77","1.51","8.46","0.73","48.05","9.74","159.26","1.89","101.82","25.81","1.38","6.48","1.54","8.69","0.61","260836341.52","Sabzi"
"12857","20-40 sm","Loy","37.8","1.33","6.43","0.75","22.98","10.77","297.9","2.42","222.36","32.2","3.09","4.51","1.58","18.38","0.59","216399995.84","Sabzi"
"12858","20-40 sm","Qum","22.01","1.54","8.59","0.6","43.43","8.33","474.01","2.7","327.95","38.48","1.8","4.47","0.6","7.05","1.24","636084035.97","Sabzi"
"12859","20-40 sm","Loy","25.9","1.32","6.56","0.65","56.37","14.49","532.34","1.2","364.81","24.67","2.37","10.84","1.65","6.5","2.52","307860094.2","Sabzi"
"12860","20-40 sm","Loy","35.67","1.6","8.74","0.91","32.64","5.86","314.54","1.86","264.01","21.67","2.74","3.23","1.87","15.85","0.96","242384343.41","Sabzi"
"12861","20-40 sm","Loy","33.91","1.64","6.58","0.8","31.9","7.62","421.65","4.59","330.02","57.62","1.53","5.51","1.51","","0.56","77973433.16","Sabzi"
"12862","20-40 sm","Qum","26.27","1.62","8.11","0.88","18.21","7.78","302.35","3.55","244.13","49.96","1.75","7.24","0.56","10.98","2.55","687628211.58","Sabzi"
"12863","20-40 sm","Qum","33.93","1.61","8.36","0.92","43.52","9.09","177.84","3.83","142.98","73.5","0.96","","1.72","15.39","2.6","40482412.77","Sabzi"
"12864","20-40 sm","Loy","28.26","1.29","6.74","0.83","16.33","12.01","509.84","0.57","317.73","26.76","2.43","11.08","0.6","15.31","1.01","36047560.78","Sabzi"
"12865","20-40 sm","Loy","35.34","1.29","7.83","0.81","41.17","12.74","312.7","1.39","179.94","22.01","3.51","4.57","1.72","10.5","1.7","678577767.32","Sabzi"
"12866","20-40 sm","Loy","38.76","1.61","8.93","0.88","40.7","6.67","462.65","2.17","228.19","22.98","3.28","5.37","1.52","17.36","1.64","431853266.33","Sabzi"
"12867","20-40 sm","Qum","18.76","1.25","8.33","0.77","47.15","14.65","551.04","3.64","382.46","25.47","0.69","4.23","0.65","15.66","1.8","672453933.34","Sabzi"
"12868","20-40 sm","Qum","20.03","1.49","6.62","0.61","49.13","7.48","497.59","4.15","374.17","26.94","2.1","10.2","0.55","10.25","2.9","80229208.92","Sabzi"
"12869","20-40 sm","","38.83","1.53","8.81","0.59","50.52","9.1","551.16","1.65","388.34","39","1.12","4.41","0.73","15.8","","156220909.44","Sabzi"
"12870","20-40 sm","","24.05","1.57","6.69","0.82","50.97","8.04","176.36","3.05","148.76","75.54","2.48","","0.55","6.88","2.18","339555900.31","Sabzi"
"12871","20-40 sm","","18.02","1.2","6.44","0.63","42.26","13.61","564.03","0.65","378.96","37.14","2.87","3.08","0.8","5.01","2.27","442327929.71","Sabzi"
"12872","20-40 sm","Loy","39.25","1.64","6.39","0.54","26.07","6.8","335.76","2.56","238.33","61.15","2.34","4.81","1.51","17.39","2.35","404815599.53","Sabzi"
"12873","20-40 sm","Qum","18.18","1.47","8.1","0.93","16.55","5.18","487.89","0.94","","22.04","0.65","5.57","0.7","12.85","0.74","9044975.8","Sabzi"
"12874","20-40 sm","Loy","33.46","1.35","6.7","0.86","50.33","13.91","237.48","1.58","207.55","24.41","0.75","6.39","0.59","6.34","2.71","281419956.21","Sabzi"
"12875","20-40 sm","Loy","25.59","1.29","8.03","0.51","43.69","12.81","404.89","1.7","265.34","29.3","3.34","8.55","1.58","5.14","1.78","444660494.34","Sabzi"
"12876","20-40 sm","Loy","28.37","1.54","6.76","0.73","22.64","6.32","353.77","2.74","138.04","20.51","0.88","7.08","1.57","13.7","0.81","330841843.03","Sabzi"
"12877","20-40 sm","Qum","31.23","1.49","7.85","0.59","30.56","6.53","473.87","3.34","301.14","27.95","2.45","","0.76","","0.85","488431252.83","Sabzi"
"12878","20-40 sm","Qum","19.37","1.53","6.68","0.81","49.66","8.19","335","1.31","327.25","28.33","1.1","14.36","0.86","14.4","2.18","271172766.63","Sabzi"
"12879","20-40 sm","Loy","25.73","1.27","7.56","0.7","34.64","12.58","224","3.87","107.81","32.57","3.92","5.1","0.97","","0.55","397749554.86","Sabzi"
"12880","20-40 sm","Loy","37.8","1.34","6.44","0.71","29.34","12.53","328.81","3.29","329.18","28.16","2.06","12.38","0.65","10.87","1.8","498020153.89","Sabzi"
"12881","20-40 sm","Loy","37.32","1.49","6.7","0.65","56.53","9.96","553.39","1.26","369.16","40.19","3.33","7.35","1.91","16.36","1.75","87909126.23","Sabzi"
"12882","20-40 sm","Qum","15.96","1.2","6.31","0.56","28.93","12.93","159.78","2.29","104.62","56.53","2.3","10.69","1.79","17.87","1.67","512202099.82","Sabzi"
"12883","20-40 sm","Qum","23.57","1.23","6.42","0.63","28.27","10.57","554.36","1.78","350.33","","2.02","5.96","0.86","10.64","2.19","454873261.09","Sabzi"
"12884","20-40 sm","","18.62","1.49","8.11","0.68","18.68","5.18","379.55","2.1","281.9","22.16","1.93","14.31","0.6","12.8","","86589902.4","Sabzi"
"12885","20-40 sm","","32.87","1.57","8.44","0.98","58.21","9.59","198.72","1","","40.62","1.9","3.54","1.95","18.2","1.54","110793618.38","Sabzi"
"12886","20-40 sm","","28.4","1.64","8.3","0.8","17.8","5.22","282.67","2.09","267.79","20.2","2.04","10.87","1.51","17.51","1.69","581941237.99","Sabzi"
"12887","20-40 sm","Loy","30.73","1.23","8.04","0.81","21.02","10.3","476.32","0.88","211.99","45.15","3.63","9.75","1.82","7.47","","352724415.42","Sabzi"
"12888","20-40 sm","Qum","16.58","1.21","6.46","0.69","49.51","14.34","299.27","0.92","196.32","21.53","0.73","6.59","0.61","14.37","1.65","393681939.75","Sabzi"
"12889","20-40 sm","Loy","34.82","1.26","6.49","0.67","59.99","14.99","390.34","3.13","352.33","50","0.58","4.64","1.62","16.22","0.67","","Sabzi"
"12890","20-40 sm","Loy","25.66","1.53","8.63","0.85","43.05","8.66","425.84","2.1","307.39","26.7","3.94","","0.54","14.81","1.54","317600194.16","Sabzi"
"12891","20-40 sm","Loy","15.36","1.2","8.3","0.81","58.31","14.82","398.6","3.28","289.95","31.5","2.61","5.73","","14.68","2.04","217067917.93","Sabzi"
"12892","20-40 sm","Loy","28.03","1.34","6.77","0.85","19.13","11.26","366.66","0.61","182.47","28.74","3.88","12.09","0.71","5.36","","512534142.66","Sabzi"
"12893","20-40 sm","Qum","16.94","1.49","6.44","0.54","22.59","5.6","473.51","1.41","370.74","24.7","2.29","4.08","0.97","16.04","1.19","397503424.14","Sabzi"
"12894","20-40 sm","Loy","23.57","1.56","6.63","0.64","42.09","9.86","532.01","1.41","230.94","51.28","3.09","14.22","0.57","18.38","0.55","692928958.88","Sabzi"
"12895","20-40 sm","Loy","24.41","1.23","7.75","0.53","46.99","12.74","356.22","3.33","235.79","20.78","1.98","4.5","1.91","5.37","2.24","121335810.69","Sabzi"
"12896","20-40 sm","Loy","15.06","1.23","6.55","0.84","32.79","12.85","518.24","0.84","308.99","75.53","3.95","6.88","1.6","7.25","1.97","663797805.07","Sabzi"
"12897","20-40 sm","Qum","36.01","1.33","6.73","0.69","15.13","10.58","229.49","1.1","146.99","37.9","1.04","14.77","0.62","15.29","1.32","394488308.54","Sabzi"
"12898","20-40 sm","Qum","32.72","1.34","6.43","0.55","33.29","13.19","485.87","0.95","231.6","","2.62","5.86","0.98","12.85","0.92","442038151.93","Sabzi"
"12899","20-40 sm","Loy","16.51","1.21","8.83","0.69","45.21","11.93","466.24","3.64","275.89","76.31","1.31","14.34","1.64","14.87","2.62","23305518.45","Sabzi"
"12900","20-40 sm","Loy","25.93","1.23","6.59","0.85","22.05","11.3","321.4","1.74","120.85","27.55","1.57","4.65","0.95","","1.84","677708522.28","Sabzi"
"12901","20-40 sm","Loy","39.47","1.31","6.58","0.97","39.25","13.42","570.4","2.27","383.65","20.18","1.49","9.62","1.59","13.21","2.05","158966358.44","Sabzi"
"12902","20-40 sm","Qum","33.71","1.59","6.36","0.99","47.07","8.91","556","4.06","389.32","24.92","0.53","11.61","0.88","5.68","2.74","68760718.06","Sabzi"
"12903","20-40 sm","Qum","34.51","1.52","6.46","0.57","27.71","6.66","490.96","3.41","334.81","24.89","1.02","9.48","0.85","6.04","1.45","406037686.88","Sabzi"
"12904","20-40 sm","","24.79","1.49","6.5","0.68","33.48","6.55","164.76","3.94","132.54","34.33","2.15","4.58","0.92","16.37","0.66","625986566.53","Sabzi"
"12905","20-40 sm","","18.97","1.53","8.44","0.8","45.7","8.96","305.65","3.79","154.98","22.37","2.84","6.52","1.53","13.66","","577905580.45","Sabzi"
"12906","20-40 sm","","20.69","1.34","6.38","0.96","18.59","11.37","550","2.3","322.92","24.5","","12.16","0.73","16.63","2.8","135858572.9","Sabzi"
"12907","20-40 sm","Loy","34.33","1.3","7.82","0.84","55.08","14.02","554.61","1.25","387.71","24.35","1.61","14.74","1.79","10.24","1.71","511002308.95","Sabzi"
"12908","20-40 sm","Qum","32.84","1.34","7.92","0.57","49.65","13.02","291.99","4.45","253.69","48.5","1.45","9","1","15.09","1.85","41809129.77","Sabzi"
"12909","20-40 sm","Loy","24.62","1.23","6.45","0.72","21.56","13.03","279.46","1.8","248.79","20.93","3.69","9.19","0.75","7.76","1.34","407648982.39","Sabzi"
"12910","20-40 sm","Loy","21.81","1.24","8.18","0.82","25","12.19","592.18","1.1","377.32","32.11","2.55","6.23","1.64","6.33","2.25","","Sabzi"
"12911","20-40 sm","Loy","20.27","1.51","6.56","0.75","53.14","9.14","507.93","3.42","352.45","26.6","1.49","3.46","1.63","13.65","0.75","207707598.78","Sabzi"
"12912","20-40 sm","Qum","36.95","1.55","8.96","0.92","36.74","8","191.43","1.59","152.04","31.23","2.83","11.59","1.58","14.07","0.81","662575589.82","Sabzi"
"12913","20-40 sm","Qum","24.13","1.48","6.65","0.87","38.8","9.3","349.84","4","296.91","34.94","1.2","13.01","0.74","19.82","1.59","127097574.96","Sabzi"
"12914","20-40 sm","Loy","29.08","1.59","8.93","0.72","23.92","6.02","416.48","2.27","337.68","25.96","1.33","12.44","","12.57","1.43","163399008.19","Sabzi"
"12915","20-40 sm","Loy","19.87","1.48","6.37","0.69","38.18","8.79","502.56","3.98","307.15","25.9","1.68","4.29","1.81","8.33","2.97","171554741.96","Sabzi"
"12916","20-40 sm","Loy","22.43","1.52","8.4","0.6","46.43","6.37","515.57","1.86","359.19","22.6","0.65","14.65","0.71","13","1.98","517194185.67","Sabzi"
"12917","20-40 sm","Qum","30.99","1.27","8.73","0.99","22.21","12.39","590.26","0.87","393.17","41.42","2.27","","0.99","19.35","0.87","554944157.59","Sabzi"
"12918","20-40 sm","Qum","30.13","1.28","6.32","0.51","32.14","11.21","233.05","2.98","120.69","24.52","1.25","4.45","0.97","10.86","1.54","106541349.18","Sabzi"
"12919","20-40 sm","","18.67","1.23","7.71","0.85","56.09","14.04","162.29","3.5","150.66","24.24","3.96","10.14","1.6","8.06","2.67","146872829.99","Sabzi"
"12920","20-40 sm","","25.07","1.26","8.86","0.61","42.92","12.77","234.22","1.19","177.4","32.22","2.61","14.34","0.77","17.86","1.31","196211642.95","Sabzi"
"12921","20-40 sm","","28.72","1.58","6.35","0.78","41.03","7.76","203.18","3.06","166.52","39.46","3.12","11.19","0.94","10.52","1.37","224788931.71","Sabzi"
"12922","20-40 sm","Loy","24.8","1.24","6.64","0.91","54.03","13.03","238.5","2.38","120.57","20.04","1.4","12.83","0.75","18.02","1.97","89700813.69","Sabzi"
"12923","20-40 sm","Qum","33.86","1.31","8.68","0.84","27.07","13.67","418.15","1.03","294.73","21.62","2.8","14.67","","5.88","1.56","450356148.91","Sabzi"
"12924","20-40 sm","Loy","37.56","1.29","7.6","0.77","47.72","13.26","405.19","2.69","218.16","20.58","3.67","11.99","1.94","","2.92","285172767.08","Sabzi"
"12925","20-40 sm","Loy","21.18","1.55","6.62","0.63","37.64","8.96","487.08","2.68","212.69","20.1","2.44","6.95","1.79","6.94","0.53","215193139.01","Sabzi"
"12926","20-40 sm","Loy","17.43","1.5","6.61","0.81","44.8","7.18","506.59","1.66","322.48","24.67","1.6","4.44","0.63","12.42","1.04","535252271.37","Sabzi"
"12927","20-40 sm","Qum","20.2","1.48","8.63","0.88","18.28","5.46","390.95","2.44","273.34","40.34","1.84","13.61","1.65","18.01","0.91","71096391.08","Sabzi"
"12928","20-40 sm","Qum","30.87","1.64","6.63","0.78","59.74","9.99","401.74","1.59","287.76","20.27","1.81","3.9","1.97","6.42","1.02","25922706.55","Sabzi"
"12929","20-40 sm","Loy","28.49","1.27","6.74","0.65","38.48","12.28","187.21","1.03","122.88","25.07","3.53","9","1.54","12.59","2.09","589581712.49","Sabzi"
"12930","20-40 sm","Loy","21.71","1.49","6.32","0.94","19.17","5.78","269.77","1.69","191.77","29.56","3.29","14.31","0.58","12.31","0.54","373618564.27","Sabzi"
"12931","20-40 sm","Loy","25.56","1.57","6.7","0.62","34.34","8.89","386.79","2.56","303.61","29.53","3.62","8.65","0.98","6.95","1.43","369885890.53","Sabzi"
"12932","20-40 sm","Qum","23.36","1.24","8.64","0.7","40.73","11.22","454.35","2.04","390.82","34.36","2.28","6.07","1.68","15.3","","692754259.56","Sabzi"
"12933","20-40 sm","Qum","21.86","1.22","8.7","0.66","43.33","14.64","486.45","1.54","324.63","36.78","1.94","12.23","0.62","7.81","1.2","271819279.34","Sabzi"
"12934","20-40 sm","","18.32","1.22","6.38","0.82","48.74","14.07","329.91","1.22","243.73","77.43","1.05","8.91","1.75","9.8","1.79","","Sabzi"
"12935","20-40 sm","","36.97","1.65","6.31","0.56","23.64","6.02","390.17","3.63","184.46","30.04","2.65","3.35","1.63","9.47","0.57","338064119.06","Sabzi"
"12936","20-40 sm","","38.53","1.35","8.79","0.68","46.91","14.94","392.92","1.51","360.24","32.91","3.39","5.27","0.54","14.86","1.09","658402286.28","Sabzi"
"12937","20-40 sm","Loy","20.95","1.22","8.88","0.94","21.94","13.08","182.88","0.85","109.95","66.41","0.76","4.34","1.65","8.18","1.04","168477740.98","Sabzi"
"12938","20-40 sm","Qum","22.12","1.48","8.3","0.59","38.28","6.7","177.51","0.87","213.5","30.04","3.68","13.46","1.52","16.09","","345225485.45","Sabzi"
"12939","20-40 sm","Loy","28.04","1.57","6.59","0.84","26.77","6.62","509.77","0.66","371.38","24.81","1.12","5.69","1.67","5.72","1.07","199209469.96","Sabzi"
"12940","20-40 sm","Loy","31.11","1.59","6.35","0.75","32.27","8.06","535.22","3.6","375.86","23.28","3.96","5.8","1.54","10.19","2.06","","Sabzi"
"12941","20-40 sm","Loy","22.56","1.29","6.8","0.88","55.41","14.25","180.88","2.46","144.26","20.21","2.95","13.56","1.7","9.81","0.6","187660483.94","Sabzi"
"12942","20-40 sm","Loy","15.79","1.2","7.82","0.58","22.9","11.77","345.29","2.78","155.79","59.34","0.82","8.17","1.96","11.23","1.35","478696286.73","Sabzi"
"12943","20-40 sm","Qum","25.45","1.48","7.97","0.94","19.03","5.52","326.46","3.21","278.55","75.09","3.46","13.66","1.8","9.59","0.85","568837146.62","Sabzi"
"12944","20-40 sm","Loy","37.68","1.25","6.73","0.92","23.92","11.03","473.68","0.9","317.25","25.07","2.74","14.07","1.91","11.07","1.04","371706416.53","Sabzi"
"12945","20-40 sm","Loy","18.27","1.24","8.58","0.8","44.08","14.33","216.11","4.08","170.15","26.89","3.4","9.01","0.95","16.23","1.35","289945910.52","Sabzi"
"12946","20-40 sm","Loy","25.1","1.28","6.57","0.77","54.51","14.42","315.26","3.28","247.58","28.6","0.94","8.95","1.74","19.19","1.04","446969224.08","Sabzi"
"12947","20-40 sm","Qum","15.55","1.5","8.14","0.77","23.51","6.15","301.15","3.44","147.52","23.94","0.77","11.42","0.82","10.65","2.38","399029422.87","Sabzi"
"12948","20-40 sm","Qum","16.47","1.46","8.6","0.79","27.95","7.02","461.98","1.25","357.53","28.41","3.16","7.73","0.73","14.5","2.67","633097602.17","Sabzi"
"12949","20-40 sm","Loy","36.96","1.3","8.14","0.83","39.29","12.83","564.26","2","391.11","20.94","3.15","12.82","0.69","12.4","0.97","286869860.13","Sabzi"
"12950","20-40 sm","Loy","15.44","1.2","7.75","0.77","28.79","13.88","520.87","4.67","364.21","27.5","3.72","4.26","","17.16","2.75","17548706.09","Sabzi"
"12951","20-40 sm","Loy","21.79","1.55","8.73","0.55","25.21","6.65","346.23","2.21","312.05","","2.23","5.83","1.57","11.26","1.47","420273313.48","Sabzi"
"12952","20-40 sm","Qum","34.61","1.34","6.44","0.96","45.9","14.29","344.11","3.44","327.44","23.2","0.9","7.57","0.66","17.48","1.42","143253759.18","Sabzi"
"12953","20-40 sm","Qum","16.87","1.25","8.47","0.89","33.09","12.09","499.18","0.74","317.25","26.02","1.38","9.51","1.66","6.95","0.92","66161990.74","Sabzi"
"12954","20-40 sm","","36.21","1.57","8.11","0.73","31.09","6.58","521.68","1.04","291.93","23.97","2.7","11.85","","15.08","2.65","205263603.01","Sabzi"
"12955","20-40 sm","","34.58","1.32","8.28","0.93","48.92","14.8","172.73","2.7","143.43","23.75","0.51","9.16","1.67","8.98","0.62","231776278.19","Sabzi"
"12956","20-40 sm","","32.31","1.32","7.56","0.73","16.73","12.43","196.11","3.49","176.23","","3.24","6.96","1.71","6.1","2.12","624368996.01","Sabzi"
"12957","20-40 sm","Loy","27.51","1.61","6.61","0.97","16.38","5.54","525.12","1.73","388.31","33.55","3.69","3.3","0.57","5.94","1.54","223197100.87","Sabzi"
"12958","20-40 sm","Qum","17.27","1.25","7.99","0.98","58.16","14.21","309.91","2.17","257.55","21.66","3.39","10.02","1.51","11.2","1.17","101627586.94","Sabzi"
"12959","20-40 sm","Loy","31.61","1.27","7.63","0.72","43.53","13.87","386.75","3.52","338.89","21.25","1.38","5.02","1.72","12.94","0.79","364012088.83","Sabzi"
"12960","20-40 sm","Loy","24.46","1.33","6.34","0.85","36.5","10.61","570.42","4.17","364.51","23.51","1.62","8.66","0.67","17.6","2.36","380511431.88","Sabzi"
"12961","20-40 sm","Loy","15.42","1.46","6.57","0.64","57.83","9.81","532.01","1.36","360.52","42.13","1.33","4.09","0.75","6.66","1.28","256841225.07","Sabzi"
"12962","20-40 sm","Qum","38.68","1.29","8.82","0.92","31.62","12.98","248.27","4.23","287.72","25.93","1.42","12.36","0.54","19.22","2.88","","Sabzi"
"12963","20-40 sm","Qum","15.21","1.47","8.27","0.7","22.97","6.11","397.31","3.09","268.22","25.36","1.11","10.41","0.79","6.76","1.06","356601768","Sabzi"
"12964","20-40 sm","Loy","27.82","1.27","6.7","0.93","23.83","12.04","224.93","2.7","135.49","26.57","2.33","3.15","1.87","12.7","2.76","159207651.32","Sabzi"
"12965","20-40 sm","Loy","26.04","1.27","6.74","0.71","57.83","13.61","153.42","2.18","105.69","38.94","3.74","8.21","0.51","16.13","0.89","339555859.83","Sabzi"
"12966","20-40 sm","Loy","20.93","1.53","6.3","0.87","24.48","5.36","582.11","4.12","393.75","29.41","3.07","10.97","1.9","7.11","1.23","438899370.38","Sabzi"
"12967","20-40 sm","Qum","38.01","1.61","8.22","0.97","34.64","8.98","517.01","2.19","287.52","24.23","3.95","14.46","0.91","17.66","2.92","83950200.72","Sabzi"
"12968","20-40 sm","Qum","30.49","1.46","7.87","0.95","24.05","7.8","290.9","1.46","203.25","22.78","0.67","14.01","1.97","5.12","1.43","568623268.08","Sabzi"
"12969","20-40 sm","","25.49","1.59","6.64","0.65","17.53","5.57","418.34","0.85","296.41","20.93","2","12.95","1.95","15.98","2.86","319749602.76","Sabzi"
"12970","20-40 sm","","15.76","1.45","6.4","0.99","31.86","6.3","534.87","4.49","302.91","22.88","2.9","12.76","1.87","16.59","0.89","112726609.66","Sabzi"
"12971","20-40 sm","","15.52","1.23","8.93","0.96","39.87","10.86","513.93","1.28","259.1","21.27","2.19","4.42","1.92","11.3","1.93","584043802.54","Sabzi"
"12972","20-40 sm","Loy","38.71","1.63","7.8","0.79","17.82","6.05","151.5","3.09","112.12","","3.75","12.51","1.57","7.61","1.85","","Sabzi"
"12973","20-40 sm","Qum","35.09","1.53","7.7","0.59","29.27","7.26","511.69","2.46","345.55","23.08","","12.04","1.93","10.64","2.01","66376895.58","Sabzi"
"12974","20-40 sm","Loy","37.43","1.64","7.79","0.87","52.92","8.58","570.2","4.08","388.01","24.49","1.34","5.72","1.69","18.77","0.7","416368560.8","Sabzi"
"12975","20-40 sm","Loy","16.46","1.48","6.66","0.71","33.16","6.31","274.5","2.45","225.74","28.21","2.91","10.29","1.75","18.02","2.25","382315807.95","Sabzi"
"12976","20-40 sm","Loy","34.48","1.33","7.75","0.79","25.67","12.05","561.35","4.29","360.59","24.8","1.5","8.23","1.67","13.44","2.32","539418595.65","Sabzi"
"12977","20-40 sm","Qum","22.83","1.23","6.78","0.63","47.72","13.58","225.31","0.69","187.61","20.6","1.13","5.68","1.72","14.22","2.97","369107520.82","Sabzi"
"12978","20-40 sm","Qum","33.1","1.59","6.35","0.87","45.16","9.31","447.07","4.05","","51.4","3.95","4.62","0.58","7.85","2.07","321220736.25","Sabzi"
"12979","20-40 sm","Loy","26.33","1.57","8.3","0.92","56.57","9.76","289.78","4.1","","26.1","2.88","8.02","1.57","5.84","1.3","256255272.47","Sabzi"
"12980","20-40 sm","Loy","29.65","1.63","8.8","0.92","39.5","8.14","157.39","2.42","","33.15","2.61","5.75","0.66","11.26","1.04","320607855.86","Sabzi"
"12981","20-40 sm","Loy","33.38","1.62","7.62","0.7","16.38","5.27","452.54","2.86","","27.04","1.11","13.38","1.53","16.12","0.73","205635356.2","Sabzi"
"12982","20-40 sm","Qum","38.47","1.58","7.96","0.95","41.31","8.16","151.17","2.31","","70.43","0.54","3.75","0.81","12.75","1.77","368862924.45","Sabzi"
"12983","20-40 sm","Qum","27.19","1.32","6.61","0.56","41.42","13.08","314.77","0.86","","38.4","1.22","9.65","1.52","6.09","2.66","270136461.52","Sabzi"
"12984","20-40 sm","","17.95","","7.8","0.98","","","","4.41","","77.31","0.83","","","19.63","2.26","383538156.38","Sabzi"
"12985","20-40 sm","","39.5","","7.73","0.64","","","","4.1","","33.8","1.61","4.46","","19.57","1.25","","Sabzi"
"12986","20-40 sm","","16.76","","7.53","0.51","","","","4.05","","22.25","2.49","10.9","","9.81","2.89","286858098.66","Sabzi"
"12987","20-40 sm","Loy","26.15","","8.12","0.57","","","","3.41","","32.97","3.45","9.42","","13.54","2.91","600338598.96","Sabzi"
"12988","20-40 sm","Qum","21.64","","6.78","0.64","","","","2.62","","70.18","3.82","7.4","","18.76","0.96","163950119.88","Sabzi"
"12989","20-40 sm","Loy","19.19","","6.79","0.92","","","","0.64","","32.82","2.46","8.4","","12.44","1.56","294899523.94","Sabzi"
"12990","20-40 sm","Loy","37.93","","6.45","0.85","","","","4.68","","46.86","2.32","13.59","","","2.58","420603102.37","Sabzi"
"12991","20-40 sm","Loy","37.55","","6.37","0.53","","","","0.88","","29.57","2.45","9.18","","18.99","","51275551.86","Sabzi"
"12992","20-40 sm","Loy","35.35","","8.77","0.51","","","","0.86","","52.52","3.95","5.5","","16.54","2.74","513867055.93","Sabzi"
"12993","20-40 sm","Qum","30.58","","6.61","0.82","","","","0.67","","27.25","1.06","14.53","","11.22","2.71","535942784.85","Sabzi"
"12994","20-40 sm","Loy","25.23","","6.53","0.66","","","","2.62","","39.73","1.49","14.84","","7.1","1.61","612471688.52","Sabzi"
"12995","20-40 sm","Loy","30.96","","7.79","0.52","","","","2.94","","23.85","3.79","7.12","","17.23","1","206102749.35","Sabzi"
"12996","20-40 sm","Loy","20.06","","6.69","0.74","","","","1","","33.51","3.55","8.73","","9.79","0.98","600178786.37","Sabzi"
"12997","20-40 sm","Gill","36.44","","7.85","0.55","","","","4.76","","","3.85","14.47","","16.07","2.88","126152826.29","Sabzi"
"12998","20-40 sm","Qumoq","15.14","","6.44","0.54","","","","3.68","","63.25","3.44","10.09","","17.7","1.36","327672681.56","Sabzi"
"12999","20-40 sm","Qumoq","22.75","","8.85","0.66","","","","2.94","","37.1","1.49","3.84","","16.04","1.36","530877342.05","Sabzi"
"13000","20-40 sm","Gill","34.22","","8.55","0.81","","","","1.1","","24.3","3.45","6","","8.87","2.88","471842002.71","Sabzi"
"","","","","","","","","","","","","","","","","","","",""
"","","","","","","","","","","","","","","","","","","",""
"","","","","","","","","","","","","","","","","","","",""
"","","","","","","","","","","","","","","","","","","",""
"","","","","","","","","","","","","","","","","","","",""
"","","","","","","","","","","","","","","","","","","",""
"","","","","","","","","","","","","","","","","","","",""
"","","","","","","","","","","","","","","","","","","",""
"","","","","","","","","","","","","","","","","","","",""
"","","","","","","","","","","","","","","","","","","",""
"","","","","","","","","","","","","","","","","","","",""
"","","","","","","","","","","","","","","","","","","",""
"","","","","","","","","","","","","","","","","","","",""
"","","","","","","","","","","","","","","","","","","",""
"","","","","","","","","","","","","","","","","","","",""
"","","","","","","","","","","","","","","","","","","",""
"","","","","","","","","","","","","","","","","","","",""
"","","","","","","","","","","","","","","","","","","",""
"","","","","","","","","","","","","","","","","","","",""
"","","","","","","","","","","","","","","","","","","",""
"","","","","","","","","","","","","","","","","","","",""
"","","","","","","","","","","","","","","","","","","",""
"","","","","","","","","","","","","","","","","","","",""
"","","","","","","","","","","","","","","","","","","",""
"","","","","","","","","","","","","","","","","","","",""
"","","","","","","","","","","","","","","","","","","",""
"","","","","","","","","","","","","","","","","","","",""
"","","","","","","","","","","","","","","","","","","",""
"","","","","","","","","","","","","","","","","","","",""
"","","","","","","","","","","","","","","","","","","",""
"","","","","","","","","","","","","","","","","","","",""
"","","","","","","","","","","","","","","","","","","",""
"","","","","","","","","","","","","","","","","","","",""
"","","","","","","","","","","","","","","","","","","",""
"","","","","","","","","","","","","","","","","","","",""
"","","","","","","","","","","","","","","","","","","",""
"","","","","","","","","","","","","","","","","","","",""
"","","","","","","","","","","","","","","","","","","",""
"","","","","","","","","","","","","","","","","","","",""
"","","","","","","","","","","","","","","","","","","",""
"","","","","","","","","","","","","","","","","","","",""
"","","","","","","","","","","","","","","","","","","",""
"","","","","","","","","","","","","","","","","","","",""
"","","","","","","","","","","","","","","","","","","",""
"","","","","","","","","","","","","","","","","","","",""
"","","","","","","","","","","","","","","","","","","",""
"","","","","","","","","","","","","","","","","","","",""
"","","","","","","","","","","","","","","","","","","",""
"","","","","","","","","","","","","","","","","","","",""
"","","","","","","","","","","","","","","","","","","",""
"","","","","","","","","","","","","","","","","","","",""
"","","","","","","","","","","","","","","","","","","",""
"","","","","","","","","","","","","","","","","","","",""
"","","","","","","","","","","","","","","","","","","",""
"","","","","","","","","","","","","","","","","","","",""
"","","","","","","","","","","","","","","","","","","",""
"","","","","","","","","","","","","","","","","","","",""
"","","","","","","","","","","","","","","","","","","",""
"","","","","","","","","","","","","","","","","","","",""
"","","","","","","","","","","","","","","","","","","",""
"","","","","","","","","","","","","","","","","","","",""
"","","","","","","","","","","","","","","","","","","",""
"","","","","","","","","","","","","","","","","","","",""
"","","","","","","","","","","","","","","","","","","",""
"","","","","","","","","","","","","","","","","","","",""
"","","","","","","","","","","","","","","","","","","",""
"","","","","","","","","","","","","","","","","","","",""
"","","","","","","","","","","","","","","","","","","",""
"","","","","","","","","","","","","","","","","","","",""
"","","","","","","","","","","","","","","","","","","",""
"","","","","","","","","","","","","","","","","","","",""
"","","","","","","","","","","","","","","","","","","",""
"","","","","","","","","","","","","","","","","","","",""
"","","","","","","","","","","","","","","","","","","",""
"","","","","","","","","","","","","","","","","","","",""
"","","","","","","","","","","","","","","","","","","",""
"","","","","","","","","","","","","","","","","","","",""
"","","","","","","","","","","","","","","","","","","",""
"","","","","","","","","","","","","","","","","","","",""
"","","","","","","","","","","","","","","","","","","",""
"","","","","","","","","","","","","","","","","","","",""
"","","","","","","","","","","","","","","","","","","",""
"","","","","","","","","","","","","","","","","","","",""
"","","","","","","","","","","","","","","","","","","",""
"","","","","","","","","","","","","","","","","","","",""
"","","","","","","","","","","","","","","","","","","",""
"","","","","","","","","","","","","","","","","","","",""
"","","","","","","","","","","","","","","","","","","",""
"","","","","","","","","","","","","","","","","","","",""
"","","","","","","","","","","","","","","","","","","",""
"","","","","","","","","","","","","","","","","","","",""
"","","","","","","","","","","","","","","","","","","",""
"","","","","","","","","","","","","","","","","","","",""
"","","","","","","","","","","","","","","","","","","",""
"","","","","","","","","","","","","","","","","","","",""
"","","","","","","","","","","","","","","","","","","",""
"","","","","","","","","","","","","","","","","","","",""
"","","","","","","","","","","","","","","","","","","",""
"","","","","","","","","","","","","","","","","","","",""
"","","","","","","","","","","","","","","","","","","",""
"","","","","","","","","","","","","","","","","","","",""
"","","","","","","","","","","","","","","","","","","",""
"","","","","","","","","","","","","","","","","","","",""
"","","","","","","","","","","","","","","","","","","",""
"","","","","","","","","","","","","","","","","","","",""
"","","","","","","","","","","","","","","","","","","",""
"","","","","","","","","","","","","","","","","","","",""
"","","","","","","","","","","","","","","","","","","",""
"","","","","","","","","","","","","","","","","","","",""
"","","","","","","","","","","","","","","","","","","",""
"","","","","","","","","","","","","","","","","","","",""
"","","","","","","","","","","","","","","","","","","",""
"","","","","","","","","","","","","","","","","","","",""
"","","","","","","","","","","","","","","","","","","",""
"","","","","","","","","","","","","","","","","","","",""
"","","","","","","","","","","","","","","","","","","",""
"","","","","","","","","","","","","","","","","","","",""
"","","","","","","","","","","","","","","","","","","",""
"","","","","","","","","","","","","","","","","","","",""
"","","","","","","","","","","","","","","","","","","",""
"","","","","","","","","","","","","","","","","","","",""
"","","","","","","","","","","","","","","","","","","",""
"","","","","","","","","","","","","","","","","","","",""
"","","","","","","","","","","","","","","","","","","",""
"","","","","","","","","","","","","","","","","","","",""
"","","","","","","","","","","","","","","","","","","",""
"","","","","","","","","","","","","","","","","","","",""
"","","","","","","","","","","","","","","","","","","",""
"","","","","","","","","","","","","","","","","","","",""
"","","","","","","","","","","","","","","","","","","",""
"","","","","","","","","","","","","","","","","","","",""
"","","","","","","","","","","","","","","","","","","",""
"","","","","","","","","","","","","","","","","","","",""
"","","","","","","","","","","","","","","","","","","",""
"","","","","","","","","","","","","","","","","","","",""
"","","","","","","","","","","","","","","","","","","",""
"","","","","","","","","","","","","","","","","","","",""
"","","","","","","","","","","","","","","","","","","",""
"","","","","","","","","","","","","","","","","","","",""
"","","","","","","","","","","","","","","","","","","",""
"","","","","","","","","","","","","","","","","","","",""
"","","","","","","","","","","","","","","","","","","",""
"","","","","","","","","","","","","","","","","","","",""
"","","","","","","","","","","","","","","","","","","",""
"","","","","","","","","","","","","","","","","","","",""
"","","","","","","","","","","","","","","","","","","",""
"","","","","","","","","","","","","","","","","","","",""
"","","","","","","","","","","","","","","","","","","",""
"","","","","","","","","","","","","","","","","","","",""
"","","","","","","","","","","","","","","","","","","",""
"","","","","","","","","","","","","","","","","","","",""
"","","","","","","","","","","","","","","","","","","",""
"","","","","","","","","","","","","","","","","","","",""
"","","","","","","","","","","","","","","","","","","",""
"","","","","","","","","","","","","","","","","","","",""
"","","","","","","","","","","","","","","","","","","",""
"","","","","","","","","","","","","","","","","","","",""
"","","","","","","","","","","","","","","","","","","",""
"","","","","","","","","","","","","","","","","","","",""
"","","","","","","","","","","","","","","","","","","",""
"","","","","","","","","","","","","","","","","","","",""
"","","","","","","","","","","","","","","","","","","",""
"","","","","","","","","","","","","","","","","","","",""
"","","","","","","","","","","","","","","","","","","",""
"","","","","","","","","","","","","","","","","","","",""
"","","","","","","","","","","","","","","","","","","",""
"","","","","","","","","","","","","","","","","","","",""
"","","","","","","","","","","","","","","","","","","",""
"","","","","","","","","","","","","","","","","","","",""
"","","","","","","","","","","","","","","","","","","",""
"","","","","","","","","","","","","","","","","","","",""
"","","","","","","","","","","","","","","","","","","",""
"","","","","","","","","","","","","","","","","","","",""
"","","","","","","","","","","","","","","","","","","",""
"","","","","","","","","","","","","","","","","","","",""
"","","","","","","","","","","","","","","","","","","",""
"","","","","","","","","","","","","","","","","","","",""
"","","","","","","","","","","","","","","","","","","",""
"","","","","","","","","","","","","","","","","","","",""
"","","","","","","","","","","","","","","","","","","",""
"","","","","","","","","","","","","","","","","","","",""
"","","","","","","","","","","","","","","","","","","",""
"","","","","","","","","","","","","","","","","","","",""
"","","","","","","","","","","","","","","","","","","",""
"","","","","","","","","","","","","","","","","","","",""
"","","","","","","","","","","","","","","","","","","",""
"","","","","","","","","","","","","","","","","","","",""
"","","","","","","","","","","","","","","","","","","",""
"","","","","","","","","","","","","","","","","","","",""
"","","","","","","","","","","","","","","","","","","",""
"","","","","","","","","","","","","","","","","","","",""
"","","","","","","","","","","","","","","","","","","",""
"","","","","","","","","","","","","","","","","","","",""
"","","","","","","","","","","","","","","","","","","",""
"","","","","","","","","","","","","","","","","","","",""
"","","","","","","","","","","","","","","","","","","",""
"","","","","","","","","","","","","","","","","","","",""
"","","","","","","","","","","","","","","","","","","",""
"","","","","","","","","","","","","","","","","","","",""
"","","","","","","","","","","","","","","","","","","",""
"","","","","","","","","","","","","","","","","","","",""
"","","","","","","","","","","","","","","","","","","",""
"","","","","","","","","","","","","","","","","","","",""
"","","","","","","","","","","","","","","","","","","",""
"","","","","","","","","","","","","","","","","","","",""
"","","","","","","","","","","","","","","","","","","",""
"","","","","","","","","","","","","","","","","","","",""
"","","","","","","","","","","","","","","","","","","",""
"","","","","","","","","","","","","","","","","","","",""
"","","","","","","","","","","","","","","","","","","",""
"","","","","","","","","","","","","","","","","","","",""
"","","","","","","","","","","","","","","","","","","",""
"","","","","","","","","","","","","","","","","","","",""
"","","","","","","","","","","","","","","","","","","",""
"","","","","","","","","","","","","","","","","","","",""
"","","","","","","","","","","","","","","","","","","",""
"","","","","","","","","","","","","","","","","","","",""
"","","","","","","","","","","","","","","","","","","",""
"","","","","","","","","","","","","","","","","","","",""
"","","","","","","","","","","","","","","","","","","",""
"","","","","","","","","","","","","","","","","","","",""
"","","","","","","","","","","","","","","","","","","",""
"","","","","","","","","","","","","","","","","","","",""
"","","","","","","","","","","","","","","","","","","",""
"","","","","","","","","","","","","","","","","","","",""
"","","","","","","","","","","","","","","","","","","",""
"","","","","","","","","","","","","","","","","","","",""
"","","","","","","","","","","","","","","","","","","",""
"","","","","","","","","","","","","","","","","","","",""
"","","","","","","","","","","","","","","","","","","",""
"","","","","","","","","","","","","","","","","","","",""
"","","","","","","","","","","","","","","","","","","",""
"","","","","","","","","","","","","","","","","","","",""
"","","","","","","","","","","","","","","","","","","",""
"","","","","","","","","","","","","","","","","","","",""
"","","","","","","","","","","","","","","","","","","",""
"","","","","","","","","","","","","","","","","","","",""
"","","","","","","","","","","","","","","","","","","",""
"","","","","","","","","","","","","","","","","","","",""
"","","","","","","","","","","","","","","","","","","",""
"","","","","","","","","","","","","","","","","","","",""
"","","","","","","","","","","","","","","","","","","",""
"","","","","","","","","","","","","","","","","","","",""
"","","","","","","","","","","","","","","","","","","",""
"","","","","","","","","","","","","","","","","","","",""
"","","","","","","","","","","","","","","","","","","",""
"","","","","","","","","","","","","","","","","","","",""
"","","","","","","","","","","","","","","","","","","",""
"","","","","","","","","","","","","","","","","","","",""
"","","","","","","","","","","","","","","","","","","",""
"","","","","","","","","","","","","","","","","","","",""
"","","","","","","","","","","","","","","","","","","",""
"","","","","","","","","","","","","","","","","","","",""
"","","","","","","","","","","","","","","","","","","",""
"","","","","","","","","","","","","","","","","","","",""
"","","","","","","","","","","","","","","","","","","",""
"","","","","","","","","","","","","","","","","","","",""
"","","","","","","","","","","","","","","","","","","",""
"","","","","","","","","","","","","","","","","","","",""
"","","","","","","","","","","","","","","","","","","",""
"","","","","","","","","","","","","","","","","","","",""
"","","","","","","","","","","","","","","","","","","",""
"","","","","","","","","","","","","","","","","","","",""
"","","","","","","","","","","","","","","","","","","",""
"","","","","","","","","","","","","","","","","","","",""
"","","","","","","","","","","","","","","","","","","",""
"","","","","","","","","","","","","","","","","","","",""
"","","","","","","","","","","","","","","","","","","",""
"","","","","","","","","","","","","","","","","","","",""
"","","","","","","","","","","","","","","","","","","",""
"","","","","","","","","","","","","","","","","","","",""
"","","","","","","","","","","","","","","","","","","",""
"","","","","","","","","","","","","","","","","","","",""
"","","","","","","","","","","","","","","","","","","",""
"","","","","","","","","","","","","","","","","","","",""
"","","","","","","","","","","","","","","","","","","",""
"","","","","","","","","","","","","","","","","","","",""
"","","","","","","","","","","","","","","","","","","",""
"","","","","","","","","","","","","","","","","","","",""
"","","","","","","","","","","","","","","","","","","",""
"","","","","","","","","","","","","","","","","","","",""
"","","","","","","","","","","","","","","","","","","",""
"","","","","","","","","","","","","","","","","","","",""
"","","","","","","","","","","","","","","","","","","",""
"","","","","","","","","","","","","","","","","","","",""
"","","","","","","","","","","","","","","","","","","",""
"","","","","","","","","","","","","","","","","","","",""
"","","","","","","","","","","","","","","","","","","",""
"","","","","","","","","","","","","","","","","","","",""
"","","","","","","","","","","","","","","","","","","",""
"","","","","","","","","","","","","","","","","","","",""
"","","","","","","","","","","","","","","","","","","",""
"","","","","","","","","","","","","","","","","","","",""
"","","","","","","","","","","","","","","","","","","",""
"","","","","","","","","","","","","","","","","","","",""
"","","","","","","","","","","","","","","","","","","",""
"","","","","","","","","","","","","","","","","","","",""
"","","","","","","","","","","","","","","","","","","",""
"","","","","","","","","","","","","","","","","","","",""
"","","","","","","","","","","","","","","","","","","",""
"","","","","","","","","","","","","","","","","","","",""
"","","","","","","","","","","","","","","","","","","",""
"","","","","","","","","","","","","","","","","","","",""
"","","","","","","","","","","","","","","","","","","",""
"","","","","","","","","","","","","","","","","","","",""
"","","","","","","","","","","","","","","","","","","",""
"","","","","","","","","","","","","","","","","","","",""
"","","","","","","","","","","","","","","","","","","",""
"","","","","","","","","","","","","","","","","","","",""
"","","","","","","","","","","","","","","","","","","",""
"","","","","","","","","","","","","","","","","","","",""
"","","","","","","","","","","","","","","","","","","",""
"","","","","","","","","","","","","","","","","","","",""
"","","","","","","","","","","","","","","","","","","",""
"","","","","","","","","","","","","","","","","","","",""
"","","","","","","","","","","","","","","","","","","",""
"","","","","","","","","","","","","","","","","","","",""
"","","","","","","","","","","","","","","","","","","",""
"","","","","","","","","","","","","","","","","","","",""
"","","","","","","","","","","","","","","","","","","",""
"","","","","","","","","","","","","","","","","","","",""
"","","","","","","","","","","","","","","","","","","",""
"","","","","","","","","","","","","","","","","","","",""
"","","","","","","","","","","","","","","","","","","",""
"","","","","","","","","","","","","","","","","","","",""
"","","","","","","","","","","","","","","","","","","",""
"","","","","","","","","","","","","","","","","","","",""
"","","","","","","","","","","","","","","","","","","",""
"","","","","","","","","","","","","","","","","","","",""
"","","","","","","","","","","","","","","","","","","",""
"","","","","","","","","","","","","","","","","","","",""
